ISO-10303-21;
HEADER;
FILE_DESCRIPTION (( 'STEP AP214' ),
    '1' );
FILE_NAME ('41AFF7DA-E61A-4B43-896F-A7A0BE89A7F1.STEP',
    '2026-09-13T21:51:55',
    ( '' ),
    ( '' ),
    'SwSTEP 2.0',
    'SolidWorks 2022',
    '' );
FILE_SCHEMA (( 'AUTOMOTIVE_DESIGN' ));
ENDSEC;

DATA;
#1 = EDGE_CURVE ( 'NONE', #1404, #751, #2094, .T. ) ;
#2 = ORIENTED_EDGE ( 'NONE', *, *, #659, .F. ) ;
#3 = PRESENTATION_STYLE_ASSIGNMENT (( #198 ) ) ;
#4 = CARTESIAN_POINT ( 'NONE',  ( 0.9278723025735414742, -0.4904895933918422823, 0.0000000000000000000 ) ) ;
#5 = ORIENTED_EDGE ( 'NONE', *, *, #2142, .T. ) ;
#6 = CARTESIAN_POINT ( 'NONE',  ( 0.8991662969499979452, -0.4000000000000000222, 0.5857142857142859649 ) ) ;
#7 = ORIENTED_EDGE ( 'NONE', *, *, #1953, .F. ) ;
#8 = CARTESIAN_POINT ( 'NONE',  ( 0.9800000000000010925, -0.2499999999999990286, 0.02000000000000000042 ) ) ;
#9 = CARTESIAN_POINT ( 'NONE',  ( -0.8816784043380071489, -0.5799999999999999600, 0.0000000000000000000 ) ) ;
#10 = CARTESIAN_POINT ( 'NONE',  ( -0.4000000000000000222, 0.2800000000000000266, 0.1000000000000000472 ) ) ;
#11 = CARTESIAN_POINT ( 'NONE',  ( 1.000942463843314423, -0.5000044412891049284, 0.008284271247461673718 ) ) ;
#12 = LINE ( 'NONE', #548, #1472 ) ;
#13 = ADVANCED_FACE ( 'NONE', ( #731 ), #2080, .T. ) ;
#14 = VERTEX_POINT ( 'NONE', #49 ) ;
#15 = FACE_OUTER_BOUND ( 'NONE', #1283, .T. ) ;
#16 = ORIENTED_EDGE ( 'NONE', *, *, #157, .T. ) ;
#17 = SURFACE_STYLE_USAGE ( .BOTH. , #595 ) ;
#18 = ORIENTED_EDGE ( 'NONE', *, *, #205, .T. ) ;
#19 = CARTESIAN_POINT ( 'NONE',  ( 0.8800000000000000044, 0.0000000000000000000, 0.5999999999999999778 ) ) ;
#20 = PRESENTATION_LAYER_ASSIGNMENT (  '', '', ( #1348 ) ) ;
#21 = CARTESIAN_POINT ( 'NONE',  ( -0.9799999999999999822, 0.4816784043380072378, 0.0000000000000000000 ) ) ;
#22 = VECTOR ( 'NONE', #1395, 1000.000000000000000 ) ;
#23 = DIRECTION ( 'NONE',  ( -0.7071067811865474617, 0.7071067811865474617, 0.0000000000000000000 ) ) ;
#24 = COLOUR_RGB ( '',0.9490196078431372140, 0.7960784313725489669, 0.4862745098039215619 ) ;
#25 = CARTESIAN_POINT ( 'NONE',  ( -0.4000000000000000222, 0.2800000000000000266, 0.1000000000000000056 ) ) ;
#26 = EDGE_LOOP ( 'NONE', ( #1369, #314, #606, #948, #2578 ) ) ;
#27 =( NAMED_UNIT ( * ) SI_UNIT ( $, .STERADIAN. ) SOLID_ANGLE_UNIT ( ) );
#28 = ORIENTED_EDGE ( 'NONE', *, *, #46, .T. ) ;
#29 = EDGE_CURVE ( 'NONE', #369, #173, #834, .T. ) ;
#30 = DIRECTION ( 'NONE',  ( 0.0000000000000000000, 0.0000000000000000000, 1.000000000000000000 ) ) ;
#31 = CARTESIAN_POINT ( 'NONE',  ( 0.8338293806827600241, -0.5136183922132360191, 0.5581628751257230459 ) ) ;
#32 = MECHANICAL_DESIGN_GEOMETRIC_PRESENTATION_REPRESENTATION (  '', ( #328 ), #362 ) ;
#33 = VERTEX_POINT ( 'NONE', #2448 ) ;
#34 = CARTESIAN_POINT ( 'NONE',  ( 1.000000000000000444, -0.5000000000000000000, 0.02000000000000000042 ) ) ;
#35 = CARTESIAN_POINT ( 'NONE',  ( 0.8793299378428812707, -0.5297872833061061382, 0.5500000000000001554 ) ) ;
#36 = AXIS2_PLACEMENT_3D ( 'NONE', #871, #900, #525 ) ;
#37 = LINE ( 'NONE', #1834, #1115 ) ;
#38 = PRESENTATION_STYLE_ASSIGNMENT (( #999 ) ) ;
#39 = AXIS2_PLACEMENT_3D ( 'NONE', #1968, #1387, #1429 ) ;
#40 = CARTESIAN_POINT ( 'NONE',  ( 0.8816784043380078151, -0.5800000000000008482, 0.5500000000000001554 ) ) ;
#41 = VERTEX_POINT ( 'NONE', #2290 ) ;
#42 = CARTESIAN_POINT ( 'NONE',  ( -0.9799999999999999822, 0.2500000000000000000, 0.02000000000000000042 ) ) ;
#43 = DIRECTION ( 'NONE',  ( -0.0000000000000000000, 1.000000000000000000, 0.0000000000000000000 ) ) ;
#44 = CARTESIAN_POINT ( 'NONE',  ( 0.9999999999999995559, 0.5000000000000000000, 0.02000000000000000042 ) ) ;
#45 = ADVANCED_FACE ( 'NONE', ( #2274 ), #1132, .T. ) ;
#46 = EDGE_CURVE ( 'NONE', #369, #2173, #1031, .T. ) ;
#47 = ORIENTED_EDGE ( 'NONE', *, *, #1235, .T. ) ;
#48 = CARTESIAN_POINT ( 'NONE',  ( 0.0000000000000000000, 0.4800000000000000377, 0.5999999999999999778 ) ) ;
#49 = CARTESIAN_POINT ( 'NONE',  ( -0.3999999999999999667, 0.2800000000000000822, 0.1000000000000000056 ) ) ;
#50 = PLANE ( 'NONE',  #1233 ) ;
#51 = CARTESIAN_POINT ( 'NONE',  ( 0.8994440718121573530, -0.5414871761636543823, 0.02000000000000000042 ) ) ;
#52 = ORIENTED_EDGE ( 'NONE', *, *, #1455, .T. ) ;
#53 =( NAMED_UNIT ( * ) SI_UNIT ( $, .STERADIAN. ) SOLID_ANGLE_UNIT ( ) );
#54 = ORIENTED_EDGE ( 'NONE', *, *, #125, .T. ) ;
#55 = FILL_AREA_STYLE_COLOUR ( '', #930 ) ;
#56 = CARTESIAN_POINT ( 'NONE',  ( 1.387778780781450113E-16, -4.163336342344340478E-16, 0.0000000000000000000 ) ) ;
#57 = EDGE_CURVE ( 'NONE', #1469, #1263, #1713, .T. ) ;
#58 = VECTOR ( 'NONE', #1625, 1000.000000000000000 ) ;
#59 = DIRECTION ( 'NONE',  ( 0.0000000000000000000, 0.0000000000000000000, 1.000000000000000000 ) ) ;
#60 =( NAMED_UNIT ( * ) PLANE_ANGLE_UNIT ( ) SI_UNIT ( $, .RADIAN. ) );
#61 = VECTOR ( 'NONE', #527, 1000.000000000000000 ) ;
#62 = PRESENTATION_LAYER_ASSIGNMENT (  '', '', ( #926 ) ) ;
#63 = ORIENTED_EDGE ( 'NONE', *, *, #1301, .F. ) ;
#64 =( BOUNDED_SURFACE ( )  B_SPLINE_SURFACE ( 3, 3, ( 
 ( #2443, #268, #281, #2251 ),
 ( #430, #843, #672, #624 ),
 ( #468, #444, #457, #1262 ),
 ( #2418, #1239, #2015, #1857 ) ),
 .UNSPECIFIED., .F., .F., .T. ) 
 B_SPLINE_SURFACE_WITH_KNOTS ( ( 4, 4 ),
 ( 4, 4 ),
 ( 0.0000000000000000000, 1.000000000000000000 ),
 ( 0.0000000000000000000, 1.000000000000000000 ),
 .UNSPECIFIED. ) 
 GEOMETRIC_REPRESENTATION_ITEM ( )  RATIONAL_B_SPLINE_SURFACE ( (
 ( 1.000000000000000000, 0.8002741005225374460, 0.8002741005225374460, 1.000000000000000000),
 ( 0.8047378541243701555, 0.6440108623658172826, 0.6440108623658172826, 0.8047378541243701555),
 ( 0.8047378541243701555, 0.6440108623658172826, 0.6440108623658172826, 0.8047378541243701555),
 ( 1.000000000000000000, 0.8002741005225374460, 0.8002741005225374460, 1.000000000000000000) ) ) 
 REPRESENTATION_ITEM ( '' )  SURFACE ( )  );
#65 = FILL_AREA_STYLE_COLOUR ( '', #1360 ) ;
#66 = CARTESIAN_POINT ( 'NONE',  ( 0.8000000000000000444, 0.4991662969499982005, 0.5857142857142858539 ) ) ;
#67 = DIRECTION ( 'NONE',  ( 0.0000000000000000000, 0.0000000000000000000, -1.000000000000000000 ) ) ;
#68 = B_SPLINE_CURVE_WITH_KNOTS ( 'NONE', 3,
 ( #500, #2022, #2424, #2195 ),
 .UNSPECIFIED., .F., .F.,
 ( 4, 4 ),
 ( 0.0000000000000000000, 1.000000000000000000 ),
 .UNSPECIFIED. ) ;
#69 = DIRECTION ( 'NONE',  ( 0.0000000000000000000, 0.0000000000000000000, 1.000000000000000000 ) ) ;
#70 = ORIENTED_EDGE ( 'NONE', *, *, #674, .F. ) ;
#71 = FACE_OUTER_BOUND ( 'NONE', #1004, .T. ) ;
#72 = VECTOR ( 'NONE', #1992, 1000.000000000000000 ) ;
#73 = PRESENTATION_LAYER_ASSIGNMENT (  '', '', ( #328 ) ) ;
#74 = SURFACE_STYLE_USAGE ( .BOTH. , #473 ) ;
#75 = DIRECTION ( 'NONE',  ( -1.084202172485501594E-14, -1.000000000000000000, 0.0000000000000000000 ) ) ;
#76 = EDGE_CURVE ( 'NONE', #2086, #1846, #1501, .T. ) ;
#77 = B_SPLINE_CURVE_WITH_KNOTS ( 'NONE', 3,
 ( #40, #465, #279, #1060 ),
 .UNSPECIFIED., .F., .F.,
 ( 4, 4 ),
 ( 0.0000000000000000000, 1.000000000000000000 ),
 .UNSPECIFIED. ) ;
#78 = VECTOR ( 'NONE', #2547, 1000.000000000000000 ) ;
#79 = CARTESIAN_POINT ( 'NONE',  ( -0.8000000000000000444, -0.5136183922132360191, 0.5581628751257230459 ) ) ;
#80 = CARTESIAN_POINT ( 'NONE',  ( 1.387778780781450113E-16, -0.4800000000000000377, 0.0000000000000000000 ) ) ;
#81 = EDGE_LOOP ( 'NONE', ( #2408, #2367, #852, #2478 ) ) ;
#82 = CARTESIAN_POINT ( 'NONE',  ( 0.4000000000000000222, 0.4800000000000000377, 0.0000000000000000000 ) ) ;
#83 = CARTESIAN_POINT ( 'NONE',  ( 0.4000000000000000222, 0.4991662969499981450, 0.5857142857142859649 ) ) ;
#84 =( NAMED_UNIT ( * ) SI_UNIT ( $, .STERADIAN. ) SOLID_ANGLE_UNIT ( ) );
#85 = ORIENTED_EDGE ( 'NONE', *, *, #2207, .T. ) ;
#86 = CARTESIAN_POINT ( 'NONE',  ( 0.8891814683630143712, -0.4522412946547070267, 0.5999999999999999778 ) ) ;
#87 = EDGE_LOOP ( 'NONE', ( #1295, #2419, #1881, #575 ) ) ;
#88 = CARTESIAN_POINT ( 'NONE',  ( 1.000000000000000000, -0.5000000000000000000, 0.0000000000000000000 ) ) ;
#89 = ORIENTED_EDGE ( 'NONE', *, *, #2352, .T. ) ;
#90 = CARTESIAN_POINT ( 'NONE',  ( 0.8468629150101517622, 0.4799999999999994826, 0.6000000000000000888 ) ) ;
#91 = CARTESIAN_POINT ( 'NONE',  ( -0.9348816143215760155, -0.4000000000000000222, 0.5500000000000000444 ) ) ;
#92 = ORIENTED_EDGE ( 'NONE', *, *, #787, .F. ) ;
#93 = CARTESIAN_POINT ( 'NONE',  ( -0.8799999999999994493, 0.4468629150101520175, 0.6000000000000000888 ) ) ;
#94 = ORIENTED_EDGE ( 'NONE', *, *, #1604, .F. ) ;
#95 = CARTESIAN_POINT ( 'NONE',  ( 0.7999999999999989342, -0.4991662969499981450, 0.5857142857142858539 ) ) ;
#96 =( NAMED_UNIT ( * ) PLANE_ANGLE_UNIT ( ) SI_UNIT ( $, .RADIAN. ) );
#97 = EDGE_LOOP ( 'NONE', ( #406, #2470, #1085, #2267 ) ) ;
#98 =( NAMED_UNIT ( * ) SI_UNIT ( $, .STERADIAN. ) SOLID_ANGLE_UNIT ( ) );
#99 = ORIENTED_EDGE ( 'NONE', *, *, #2465, .T. ) ;
#100 =( NAMED_UNIT ( * ) PLANE_ANGLE_UNIT ( ) SI_UNIT ( $, .RADIAN. ) );
#101 = FACE_OUTER_BOUND ( 'NONE', #2527, .T. ) ;
#102 = DIRECTION ( 'NONE',  ( 0.0000000000000000000, -1.000000000000000000, -0.0000000000000000000 ) ) ;
#103 = CARTESIAN_POINT ( 'NONE',  ( -1.000000000000000000, 0.5000000000000000000, 0.5300000000000001377 ) ) ;
#104 = CARTESIAN_POINT ( 'NONE',  ( -0.8965430202748499999, 0.3999999999999999112, 0.5945130231684131461 ) ) ;
#105 = UNCERTAINTY_MEASURE_WITH_UNIT (LENGTH_MEASURE( 1.000000000000000082E-05 ), #2472, 'distance_accuracy_value', 'NONE');
#106 = CARTESIAN_POINT ( 'NONE',  ( -0.5999999999999999778, 0.4799999999999999822, 0.1000000000000000194 ) ) ;
#107 = MECHANICAL_DESIGN_GEOMETRIC_PRESENTATION_REPRESENTATION (  '', ( #926 ), #2227 ) ;
#108 = ADVANCED_FACE ( 'NONE', ( #2246 ), #1413, .T. ) ;
#109 = ORIENTED_EDGE ( 'NONE', *, *, #157, .F. ) ;
#110 = LINE ( 'NONE', #902, #1508 ) ;
#111 = LINE ( 'NONE', #1307, #1357 ) ;
#112 = EDGE_CURVE ( 'NONE', #2391, #670, #2110, .T. ) ;
#113 = VECTOR ( 'NONE', #255, 1000.000000000000000 ) ;
#114 = VECTOR ( 'NONE', #817, 1000.000000000000114 ) ;
#115 = DIRECTION ( 'NONE',  ( 0.7071067811865475727, 0.7071067811865475727, 0.0000000000000000000 ) ) ;
#116 = DIRECTION ( 'NONE',  ( 0.0000000000000000000, 1.000000000000000000, 0.0000000000000000000 ) ) ;
#117 = CARTESIAN_POINT ( 'NONE',  ( -0.8327985529497839989, -0.5470820393249941072, 0.5500000000000000444 ) ) ;
#118 = SURFACE_STYLE_FILL_AREA ( #1098 ) ;
#119 = SURFACE_SIDE_STYLE ('',( #2308 ) ) ;
#120 = DIRECTION ( 'NONE',  ( -1.000000000000000000, -0.0000000000000000000, -0.0000000000000000000 ) ) ;
#121 = ADVANCED_FACE ( 'NONE', ( #2097 ), #2331, .F. ) ;
#122 =( NAMED_UNIT ( * ) PLANE_ANGLE_UNIT ( ) SI_UNIT ( $, .RADIAN. ) );
#123 = VERTEX_POINT ( 'NONE', #554 ) ;
#124 = CARTESIAN_POINT ( 'NONE',  ( -0.8991662969499972791, -0.4580902718229908355, 0.5857142857142857428 ) ) ;
#125 = EDGE_CURVE ( 'NONE', #2550, #2309, #164, .T. ) ;
#126 = SURFACE_STYLE_FILL_AREA ( #1672 ) ;
#127 = DIRECTION ( 'NONE',  ( 1.000000000000000000, -1.445602896647339903E-16, 0.0000000000000000000 ) ) ;
#128 = CARTESIAN_POINT ( 'NONE',  ( -0.9290546130917340939, 0.4902897464388701332, 0.5500000000000000444 ) ) ;
#129 = CARTESIAN_POINT ( 'NONE',  ( -0.5999999999999999778, 0.4800000000000000377, 0.1000000000000000056 ) ) ;
#130 = CARTESIAN_POINT ( 'NONE',  ( 0.9470820393249930191, 0.4437771853039390590, 0.5500000000000000444 ) ) ;
#131 = CARTESIAN_POINT ( 'NONE',  ( -0.8799999999999994493, 0.3999999999999999667, 0.6000000000000000888 ) ) ;
#132 = CARTESIAN_POINT ( 'NONE',  ( 0.4000000000000000222, -0.4800000000000000933, 0.0000000000000000000 ) ) ;
#133 = CARTESIAN_POINT ( 'NONE',  ( -0.8911137459656728321, 0.5366398151225021396, -4.117408507238872699E-16 ) ) ;
#134 = EDGE_LOOP ( 'NONE', ( #1578, #2062, #2232, #1198 ) ) ;
#135 = DIRECTION ( 'NONE',  ( 0.0000000000000000000, 1.000000000000000000, -0.0000000000000000000 ) ) ;
#136 = EDGE_LOOP ( 'NONE', ( #47, #2117, #1297, #1019 ) ) ;
#137 = CARTESIAN_POINT ( 'NONE',  ( 0.8994440718121571310, 0.5414871761636547154, 0.5417157287525380394 ) ) ;
#138 = VERTEX_POINT ( 'NONE', #1789 ) ;
#139 = SURFACE_STYLE_FILL_AREA ( #1298 ) ;
#140 =( NAMED_UNIT ( * ) PLANE_ANGLE_UNIT ( ) SI_UNIT ( $, .RADIAN. ) );
#141 = B_SPLINE_CURVE_WITH_KNOTS ( 'NONE', 3,
 ( #1407, #789, #1587, #1388, #957, #949 ),
 .UNSPECIFIED., .F., .F.,
 ( 4, 2, 4 ),
 ( 0.0000000000000000000, 0.5000000000000000000, 1.000000000000000000 ),
 .UNSPECIFIED. ) ;
#142 = SURFACE_STYLE_FILL_AREA ( #535 ) ;
#143 = ORIENTED_EDGE ( 'NONE', *, *, #819, .T. ) ;
#144 = COLOUR_RGB ( '',0.9490196078431372140, 0.7960784313725489669, 0.4862745098039215619 ) ;
#145 = CARTESIAN_POINT ( 'NONE',  ( 0.8800000000000010036, -0.4800000000000000377, 0.1000000000000000056 ) ) ;
#146 = STYLED_ITEM ( 'NONE', ( #757 ), #272 ) ;
#147 = CARTESIAN_POINT ( 'NONE',  ( -0.9799999999999999822, 0.4816784043380079594, 0.5500000000000001554 ) ) ;
#148 = VERTEX_POINT ( 'NONE', #599 ) ;
#149 = SURFACE_SIDE_STYLE ('',( #1699 ) ) ;
#150 = CARTESIAN_POINT ( 'NONE',  ( 0.8401450654655000516, -0.5348816143215759933, 0.5500000000000000444 ) ) ;
#151 = STYLED_ITEM ( 'NONE', ( #1651 ), #1076 ) ;
#152 = ORIENTED_EDGE ( 'NONE', *, *, #387, .T. ) ;
#153 = FACE_OUTER_BOUND ( 'NONE', #1666, .T. ) ;
#154 = FACE_OUTER_BOUND ( 'NONE', #2451, .T. ) ;
#155 = STYLED_ITEM ( 'NONE', ( #3 ), #2334 ) ;
#156 = PRESENTATION_LAYER_ASSIGNMENT (  '', '', ( #242 ) ) ;
#157 = EDGE_CURVE ( 'NONE', #973, #2332, #229, .T. ) ;
#158 = AXIS2_PLACEMENT_3D ( 'NONE', #640, #1609, #311 ) ;
#159 = CARTESIAN_POINT ( 'NONE',  ( -0.7999999999999990452, 0.5026521326652599875, 0.5740224372877019698 ) ) ;
#160 = EDGE_CURVE ( 'NONE', #2332, #2391, #779, .T. ) ;
#161 = VECTOR ( 'NONE', #308, 1000.000000000000000 ) ;
#162 = DIRECTION ( 'NONE',  ( 0.7071067811865474617, -0.7071067811865475727, 0.0000000000000000000 ) ) ;
#163 = EDGE_LOOP ( 'NONE', ( #459, #1488, #1394, #1207, #209, #1788, #582, #2415 ) ) ;
#164 = LINE ( 'NONE', #951, #966 ) ;
#165 = CARTESIAN_POINT ( 'NONE',  ( -0.8799999999999995604, -0.4000000000000000222, 0.6000000000000000888 ) ) ;
#166 =( BOUNDED_CURVE ( )  B_SPLINE_CURVE ( 3, ( #2211, #2239, #850, #1047 ),
 .UNSPECIFIED., .F., .T. ) 
 B_SPLINE_CURVE_WITH_KNOTS ( ( 4, 4 ),
 ( 0.0000000000000000000, 1.000000000000000000 ),
 .UNSPECIFIED. ) 
 CURVE ( )  GEOMETRIC_REPRESENTATION_ITEM ( )  RATIONAL_B_SPLINE_CURVE ( ( 1.000000000000000000, 0.8767118793174364377, 0.8767118793174364377, 1.000000000000000000 ) ) 
 REPRESENTATION_ITEM ( '' )  );
#167 = CARTESIAN_POINT ( 'NONE',  ( -0.8904895933918425266, 0.5278723025735412300, 0.0000000000000000000 ) ) ;
#168 = SURFACE_SIDE_STYLE ('',( #2198 ) ) ;
#169 = ORIENTED_EDGE ( 'NONE', *, *, #1546, .F. ) ;
#170 = CARTESIAN_POINT ( 'NONE',  ( 1.387778780781450113E-16, -0.5799999999999999600, 0.5500000000000000444 ) ) ;
#171 = PLANE ( 'NONE',  #1384 ) ;
#172 = CARTESIAN_POINT ( 'NONE',  ( 0.9017806737364441050, -0.4226927979841489935, 0.5769453993943479686 ) ) ;
#173 = VERTEX_POINT ( 'NONE', #34 ) ;
#174 = CARTESIAN_POINT ( 'NONE',  ( -0.8436239586909001220, 0.4800000000000000377, 0.5999999999999999778 ) ) ;
#175 = CARTESIAN_POINT ( 'NONE',  ( 0.8902897464388687121, 0.5290546130917426204, 0.5500000000000000444 ) ) ;
#176 = SURFACE_SIDE_STYLE ('',( #1733 ) ) ;
#177 = CARTESIAN_POINT ( 'NONE',  ( 0.4000000000000000222, 0.4800000000000000377, 0.0000000000000000000 ) ) ;
#178 = VERTEX_POINT ( 'NONE', #794 ) ;
#179 = CARTESIAN_POINT ( 'NONE',  ( -0.9414871761636548486, 0.4994440718121569978, 0.008284271247461571369 ) ) ;
#180 = CARTESIAN_POINT ( 'NONE',  ( 0.8580902718229909132, 0.4991662969499977009, 0.5857142857142857428 ) ) ;
#181 = ORIENTED_EDGE ( 'NONE', *, *, #374, .T. ) ;
#182 = CARTESIAN_POINT ( 'NONE',  ( 0.9895597036536788460, 0.4897578285548728760, 0.5499999999999999334 ) ) ;
#183 = EDGE_CURVE ( 'NONE', #2225, #480, #1776, .T. ) ;
#184 = VECTOR ( 'NONE', #2076, 1000.000000000000000 ) ;
#185 = ORIENTED_EDGE ( 'NONE', *, *, #1497, .T. ) ;
#186 = VECTOR ( 'NONE', #613, 1000.000000000000000 ) ;
#187 = SURFACE_STYLE_FILL_AREA ( #807 ) ;
#188 = CARTESIAN_POINT ( 'NONE',  ( 0.8994416148690682622, -0.5414894027550887223, 0.5417157287525383724 ) ) ;
#189 = ADVANCED_FACE ( 'NONE', ( #420 ), #1579, .F. ) ;
#190 = FACE_OUTER_BOUND ( 'NONE', #1460, .T. ) ;
#191 = CIRCLE ( 'NONE', #2178, 0.1000000000000000472 ) ;
#192 =( NAMED_UNIT ( * ) PLANE_ANGLE_UNIT ( ) SI_UNIT ( $, .RADIAN. ) );
#193 = CARTESIAN_POINT ( 'NONE',  ( 0.9470820393249930191, -0.4000000000000000222, 0.5499999999999999334 ) ) ;
#194 = CARTESIAN_POINT ( 'NONE',  ( -0.9136183922132361523, -0.4000000000000000222, 0.5581628751257230459 ) ) ;
#195 = AXIS2_PLACEMENT_3D ( 'NONE', #466, #2055, #1853 ) ;
#196 = ORIENTED_EDGE ( 'NONE', *, *, #782, .F. ) ;
#197 = MECHANICAL_DESIGN_GEOMETRIC_PRESENTATION_REPRESENTATION (  '', ( #1931 ), #2189 ) ;
#198 = SURFACE_STYLE_USAGE ( .BOTH. , #1983 ) ;
#199 = EDGE_LOOP ( 'NONE', ( #2030, #741, #181, #2374 ) ) ;
#200 = LINE ( 'NONE', #2390, #2019 ) ;
#201 = VECTOR ( 'NONE', #1905, 1000.000000000000000 ) ;
#202 = ADVANCED_FACE ( 'NONE', ( #2165 ), #2205, .T. ) ;
#203 = ORIENTED_EDGE ( 'NONE', *, *, #1367, .F. ) ;
#204 = CARTESIAN_POINT ( 'NONE',  ( -0.8800000000000000044, 0.0000000000000000000, 0.5999999999999999778 ) ) ;
#205 = EDGE_CURVE ( 'NONE', #394, #2057, #2005, .T. ) ;
#206 = CARTESIAN_POINT ( 'NONE',  ( 0.8991662969499979452, -0.4000000000000000222, 0.5857142857142858539 ) ) ;
#207 = LINE ( 'NONE', #2040, #566 ) ;
#208 = CARTESIAN_POINT ( 'NONE',  ( -0.8229008874783140248, 0.5026521326652599875, 0.5740224372877019698 ) ) ;
#209 = ORIENTED_EDGE ( 'NONE', *, *, #919, .T. ) ;
#210 = SURFACE_STYLE_FILL_AREA ( #1772 ) ;
#211 = ORIENTED_EDGE ( 'NONE', *, *, #2437, .T. ) ;
#212 =( NAMED_UNIT ( * ) PLANE_ANGLE_UNIT ( ) SI_UNIT ( $, .RADIAN. ) );
#213 = VERTEX_POINT ( 'NONE', #1592 ) ;
#214 = CARTESIAN_POINT ( 'NONE',  ( -0.8991662969499981672, 0.2000000000000000111, 0.5857142857142859649 ) ) ;
#215 = PRESENTATION_STYLE_ASSIGNMENT (( #1580 ) ) ;
#216 = DIRECTION ( 'NONE',  ( -0.0000000000000000000, -1.000000000000000000, 0.0000000000000000000 ) ) ;
#217 = EDGE_CURVE ( 'NONE', #2190, #973, #303, .T. ) ;
#218 = CARTESIAN_POINT ( 'NONE',  ( -0.7999999999999999334, -0.4800000000000000377, 0.6000000000000000888 ) ) ;
#219 = ORIENTED_EDGE ( 'NONE', *, *, #907, .F. ) ;
#220 = SURFACE_STYLE_USAGE ( .BOTH. , #454 ) ;
#221 = ORIENTED_EDGE ( 'NONE', *, *, #1267, .T. ) ;
#222 = LINE ( 'NONE', #1634, #678 ) ;
#223 = EDGE_LOOP ( 'NONE', ( #85, #724, #455, #597 ) ) ;
#224 = CARTESIAN_POINT ( 'NONE',  ( -1.001130956611977485, -0.4800053295469253745, 0.0000000000000000000 ) ) ;
#225 = B_SPLINE_CURVE_WITH_KNOTS ( 'NONE', 3,
 ( #1518, #2113, #513, #1334 ),
 .UNSPECIFIED., .F., .F.,
 ( 4, 4 ),
 ( 0.0000000000000000000, 1.000000000000000000 ),
 .UNSPECIFIED. ) ;
#226 = EDGE_LOOP ( 'NONE', ( #1080, #219, #1240, #1785 ) ) ;
#227 = PLANE ( 'NONE',  #831 ) ;
#228 = CARTESIAN_POINT ( 'NONE',  ( 1.000942488697218469, -0.5000044415233575457, 0.5417157287525382614 ) ) ;
#229 = CIRCLE ( 'NONE', #1664, 0.02000000000000005246 ) ;
#230 = CARTESIAN_POINT ( 'NONE',  ( 0.8800000000000010036, 6.938893903907229610E-17, 0.1000000000000000056 ) ) ;
#231 = SURFACE_SIDE_STYLE ('',( #1977 ) ) ;
#232 = VECTOR ( 'NONE', #1712, 1000.000000000000000 ) ;
#233 = EDGE_CURVE ( 'NONE', #2550, #1520, #2409, .T. ) ;
#234 = DIRECTION ( 'NONE',  ( -1.000000000000000000, -1.215122093091935437E-14, 0.0000000000000000000 ) ) ;
#235 = CARTESIAN_POINT ( 'NONE',  ( 0.9000044412891051726, -0.6009424638433141785, 0.01999999999999999695 ) ) ;
#236 = MECHANICAL_DESIGN_GEOMETRIC_PRESENTATION_REPRESENTATION (  '', ( #2524 ), #398 ) ;
#237 =( BOUNDED_CURVE ( )  B_SPLINE_CURVE ( 3, ( #1140, #952, #1732, #545 ),
 .UNSPECIFIED., .F., .T. ) 
 B_SPLINE_CURVE_WITH_KNOTS ( ( 4, 4 ),
 ( 0.0000000000000000000, 1.000000000000000000 ),
 .UNSPECIFIED. ) 
 CURVE ( )  GEOMETRIC_REPRESENTATION_ITEM ( )  RATIONAL_B_SPLINE_CURVE ( ( 1.000000000000000000, 0.8047378541243680461, 0.8047378541243680461, 1.000000000000000000 ) ) 
 REPRESENTATION_ITEM ( '' )  );
#238 = CARTESIAN_POINT ( 'NONE',  ( 0.8938928014460026938, 0.5944522695586774708, 1.310167782253806474E-16 ) ) ;
#239 = ORIENTED_EDGE ( 'NONE', *, *, #943, .T. ) ;
#240 = EDGE_CURVE ( 'NONE', #2379, #403, #997, .T. ) ;
#241 = LINE ( 'NONE', #2184, #686 ) ;
#242 = STYLED_ITEM ( 'NONE', ( #1378 ), #1441 ) ;
#243 = FACE_OUTER_BOUND ( 'NONE', #846, .T. ) ;
#244 = ORIENTED_EDGE ( 'NONE', *, *, #425, .F. ) ;
#245 = PRESENTATION_STYLE_ASSIGNMENT (( #1225 ) ) ;
#246 = MECHANICAL_DESIGN_GEOMETRIC_PRESENTATION_REPRESENTATION (  '', ( #2580 ), #2364 ) ;
#247 = ORIENTED_EDGE ( 'NONE', *, *, #1720, .F. ) ;
#248 =( LENGTH_UNIT ( ) NAMED_UNIT ( * ) SI_UNIT ( .MILLI., .METRE. ) );
#249 = PRESENTATION_LAYER_ASSIGNMENT (  '', '', ( #1193 ) ) ;
#250 =( NAMED_UNIT ( * ) SI_UNIT ( $, .STERADIAN. ) SOLID_ANGLE_UNIT ( ) );
#251 = AXIS2_PLACEMENT_3D ( 'NONE', #899, #1697, #2538 ) ;
#252 = CARTESIAN_POINT ( 'NONE',  ( -0.9366398151225021618, 0.4911137459656730875, 0.5499999999999999334 ) ) ;
#253 = DIRECTION ( 'NONE',  ( 1.000000000000000000, 0.0000000000000000000, -0.0000000000000000000 ) ) ;
#254 = EDGE_LOOP ( 'NONE', ( #2487, #495, #2441, #1039, #681, #543, #2586, #770 ) ) ;
#255 = DIRECTION ( 'NONE',  ( -1.000000000000000000, 3.854941057726240069E-16, 0.0000000000000000000 ) ) ;
#256 = CARTESIAN_POINT ( 'NONE',  ( 0.8800000000000010036, 0.4800000000000000377, 0.0000000000000000000 ) ) ;
#257 = CARTESIAN_POINT ( 'NONE',  ( -1.000942463843314201, -0.5000044412891050394, 0.008284271247461595655 ) ) ;
#258 = EDGE_CURVE ( 'NONE', #1588, #213, #1214, .T. ) ;
#259 = ORIENTED_EDGE ( 'NONE', *, *, #1832, .F. ) ;
#260 = FACE_OUTER_BOUND ( 'NONE', #667, .T. ) ;
#261 = CARTESIAN_POINT ( 'NONE',  ( 0.8965430202748512212, -0.4565535919245475305, 0.5945130231684133681 ) ) ;
#262 = FILL_AREA_STYLE_COLOUR ( '', #763 ) ;
#263 = B_SPLINE_CURVE_WITH_KNOTS ( 'NONE', 3,
 ( #1229, #1449, #795, #21 ),
 .UNSPECIFIED., .F., .F.,
 ( 4, 4 ),
 ( 0.0000000000000000000, 1.000000000000000000 ),
 .UNSPECIFIED. ) ;
#264 = CARTESIAN_POINT ( 'NONE',  ( -0.8938928014460024718, -0.5944522695586512695, 0.5500000000000000444 ) ) ;
#265 = CARTESIAN_POINT ( 'NONE',  ( -0.9799999999999999822, -4.163336342344340478E-16, 0.5500000000000000444 ) ) ;
#266 = VERTEX_POINT ( 'NONE', #1411 ) ;
#267 = CARTESIAN_POINT ( 'NONE',  ( -1.000000000000000000, 0.5000000000000000000, 0.5364916814651997656 ) ) ;
#268 = CARTESIAN_POINT ( 'NONE',  ( 0.8793328861745889347, 0.5297846113963855519, 0.0000000000000000000 ) ) ;
#269 = LINE ( 'NONE', #283, #651 ) ;
#270 = UNCERTAINTY_MEASURE_WITH_UNIT (LENGTH_MEASURE( 1.000000000000000082E-05 ), #1122, 'distance_accuracy_value', 'NONE');
#271 = VERTEX_POINT ( 'NONE', #1974 ) ;
#272 = ADVANCED_FACE ( 'NONE', ( #2587 ), #227, .T. ) ;
#273 = SURFACE_STYLE_USAGE ( .BOTH. , #860 ) ;
#274 = ORIENTED_EDGE ( 'NONE', *, *, #1129, .F. ) ;
#275 = CARTESIAN_POINT ( 'NONE',  ( -0.9000044412891049506, 0.6009424638433142896, 0.5417157287525380394 ) ) ;
#276 = EDGE_CURVE ( 'NONE', #673, #480, #2036, .T. ) ;
#277 =( GEOMETRIC_REPRESENTATION_CONTEXT ( 3 ) GLOBAL_UNCERTAINTY_ASSIGNED_CONTEXT ( ( #1226 ) ) GLOBAL_UNIT_ASSIGNED_CONTEXT ( ( #2154, #588, #98 ) ) REPRESENTATION_CONTEXT ( 'NONE', 'WORKASPACE' ) );
#278 = CARTESIAN_POINT ( 'NONE',  ( -0.8226927979841489602, -0.5017806737364449710, 0.5769453993943479686 ) ) ;
#279 = CARTESIAN_POINT ( 'NONE',  ( 0.9290546130917394230, -0.4902897464388683568, 0.5500000000000000444 ) ) ;
#280 = ORIENTED_EDGE ( 'NONE', *, *, #539, .F. ) ;
#281 = CARTESIAN_POINT ( 'NONE',  ( 0.9297846113963855741, 0.4793328861745886904, 0.0000000000000000000 ) ) ;
#282 = ORIENTED_EDGE ( 'NONE', *, *, #1160, .T. ) ;
#283 = CARTESIAN_POINT ( 'NONE',  ( -0.4000000000000000222, -0.4800000000000000377, 0.1000000000000000056 ) ) ;
#284 =( GEOMETRIC_REPRESENTATION_CONTEXT ( 3 ) GLOBAL_UNCERTAINTY_ASSIGNED_CONTEXT ( ( #1618 ) ) GLOBAL_UNIT_ASSIGNED_CONTEXT ( ( #481, #1049, #1644 ) ) REPRESENTATION_CONTEXT ( 'NONE', 'WORKASPACE' ) );
#285 = COLOUR_RGB ( '',0.7960784313725489669, 0.7960784313725489669, 0.7960784313725489669 ) ;
#286 = EDGE_LOOP ( 'NONE', ( #1026, #1741, #1442, #765 ) ) ;
#287 = CARTESIAN_POINT ( 'NONE',  ( 1.000000000000000666, -0.5000000000000000000, 0.5300000000000001377 ) ) ;
#288 = CARTESIAN_POINT ( 'NONE',  ( 0.8580902718229906911, -0.4991662969499987557, 0.5857142857142859649 ) ) ;
#289 = ORIENTED_EDGE ( 'NONE', *, *, #1914, .F. ) ;
#290 = VECTOR ( 'NONE', #1414, 1000.000000000000000 ) ;
#291 = ORIENTED_EDGE ( 'NONE', *, *, #440, .F. ) ;
#292 = AXIS2_PLACEMENT_3D ( 'NONE', #2179, #989, #1598 ) ;
#293 = CARTESIAN_POINT ( 'NONE',  ( 0.4500000000000000666, 0.5799999999999999600, 0.02000000000000000042 ) ) ;
#294 = EDGE_LOOP ( 'NONE', ( #625, #2542, #2417, #1619 ) ) ;
#295 = CARTESIAN_POINT ( 'NONE',  ( -0.8800000000000010036, -0.4800000000000000377, 0.0000000000000000000 ) ) ;
#296 = DIRECTION ( 'NONE',  ( 0.0000000000000000000, 0.0000000000000000000, -1.000000000000000000 ) ) ;
#297 = FACE_OUTER_BOUND ( 'NONE', #254, .T. ) ;
#298 = ORIENTED_EDGE ( 'NONE', *, *, #870, .F. ) ;
#299 = B_SPLINE_CURVE_WITH_KNOTS ( 'NONE', 3,
 ( #2492, #1287, #2516, #1641 ),
 .UNSPECIFIED., .F., .F.,
 ( 4, 4 ),
 ( 0.0000000000000000000, 1.000000000000000000 ),
 .UNSPECIFIED. ) ;
#300 = EDGE_LOOP ( 'NONE', ( #89, #70, #1265, #1099 ) ) ;
#301 = CARTESIAN_POINT ( 'NONE',  ( -1.001130956611977485, 0.4800053295469261516, 0.5500000000000001554 ) ) ;
#302 = DIRECTION ( 'NONE',  ( -1.445602896647339903E-16, -1.000000000000000000, 0.0000000000000000000 ) ) ;
#303 = B_SPLINE_CURVE_WITH_KNOTS ( 'NONE', 3,
 ( #1173, #174, #2191, #1987 ),
 .UNSPECIFIED., .F., .F.,
 ( 4, 4 ),
 ( 0.0000000000000000000, 1.000000000000000000 ),
 .UNSPECIFIED. ) ;
#304 = CARTESIAN_POINT ( 'NONE',  ( -0.8900890130715068960, 0.5302421677081825546, 0.5500000000000000444 ) ) ;
#305 = EDGE_CURVE ( 'NONE', #2258, #2190, #1081, .T. ) ;
#306 = FACE_OUTER_BOUND ( 'NONE', #2125, .T. ) ;
#307 = CARTESIAN_POINT ( 'NONE',  ( 0.9026521326652600097, 0.4000000000000000222, 0.5740224372877019698 ) ) ;
#308 = DIRECTION ( 'NONE',  ( -1.387778780781439956E-15, 1.000000000000000000, 0.0000000000000000000 ) ) ;
#309 = DIRECTION ( 'NONE',  ( 0.0000000000000000000, 0.0000000000000000000, -1.000000000000000000 ) ) ;
#310 = ADVANCED_FACE ( 'NONE', ( #260 ), #1831, .F. ) ;
#311 = DIRECTION ( 'NONE',  ( 0.0000000000000000000, 0.0000000000000000000, -1.000000000000000000 ) ) ;
#312 = VERTEX_POINT ( 'NONE', #1434 ) ;
#313 = DIRECTION ( 'NONE',  ( 0.0000000000000000000, -0.0000000000000000000, -1.000000000000000000 ) ) ;
#314 = ORIENTED_EDGE ( 'NONE', *, *, #2170, .F. ) ;
#315 = CARTESIAN_POINT ( 'NONE',  ( 0.9414871761636547376, 0.4994440718121571088, 0.5300000000000000266 ) ) ;
#316 =( LENGTH_UNIT ( ) NAMED_UNIT ( * ) SI_UNIT ( .MILLI., .METRE. ) );
#317 = DIRECTION ( 'NONE',  ( -0.0000000000000000000, -0.0000000000000000000, -1.000000000000000000 ) ) ;
#318 = CARTESIAN_POINT ( 'NONE',  ( 0.9379317205724300166, 0.4410564906344760505, 0.5500000000000000444 ) ) ;
#319 = ADVANCED_FACE ( 'NONE', ( #2218 ), #2233, .T. ) ;
#320 = CARTESIAN_POINT ( 'NONE',  ( 0.8000000000000000444, 0.4991662969499982005, 0.5857142857142858539 ) ) ;
#321 = UNCERTAINTY_MEASURE_WITH_UNIT (LENGTH_MEASURE( 1.000000000000000082E-05 ), #2560, 'distance_accuracy_value', 'NONE');
#322 =( LENGTH_UNIT ( ) NAMED_UNIT ( * ) SI_UNIT ( .MILLI., .METRE. ) );
#323 = CARTESIAN_POINT ( 'NONE',  ( -0.8800000000000010036, 0.4800000000000000377, 0.1000000000000000056 ) ) ;
#324 = SURFACE_STYLE_USAGE ( .BOTH. , #1543 ) ;
#325 = AXIS2_PLACEMENT_3D ( 'NONE', #626, #1829, #1421 ) ;
#326 = CARTESIAN_POINT ( 'NONE',  ( 0.8522412946547065493, 0.4891814683630140714, 0.5999999999999999778 ) ) ;
#327 = CARTESIAN_POINT ( 'NONE',  ( 0.8816784043380080371, -0.5800000000000009592, 0.0000000000000000000 ) ) ;
#328 = STYLED_ITEM ( 'NONE', ( #1655 ), #1749 ) ;
#329 =( NAMED_UNIT ( * ) SI_UNIT ( $, .STERADIAN. ) SOLID_ANGLE_UNIT ( ) );
#330 = COLOUR_RGB ( '',0.7960784313725489669, 0.7960784313725489669, 0.7960784313725489669 ) ;
#331 = FACE_OUTER_BOUND ( 'NONE', #1416, .T. ) ;
#332 = AXIS2_PLACEMENT_3D ( 'NONE', #56, #945, #512 ) ;
#333 = CARTESIAN_POINT ( 'NONE',  ( 0.9379317205724300166, 0.4000000000000000222, 0.5500000000000000444 ) ) ;
#334 = CARTESIAN_POINT ( 'NONE',  ( 0.7999999999999999334, 0.4800000000000000933, 0.5799999999999999600 ) ) ;
#335 = LINE ( 'NONE', #1332, #201 ) ;
#336 = DIRECTION ( 'NONE',  ( 0.0000000000000000000, 0.0000000000000000000, -1.000000000000000000 ) ) ;
#337 = CARTESIAN_POINT ( 'NONE',  ( 0.9470820393249930191, -0.4327985529497849759, 0.5500000000000000444 ) ) ;
#338 = VERTEX_POINT ( 'NONE', #1470 ) ;
#339 = DIRECTION ( 'NONE',  ( 0.0000000000000000000, 0.0000000000000000000, 1.000000000000000000 ) ) ;
#340 = CARTESIAN_POINT ( 'NONE',  ( -0.8994440718121573530, -0.5414871761636543823, 0.5300000000000000266 ) ) ;
#341 =( NAMED_UNIT ( * ) PLANE_ANGLE_UNIT ( ) SI_UNIT ( $, .RADIAN. ) );
#342 = VERTEX_POINT ( 'NONE', #655 ) ;
#343 = UNCERTAINTY_MEASURE_WITH_UNIT (LENGTH_MEASURE( 1.000000000000000082E-05 ), #1451, 'distance_accuracy_value', 'NONE');
#344 = FACE_OUTER_BOUND ( 'NONE', #1418, .T. ) ;
#345 = CARTESIAN_POINT ( 'NONE',  ( -1.000942463843314645, 0.5000044412891050394, 0.01999999999999999695 ) ) ;
#346 = EDGE_LOOP ( 'NONE', ( #688, #2047, #2212, #2 ) ) ;
#347 = CARTESIAN_POINT ( 'NONE',  ( -0.8800000000000010036, 0.4800000000000000377, 0.1000000000000000056 ) ) ;
#348 = FACE_OUTER_BOUND ( 'NONE', #634, .T. ) ;
#349 = ADVANCED_FACE ( 'NONE', ( #71 ), #1650, .F. ) ;
#350 = CARTESIAN_POINT ( 'NONE',  ( 0.9799999999999999822, 0.4816784043380079594, 0.5500000000000001554 ) ) ;
#351 = SURFACE_STYLE_USAGE ( .BOTH. , #176 ) ;
#352 = EDGE_CURVE ( 'NONE', #751, #872, #2319, .T. ) ;
#353 =( NAMED_UNIT ( * ) PLANE_ANGLE_UNIT ( ) SI_UNIT ( $, .RADIAN. ) );
#354 = CARTESIAN_POINT ( 'NONE',  ( 1.387778780781450113E-16, 0.4800000000000000377, 0.0000000000000000000 ) ) ;
#355 = COLOUR_RGB ( '',0.9490196078431372140, 0.7960784313725489669, 0.4862745098039215619 ) ;
#356 = ORIENTED_EDGE ( 'NONE', *, *, #458, .F. ) ;
#357 =( GEOMETRIC_REPRESENTATION_CONTEXT ( 3 ) GLOBAL_UNCERTAINTY_ASSIGNED_CONTEXT ( ( #1200 ) ) GLOBAL_UNIT_ASSIGNED_CONTEXT ( ( #1806, #2530, #250 ) ) REPRESENTATION_CONTEXT ( 'NONE', 'WORKASPACE' ) );
#358 =( NAMED_UNIT ( * ) SI_UNIT ( $, .STERADIAN. ) SOLID_ANGLE_UNIT ( ) );
#359 = CARTESIAN_POINT ( 'NONE',  ( -0.8800000000000010036, 0.4800000000000000377, 0.1000000000000000056 ) ) ;
#360 = CARTESIAN_POINT ( 'NONE',  ( 0.9944522695586146543, -0.4938928014460023386, -2.283966520293876079E-16 ) ) ;
#361 =( GEOMETRIC_REPRESENTATION_CONTEXT ( 3 ) GLOBAL_UNCERTAINTY_ASSIGNED_CONTEXT ( ( #1941 ) ) GLOBAL_UNIT_ASSIGNED_CONTEXT ( ( #1549, #2383, #2395 ) ) REPRESENTATION_CONTEXT ( 'NONE', 'WORKASPACE' ) );
#362 =( GEOMETRIC_REPRESENTATION_CONTEXT ( 3 ) GLOBAL_UNCERTAINTY_ASSIGNED_CONTEXT ( ( #364 ) ) GLOBAL_UNIT_ASSIGNED_CONTEXT ( ( #316, #2475, #1702 ) ) REPRESENTATION_CONTEXT ( 'NONE', 'WORKASPACE' ) );
#363 = CARTESIAN_POINT ( 'NONE',  ( -0.9165499434131090251, 0.3999999999999970246, 0.5559778258713750088 ) ) ;
#364 = UNCERTAINTY_MEASURE_WITH_UNIT (LENGTH_MEASURE( 1.000000000000000082E-05 ), #316, 'distance_accuracy_value', 'NONE');
#365 = ORIENTED_EDGE ( 'NONE', *, *, #2109, .T. ) ;
#366 = PRESENTATION_LAYER_ASSIGNMENT (  '', '', ( #155 ) ) ;
#367 = ORIENTED_EDGE ( 'NONE', *, *, #1832, .T. ) ;
#368 = FACE_OUTER_BOUND ( 'NONE', #1646, .T. ) ;
#369 = VERTEX_POINT ( 'NONE', #287 ) ;
#370 = DIRECTION ( 'NONE',  ( -1.000000000000000000, 3.854941057726240069E-16, 0.0000000000000000000 ) ) ;
#371 = CARTESIAN_POINT ( 'NONE',  ( 0.7999999999999999334, 0.4800000000000000933, 0.6000000000000000888 ) ) ;
#372 = CARTESIAN_POINT ( 'NONE',  ( -0.8800053295469254522, -0.6011309566119772407, 0.5500000000000001554 ) ) ;
#373 = CARTESIAN_POINT ( 'NONE',  ( -0.7999999999999998224, -0.4991662969499982005, 0.5857142857142858539 ) ) ;
#374 = EDGE_CURVE ( 'NONE', #342, #2434, #2471, .T. ) ;
#375 = SURFACE_STYLE_USAGE ( .BOTH. , #1951 ) ;
#376 = FILL_AREA_STYLE_COLOUR ( '', #2276 ) ;
#377 = CARTESIAN_POINT ( 'NONE',  ( 0.8991662969499977232, 0.4000000000000000222, 0.5857142857142858539 ) ) ;
#378 = ORIENTED_EDGE ( 'NONE', *, *, #787, .T. ) ;
#379 = DIRECTION ( 'NONE',  ( 0.0000000000000000000, 0.0000000000000000000, 1.000000000000000000 ) ) ;
#380 = VERTEX_POINT ( 'NONE', #1125 ) ;
#381 = DIRECTION ( 'NONE',  ( 0.0000000000000000000, -1.000000000000000000, -0.0000000000000000000 ) ) ;
#382 = DIRECTION ( 'NONE',  ( -0.0000000000000000000, -0.0000000000000000000, 1.000000000000000000 ) ) ;
#383 = CARTESIAN_POINT ( 'NONE',  ( -0.9278723025735410301, 0.4904895933918427264, 0.0000000000000000000 ) ) ;
#384 = FILL_AREA_STYLE ('',( #1552 ) ) ;
#385 = ORIENTED_EDGE ( 'NONE', *, *, #645, .T. ) ;
#386 = EDGE_CURVE ( 'NONE', #1798, #2391, #1104, .T. ) ;
#387 = EDGE_CURVE ( 'NONE', #1952, #2507, #1505, .T. ) ;
#388 = FILL_AREA_STYLE_COLOUR ( '', #1015 ) ;
#389 = DIRECTION ( 'NONE',  ( 1.000000000000000000, 0.0000000000000000000, 0.0000000000000000000 ) ) ;
#390 = ORIENTED_EDGE ( 'NONE', *, *, #2226, .F. ) ;
#391 = FACE_OUTER_BOUND ( 'NONE', #1061, .T. ) ;
#392 = AXIS2_PLACEMENT_3D ( 'NONE', #2150, #2185, #1984 ) ;
#393 = EDGE_CURVE ( 'NONE', #2473, #1576, #1151, .T. ) ;
#394 = VERTEX_POINT ( 'NONE', #323 ) ;
#395 = CARTESIAN_POINT ( 'NONE',  ( -0.5999999999999999778, 0.4800000000000000377, 0.0000000000000000000 ) ) ;
#396 = CARTESIAN_POINT ( 'NONE',  ( 0.8917205805936463392, -0.6010250524946887385, 0.5500000000000003775 ) ) ;
#397 = CARTESIAN_POINT ( 'NONE',  ( 1.387778780781450113E-16, 0.5799999999999999600, 0.5500000000000000444 ) ) ;
#398 =( GEOMETRIC_REPRESENTATION_CONTEXT ( 3 ) GLOBAL_UNCERTAINTY_ASSIGNED_CONTEXT ( ( #1787 ) ) GLOBAL_UNIT_ASSIGNED_CONTEXT ( ( #1693, #341, #808 ) ) REPRESENTATION_CONTEXT ( 'NONE', 'WORKASPACE' ) );
#399 = CARTESIAN_POINT ( 'NONE',  ( -0.8328328889779541555, 0.5470820393249941072, 0.5500000000000000444 ) ) ;
#400 = AXIS2_PLACEMENT_3D ( 'NONE', #2546, #2145, #2561 ) ;
#401 = VECTOR ( 'NONE', #849, 1000.000000000000000 ) ;
#402 = VECTOR ( 'NONE', #564, 1000.000000000000000 ) ;
#403 = VERTEX_POINT ( 'NONE', #2484 ) ;
#404 = ORIENTED_EDGE ( 'NONE', *, *, #2384, .T. ) ;
#405 = CARTESIAN_POINT ( 'NONE',  ( 0.8295201630636621637, -0.4991662969499980340, 0.5857142857142859649 ) ) ;
#406 = ORIENTED_EDGE ( 'NONE', *, *, #1301, .T. ) ;
#407 = CARTESIAN_POINT ( 'NONE',  ( -0.4000000000000000222, -0.4800000000000000377, 0.1000000000000000056 ) ) ;
#408 = ADVANCED_FACE ( 'NONE', ( #1532 ), #1293, .F. ) ;
#409 = LINE ( 'NONE', #19, #2180 ) ;
#410 = DIRECTION ( 'NONE',  ( 1.000000000000000000, 0.0000000000000000000, 0.0000000000000000000 ) ) ;
#411 = CARTESIAN_POINT ( 'NONE',  ( -0.9799999999999999822, -0.4816784043380071267, 0.5500000000000001554 ) ) ;
#412 = DIRECTION ( 'NONE',  ( 1.000000000000000000, -3.854941057726240069E-16, 0.0000000000000000000 ) ) ;
#413 = B_SPLINE_CURVE_WITH_KNOTS ( 'NONE', 3,
 ( #2378, #182, #777, #1745 ),
 .UNSPECIFIED., .F., .F.,
 ( 4, 4 ),
 ( 0.0000000000000000000, 1.000000000000000000 ),
 .UNSPECIFIED. ) ;
#414 = CARTESIAN_POINT ( 'NONE',  ( -0.9379317205724300166, 0.3999999999999970246, 0.5500000000000000444 ) ) ;
#415 = CARTESIAN_POINT ( 'NONE',  ( 0.9800000000000010925, -0.4816784043380071267, 0.0000000000000000000 ) ) ;
#416 = LINE ( 'NONE', #295, #1679 ) ;
#417 = ORIENTED_EDGE ( 'NONE', *, *, #1994, .F. ) ;
#418 = CARTESIAN_POINT ( 'NONE',  ( 0.7999999999999990452, -0.5136183922132360191, 0.5581628751257230459 ) ) ;
#419 = ORIENTED_EDGE ( 'NONE', *, *, #1318, .T. ) ;
#420 = FACE_OUTER_BOUND ( 'NONE', #587, .T. ) ;
#421 = DIRECTION ( 'NONE',  ( -0.0000000000000000000, 1.000000000000000000, 0.0000000000000000000 ) ) ;
#422 = EDGE_CURVE ( 'NONE', #2035, #2152, #2087, .T. ) ;
#423 = EDGE_CURVE ( 'NONE', #751, #1009, #1100, .T. ) ;
#424 = LINE ( 'NONE', #1439, #1363 ) ;
#425 = EDGE_CURVE ( 'NONE', #2481, #622, #2112, .T. ) ;
#426 = CARTESIAN_POINT ( 'NONE',  ( 0.4000000000000000222, 0.4800000000000000377, 0.1000000000000000056 ) ) ;
#427 =( NAMED_UNIT ( * ) PLANE_ANGLE_UNIT ( ) SI_UNIT ( $, .RADIAN. ) );
#428 = ORIENTED_EDGE ( 'NONE', *, *, #456, .T. ) ;
#429 =( BOUNDED_CURVE ( )  B_SPLINE_CURVE ( 3, ( #95, #498, #719, #1331 ),
 .UNSPECIFIED., .F., .T. ) 
 B_SPLINE_CURVE_WITH_KNOTS ( ( 4, 4 ),
 ( 0.0000000000000000000, 1.000000000000000000 ),
 .UNSPECIFIED. ) 
 CURVE ( )  GEOMETRIC_REPRESENTATION_ITEM ( )  RATIONAL_B_SPLINE_CURVE ( ( 1.000000000000000000, 0.8047378541243617178, 0.8047378541243617178, 1.000000000000000000 ) ) 
 REPRESENTATION_ITEM ( '' )  );
#430 = CARTESIAN_POINT ( 'NONE',  ( 0.8917205379700795520, 0.6010205401045036755, 2.542212260162547880E-16 ) ) ;
#431 = FILL_AREA_STYLE_COLOUR ( '', #2278 ) ;
#432 = CARTESIAN_POINT ( 'NONE',  ( 0.0000000000000000000, 3.469446951953609875E-17, 0.0000000000000000000 ) ) ;
#433 = DIRECTION ( 'NONE',  ( 0.0000000000000000000, -1.000000000000000000, -0.0000000000000000000 ) ) ;
#434 = CLOSED_SHELL ( 'NONE', ( #2194, #1749, #2065, #1071, #822, #471, #2031, #756, #2275, #13, #1722, #1156, #310, #2469, #121, #833, #1251, #1222, #1441, #45, #1700, #108, #946, #1020, #851, #2569, #2222, #1237, #592, #641, #2156, #1763, #319, #349, #2304, #2241, #1466, #630, #202, #2406, #2084, #1234, #2050, #1459, #1689, #189, #1426, #1113, #1780, #662, #2188, #408, #488, #507 ) ) ;
#435 = CARTESIAN_POINT ( 'NONE',  ( 0.9000000000000001332, 0.5999999999999999778, 0.0000000000000000000 ) ) ;
#436 = COLOUR_RGB ( '',0.9529411764705881804, 0.8980392156862745390, 0.6549019607843137303 ) ;
#437 = FACE_OUTER_BOUND ( 'NONE', #1149, .T. ) ;
#438 = CARTESIAN_POINT ( 'NONE',  ( 0.8994440718121573530, -0.5414871761636543823, 0.008284271247461673718 ) ) ;
#439 = CARTESIAN_POINT ( 'NONE',  ( -0.4500000000000000666, -0.5799999999999999600, 0.5300000000000001377 ) ) ;
#440 = EDGE_CURVE ( 'NONE', #2421, #394, #1908, .T. ) ;
#441 = ORIENTED_EDGE ( 'NONE', *, *, #1530, .T. ) ;
#442 = MECHANICAL_DESIGN_GEOMETRIC_PRESENTATION_REPRESENTATION (  '', ( #841 ), #2273 ) ;
#443 = VECTOR ( 'NONE', #412, 1000.000000000000000 ) ;
#444 = CARTESIAN_POINT ( 'NONE',  ( 0.8994440718121570200, 0.5414871761636542713, 0.008284271247462102195 ) ) ;
#445 = PRESENTATION_LAYER_ASSIGNMENT (  '', '', ( #1109 ) ) ;
#446 = ORIENTED_EDGE ( 'NONE', *, *, #1990, .F. ) ;
#447 = CARTESIAN_POINT ( 'NONE',  ( -0.9000000000000000222, 0.5999999999999999778, 0.0000000000000000000 ) ) ;
#448 = CARTESIAN_POINT ( 'NONE',  ( 0.8800000000000001155, -0.4468629150101527392, 0.6000000000000000888 ) ) ;
#449 = AXIS2_PLACEMENT_3D ( 'NONE', #1963, #1364, #938 ) ;
#450 = FACE_OUTER_BOUND ( 'NONE', #585, .T. ) ;
#451 = CARTESIAN_POINT ( 'NONE',  ( 1.000000000000000000, 0.5999999999999999778, 0.02000000000000000042 ) ) ;
#452 = DIRECTION ( 'NONE',  ( 1.000000000000000000, -1.261819489567385597E-14, 0.0000000000000000000 ) ) ;
#453 = CARTESIAN_POINT ( 'NONE',  ( -0.9470820393249930191, -0.4437838854343730266, 0.5500000000000000444 ) ) ;
#454 = SURFACE_SIDE_STYLE ('',( #839 ) ) ;
#455 = ORIENTED_EDGE ( 'NONE', *, *, #943, .F. ) ;
#456 = EDGE_CURVE ( 'NONE', #2456, #1659, #110, .T. ) ;
#457 = CARTESIAN_POINT ( 'NONE',  ( 0.9414871761636546266, 0.4994440718121568312, 0.008284271247462102195 ) ) ;
#458 = EDGE_CURVE ( 'NONE', #904, #2507, #2380, .T. ) ;
#459 = ORIENTED_EDGE ( 'NONE', *, *, #987, .T. ) ;
#460 = DIRECTION ( 'NONE',  ( 0.0000000000000000000, 0.0000000000000000000, 1.000000000000000000 ) ) ;
#461 = CARTESIAN_POINT ( 'NONE',  ( 0.8991662969499982783, -0.4580902718229916681, 0.5857142857142859649 ) ) ;
#462 = FILL_AREA_STYLE_COLOUR ( '', #750 ) ;
#463 = CARTESIAN_POINT ( 'NONE',  ( -0.4000000000000000222, 0.2800000000000000266, 0.0000000000000000000 ) ) ;
#464 = CARTESIAN_POINT ( 'NONE',  ( 0.9000000000000001332, 0.5999999999999999778, 0.02000000000000000042 ) ) ;
#465 = CARTESIAN_POINT ( 'NONE',  ( 0.8900890130715077841, -0.5302421677081782247, 0.5500000000000000444 ) ) ;
#466 = CARTESIAN_POINT ( 'NONE',  ( -0.9799999999999999822, 0.2500000000000000000, 0.5300000000000001377 ) ) ;
#467 = ORIENTED_EDGE ( 'NONE', *, *, #782, .T. ) ;
#468 = CARTESIAN_POINT ( 'NONE',  ( 0.9000044412891049506, 0.6009424638433142896, 0.008284271247462102195 ) ) ;
#469 = DIRECTION ( 'NONE',  ( -1.000000000000000000, -2.775557561562889872E-16, 0.0000000000000000000 ) ) ;
#470 = EDGE_LOOP ( 'NONE', ( #594, #612, #1541, #109 ) ) ;
#471 = ADVANCED_FACE ( 'NONE', ( #886 ), #2574, .T. ) ;
#472 = ORIENTED_EDGE ( 'NONE', *, *, #1562, .T. ) ;
#473 = SURFACE_SIDE_STYLE ('',( #642 ) ) ;
#474 = DIRECTION ( 'NONE',  ( 0.0000000000000000000, 1.000000000000000000, 0.0000000000000000000 ) ) ;
#475 = MECHANICAL_DESIGN_GEOMETRIC_PRESENTATION_REPRESENTATION (  '', ( #1797 ), #1309 ) ;
#476 = DIRECTION ( 'NONE',  ( 1.000000000000000000, 0.0000000000000000000, -0.0000000000000000000 ) ) ;
#477 = COLOUR_RGB ( '',0.6274509803921568540, 0.6274509803921568540, 0.6274509803921568540 ) ;
#478 = SURFACE_STYLE_USAGE ( .BOTH. , #2101 ) ;
#479 = CARTESIAN_POINT ( 'NONE',  ( -0.9026521326652600097, 0.3999999999999980238, 0.5740224372877019698 ) ) ;
#480 = VERTEX_POINT ( 'NONE', #562 ) ;
#481 =( LENGTH_UNIT ( ) NAMED_UNIT ( * ) SI_UNIT ( .MILLI., .METRE. ) );
#482 = DIRECTION ( 'NONE',  ( 1.000000000000000000, 0.0000000000000000000, 0.0000000000000000000 ) ) ;
#483 = CARTESIAN_POINT ( 'NONE',  ( -1.000000000000000000, 0.5999999999999999778, 0.5300000000000001377 ) ) ;
#484 = MECHANICAL_DESIGN_GEOMETRIC_PRESENTATION_REPRESENTATION (  '', ( #1807 ), #942 ) ;
#485 = ORIENTED_EDGE ( 'NONE', *, *, #1304, .F. ) ;
#486 = FILL_AREA_STYLE ('',( #1606 ) ) ;
#487 = MECHANICAL_DESIGN_GEOMETRIC_PRESENTATION_REPRESENTATION (  '', ( #1109 ), #1319 ) ;
#488 = ADVANCED_FACE ( 'NONE', ( #15 ), #1209, .F. ) ;
#489 = CARTESIAN_POINT ( 'NONE',  ( -0.8994440718121570200, 0.5414871761636542713, 0.5417157287525380394 ) ) ;
#490 = ORIENTED_EDGE ( 'NONE', *, *, #1126, .T. ) ;
#491 = AXIS2_PLACEMENT_3D ( 'NONE', #42, #2228, #815 ) ;
#492 = CARTESIAN_POINT ( 'NONE',  ( 1.000000000000001554, -0.5000000000000000000, 0.5364916814652852528 ) ) ;
#493 = CARTESIAN_POINT ( 'NONE',  ( -0.8799999999999998934, 0.4000000000000000222, 0.6000000000000000888 ) ) ;
#494 = DIRECTION ( 'NONE',  ( 1.000000000000000000, 0.0000000000000000000, 0.0000000000000000000 ) ) ;
#495 = ORIENTED_EDGE ( 'NONE', *, *, #1796, .T. ) ;
#496 = CARTESIAN_POINT ( 'NONE',  ( 0.8793328861745879355, -0.5297846113963849968, 0.0000000000000000000 ) ) ;
#497 = CARTESIAN_POINT ( 'NONE',  ( -0.8891814683630134830, 0.4522412946547061385, 0.5999999999999998668 ) ) ;
#498 = CARTESIAN_POINT ( 'NONE',  ( 0.8580902718229904691, -0.4991662969499989777, 0.5857142857142859649 ) ) ;
#499 = UNCERTAINTY_MEASURE_WITH_UNIT (LENGTH_MEASURE( 1.000000000000000082E-05 ), #826, 'distance_accuracy_value', 'NONE');
#500 = CARTESIAN_POINT ( 'NONE',  ( -0.8816784043380080371, 0.5800000000000009592, 0.5500000000000001554 ) ) ;
#501 = SURFACE_STYLE_USAGE ( .BOTH. , #119 ) ;
#502 = EDGE_LOOP ( 'NONE', ( #1873, #967, #259, #2389 ) ) ;
#503 =( NAMED_UNIT ( * ) SI_UNIT ( $, .STERADIAN. ) SOLID_ANGLE_UNIT ( ) );
#504 = ORIENTED_EDGE ( 'NONE', *, *, #1025, .F. ) ;
#505 = B_SPLINE_CURVE_WITH_KNOTS ( 'NONE', 3,
 ( #2279, #1119, #492, #1286 ),
 .UNSPECIFIED., .F., .F.,
 ( 4, 4 ),
 ( 0.0000000000000000000, 1.000000000000000000 ),
 .UNSPECIFIED. ) ;
#506 = CARTESIAN_POINT ( 'NONE',  ( 0.9470820393249930191, -0.2000000000000000111, 0.5999999999999999778 ) ) ;
#507 = ADVANCED_FACE ( 'NONE', ( #368 ), #171, .F. ) ;
#508 = CARTESIAN_POINT ( 'NONE',  ( 0.8800000000000010036, 0.4800000000000000377, 0.1000000000000000056 ) ) ;
#509 = FACE_OUTER_BOUND ( 'NONE', #1854, .T. ) ;
#510 = CYLINDRICAL_SURFACE ( 'NONE', #2529, 0.02000000000000005246 ) ;
#511 =( NAMED_UNIT ( * ) SI_UNIT ( $, .STERADIAN. ) SOLID_ANGLE_UNIT ( ) );
#512 = DIRECTION ( 'NONE',  ( 1.000000000000000000, 0.0000000000000000000, -0.0000000000000000000 ) ) ;
#513 = CARTESIAN_POINT ( 'NONE',  ( 0.8800000000000000044, -0.4447317813533526176, 0.5999999999999999778 ) ) ;
#514 = EDGE_LOOP ( 'NONE', ( #691, #529, #169, #298 ) ) ;
#515 = CARTESIAN_POINT ( 'NONE',  ( 0.8891814683630137051, 0.3999999999999999667, 0.5999999999999999778 ) ) ;
#516 = CARTESIAN_POINT ( 'NONE',  ( 1.387778780781450113E-16, 0.4800000000000000377, 0.0000000000000000000 ) ) ;
#517 = FILL_AREA_STYLE_COLOUR ( '', #838 ) ;
#518 = CARTESIAN_POINT ( 'NONE',  ( 0.9026521326652600097, 0.4305345166377530508, 0.5740224372877019698 ) ) ;
#519 = VECTOR ( 'NONE', #584, 1000.000000000000000 ) ;
#520 = EDGE_CURVE ( 'NONE', #2149, #2066, #141, .T. ) ;
#521 = PRESENTATION_STYLE_ASSIGNMENT (( #1515 ) ) ;
#522 = CARTESIAN_POINT ( 'NONE',  ( -0.9000000000000000222, 0.6000000000000001998, 0.02000000000000000042 ) ) ;
#523 = CARTESIAN_POINT ( 'NONE',  ( -0.4500000000000000666, -0.5799999999999999600, 0.02000000000000000042 ) ) ;
#524 = MECHANICAL_DESIGN_GEOMETRIC_PRESENTATION_REPRESENTATION (  '', ( #2442 ), #1620 ) ;
#525 = DIRECTION ( 'NONE',  ( 1.000000000000000000, 0.0000000000000000000, -0.0000000000000000000 ) ) ;
#526 = VECTOR ( 'NONE', #2281, 1000.000000000000000 ) ;
#527 = DIRECTION ( 'NONE',  ( 1.000000000000000000, -3.854941057726240069E-16, 0.0000000000000000000 ) ) ;
#528 =( NAMED_UNIT ( * ) SI_UNIT ( $, .STERADIAN. ) SOLID_ANGLE_UNIT ( ) );
#529 = ORIENTED_EDGE ( 'NONE', *, *, #1571, .F. ) ;
#530 = CARTESIAN_POINT ( 'NONE',  ( -0.7999999999999998224, -0.4991662969499982005, 0.5857142857142858539 ) ) ;
#531 = ORIENTED_EDGE ( 'NONE', *, *, #1141, .T. ) ;
#532 = AXIS2_PLACEMENT_3D ( 'NONE', #129, #115, #2531 ) ;
#533 = CARTESIAN_POINT ( 'NONE',  ( 0.8991662969499972791, 0.4000000000000000222, 0.5857142857142857428 ) ) ;
#534 = PRESENTATION_STYLE_ASSIGNMENT (( #351 ) ) ;
#535 = FILL_AREA_STYLE ('',( #517 ) ) ;
#536 = CARTESIAN_POINT ( 'NONE',  ( 0.9000000000000000222, 0.5999999999999998668, 0.02000000000000000042 ) ) ;
#537 = STYLED_ITEM ( 'NONE', ( #709 ), #2194 ) ;
#538 = CARTESIAN_POINT ( 'NONE',  ( 0.4000000000000000222, -0.4800000000000000377, 0.1000000000000000056 ) ) ;
#539 = EDGE_CURVE ( 'NONE', #2507, #1408, #941, .T. ) ;
#540 = CARTESIAN_POINT ( 'NONE',  ( 0.8800000000000010036, -0.4800000000000000377, 0.0000000000000000000 ) ) ;
#541 = ORIENTED_EDGE ( 'NONE', *, *, #456, .F. ) ;
#542 = EDGE_CURVE ( 'NONE', #2309, #2379, #608, .T. ) ;
#543 = ORIENTED_EDGE ( 'NONE', *, *, #1943, .T. ) ;
#544 = CARTESIAN_POINT ( 'NONE',  ( 0.9000044412891051726, 0.6009424638433144006, 0.5417157287525380394 ) ) ;
#545 = CARTESIAN_POINT ( 'NONE',  ( -0.8991662969499978342, 0.4000000000000005773, 0.5857142857142858539 ) ) ;
#546 = CARTESIAN_POINT ( 'NONE',  ( -0.8994440718121573530, -0.5414871761636543823, 0.5417157287525382614 ) ) ;
#547 = CARTESIAN_POINT ( 'NONE',  ( -0.4000000000000000222, -0.4800000000000000377, 0.0000000000000000000 ) ) ;
#548 = CARTESIAN_POINT ( 'NONE',  ( -0.9999999999999997780, -0.5000000000000000000, 0.0000000000000000000 ) ) ;
#549 = LINE ( 'NONE', #1342, #1400 ) ;
#550 = ORIENTED_EDGE ( 'NONE', *, *, #1608, .F. ) ;
#551 =( NAMED_UNIT ( * ) PLANE_ANGLE_UNIT ( ) SI_UNIT ( $, .RADIAN. ) );
#552 = CARTESIAN_POINT ( 'NONE',  ( -0.8902897464388690452, -0.5290546130917382905, 0.5500000000000000444 ) ) ;
#553 = EDGE_LOOP ( 'NONE', ( #1522, #1002, #1711, #289 ) ) ;
#554 = CARTESIAN_POINT ( 'NONE',  ( -0.8800000000000010036, 0.4800000000000000377, 0.0000000000000000000 ) ) ;
#555 = CARTESIAN_POINT ( 'NONE',  ( 0.9000000000000003553, -0.6000000000000001998, 0.5300000000000001377 ) ) ;
#556 = CARTESIAN_POINT ( 'NONE',  ( -0.4000000000000000222, -0.4800000000000000377, 0.0000000000000000000 ) ) ;
#557 = VECTOR ( 'NONE', #2175, 1000.000000000000000 ) ;
#558 = PRESENTATION_STYLE_ASSIGNMENT (( #2385 ) ) ;
#559 = CYLINDRICAL_SURFACE ( 'NONE', #251, 0.02000000000000005246 ) ;
#560 = DIRECTION ( 'NONE',  ( 1.000000000000000000, 0.0000000000000000000, -0.0000000000000000000 ) ) ;
#561 = ORIENTED_EDGE ( 'NONE', *, *, #907, .T. ) ;
#562 = CARTESIAN_POINT ( 'NONE',  ( -0.9000000000000000222, 0.6000000000000001998, 0.5300000000000001377 ) ) ;
#563 = ORIENTED_EDGE ( 'NONE', *, *, #2300, .T. ) ;
#564 = DIRECTION ( 'NONE',  ( -1.000000000000000000, -0.0000000000000000000, 0.0000000000000000000 ) ) ;
#565 = EDGE_CURVE ( 'NONE', #670, #1404, #2564, .T. ) ;
#566 = VECTOR ( 'NONE', #1611, 1000.000000000000000 ) ;
#567 = VECTOR ( 'NONE', #2120, 1000.000000000000000 ) ;
#568 = STYLED_ITEM ( 'NONE', ( #534 ), #2569 ) ;
#569 = EDGE_CURVE ( 'NONE', #1907, #338, #767, .T. ) ;
#570 = AXIS2_PLACEMENT_3D ( 'NONE', #912, #1736, #1528 ) ;
#571 = CARTESIAN_POINT ( 'NONE',  ( -0.8991662969499990554, 0.4296157214074319830, 0.5857142857142859649 ) ) ;
#572 = PRODUCT_DEFINITION_CONTEXT ( 'detailed design', #1475, 'design' ) ;
#573 = ORIENTED_EDGE ( 'NONE', *, *, #1038, .F. ) ;
#574 = FILL_AREA_STYLE ('',( #1199 ) ) ;
#575 = ORIENTED_EDGE ( 'NONE', *, *, #2114, .T. ) ;
#576 = CARTESIAN_POINT ( 'NONE',  ( 0.9366377155003920985, -0.4911137101728337839, 0.5500000000000002665 ) ) ;
#577 = CARTESIAN_POINT ( 'NONE',  ( 1.000000000000000000, -0.5999999999999999778, 0.0000000000000000000 ) ) ;
#578 = EDGE_CURVE ( 'NONE', #798, #768, #1918, .T. ) ;
#579 = SURFACE_STYLE_FILL_AREA ( #2345 ) ;
#580 = EDGE_CURVE ( 'NONE', #1747, #673, #191, .T. ) ;
#581 = CARTESIAN_POINT ( 'NONE',  ( -0.7999999999999990452, 0.5026521326652599875, 0.5740224372877019698 ) ) ;
#582 = ORIENTED_EDGE ( 'NONE', *, *, #1845, .T. ) ;
#583 = CARTESIAN_POINT ( 'NONE',  ( -0.8800000000000010036, -0.4800000000000000377, 0.1000000000000000056 ) ) ;
#584 = DIRECTION ( 'NONE',  ( -1.000000000000000000, -1.445602896647339903E-16, -0.0000000000000000000 ) ) ;
#585 = EDGE_LOOP ( 'NONE', ( #1837, #638, #2090, #1473, #1649, #2377, #280, #2270 ) ) ;
#586 = CARTESIAN_POINT ( 'NONE',  ( -0.9000000000000000222, -0.5999999999999998668, 0.02000000000000000042 ) ) ;
#587 = EDGE_LOOP ( 'NONE', ( #367, #2403, #970, #2215 ) ) ;
#588 =( NAMED_UNIT ( * ) PLANE_ANGLE_UNIT ( ) SI_UNIT ( $, .RADIAN. ) );
#589 = CARTESIAN_POINT ( 'NONE',  ( 0.9297822846073670044, -0.4793328465091716284, 0.5500000000000000444 ) ) ;
#590 = CARTESIAN_POINT ( 'NONE',  ( -0.8800000000000010036, -0.4800000000000000377, 0.1000000000000000056 ) ) ;
#591 = CARTESIAN_POINT ( 'NONE',  ( 0.9348816143215760155, -0.4000000000000000222, 0.5500000000000000444 ) ) ;
#592 = ADVANCED_FACE ( 'NONE', ( #1181 ), #982, .T. ) ;
#593 = CARTESIAN_POINT ( 'NONE',  ( -0.8000000000000001554, -0.4991662969499983116, 0.5857142857142857428 ) ) ;
#594 = ORIENTED_EDGE ( 'NONE', *, *, #217, .F. ) ;
#595 = SURFACE_SIDE_STYLE ('',( #2420 ) ) ;
#596 = VECTOR ( 'NONE', #2551, 1000.000000000000000 ) ;
#597 = ORIENTED_EDGE ( 'NONE', *, *, #925, .T. ) ;
#598 = PRESENTATION_LAYER_ASSIGNMENT (  '', '', ( #2442 ) ) ;
#599 = CARTESIAN_POINT ( 'NONE',  ( -0.9799999999999999822, -0.4816784043380071267, 0.5500000000000001554 ) ) ;
#600 = LINE ( 'NONE', #1174, #1719 ) ;
#601 = DIRECTION ( 'NONE',  ( 0.7071067811865474617, -0.7071067811865474617, -0.0000000000000000000 ) ) ;
#602 = CARTESIAN_POINT ( 'NONE',  ( -0.8800000000000010036, -0.4800000000000000377, 0.1000000000000000056 ) ) ;
#603 = CARTESIAN_POINT ( 'NONE',  ( -0.9470820393249940183, 0.4439256162089260105, 0.5500000000000000444 ) ) ;
#604 = CYLINDRICAL_SURFACE ( 'NONE', #195, 0.02000000000000005246 ) ;
#605 = AXIS2_PLACEMENT_3D ( 'NONE', #2449, #823, #1257 ) ;
#606 = ORIENTED_EDGE ( 'NONE', *, *, #1628, .F. ) ;
#607 = COLOUR_RGB ( '',0.6274509803921568540, 0.6274509803921568540, 0.6274509803921568540 ) ;
#608 = LINE ( 'NONE', #1739, #596 ) ;
#609 = VERTEX_POINT ( 'NONE', #1036 ) ;
#610 = PRESENTATION_STYLE_ASSIGNMENT (( #17 ) ) ;
#611 = STYLED_ITEM ( 'NONE', ( #1660 ), #2375 ) ;
#612 = ORIENTED_EDGE ( 'NONE', *, *, #1663, .T. ) ;
#613 = DIRECTION ( 'NONE',  ( -0.0000000000000000000, 0.0000000000000000000, 1.000000000000000000 ) ) ;
#614 = CARTESIAN_POINT ( 'NONE',  ( 0.9414852371728060776, -0.4994440387576435381, 0.5417157287525382614 ) ) ;
#615 = EDGE_CURVE ( 'NONE', #1263, #2255, #2573, .T. ) ;
#616 = SURFACE_STYLE_FILL_AREA ( #2411 ) ;
#617 = LINE ( 'NONE', #2039, #1630 ) ;
#618 = PRESENTATION_STYLE_ASSIGNMENT (( #2029 ) ) ;
#619 = CARTESIAN_POINT ( 'NONE',  ( 0.9165499434131090251, 0.4000000000000000222, 0.5559778258713746757 ) ) ;
#620 =( LENGTH_UNIT ( ) NAMED_UNIT ( * ) SI_UNIT ( .MILLI., .METRE. ) );
#621 = UNCERTAINTY_MEASURE_WITH_UNIT (LENGTH_MEASURE( 1.000000000000000082E-05 ), #2091, 'distance_accuracy_value', 'NONE');
#622 = VERTEX_POINT ( 'NONE', #256 ) ;
#623 = CYLINDRICAL_SURFACE ( 'NONE', #491, 0.02000000000000005246 ) ;
#624 = CARTESIAN_POINT ( 'NONE',  ( 1.001020540104503809, 0.4917205379700793633, 2.542212260162547880E-16 ) ) ;
#625 = ORIENTED_EDGE ( 'NONE', *, *, #580, .T. ) ;
#626 = CARTESIAN_POINT ( 'NONE',  ( -1.000000000000000000, 0.5999999999999999778, 0.0000000000000000000 ) ) ;
#627 = UNCERTAINTY_MEASURE_WITH_UNIT (LENGTH_MEASURE( 1.000000000000000082E-05 ), #1111, 'distance_accuracy_value', 'NONE');
#628 = PRESENTATION_STYLE_ASSIGNMENT (( #1040 ) ) ;
#629 = DIRECTION ( 'NONE',  ( 0.0000000000000000000, 0.0000000000000000000, 1.000000000000000000 ) ) ;
#630 = ADVANCED_FACE ( 'NONE', ( #1828 ), #64, .T. ) ;
#631 =( NAMED_UNIT ( * ) SI_UNIT ( $, .STERADIAN. ) SOLID_ANGLE_UNIT ( ) );
#632 = CARTESIAN_POINT ( 'NONE',  ( -0.8800000000000010036, -0.4800000000000000377, 0.1000000000000000056 ) ) ;
#633 = DIRECTION ( 'NONE',  ( 1.000000000000000000, -3.854941057726240069E-16, 0.0000000000000000000 ) ) ;
#634 = EDGE_LOOP ( 'NONE', ( #1066, #1454, #1826, #1201 ) ) ;
#635 = CARTESIAN_POINT ( 'NONE',  ( -0.8800000000000010036, -0.4799999999999999822, 0.1000000000000000056 ) ) ;
#636 = CARTESIAN_POINT ( 'NONE',  ( 0.8800000000000000044, -0.4000000000000000222, 0.5799999999999999600 ) ) ;
#637 =( NAMED_UNIT ( * ) SI_UNIT ( $, .STERADIAN. ) SOLID_ANGLE_UNIT ( ) );
#638 = ORIENTED_EDGE ( 'NONE', *, *, #374, .F. ) ;
#639 = DIRECTION ( 'NONE',  ( 1.000000000000000000, 0.0000000000000000000, 0.0000000000000000000 ) ) ;
#640 = CARTESIAN_POINT ( 'NONE',  ( -0.8800000000000000044, 0.2000000000000000111, 0.5799999999999999600 ) ) ;
#641 = ADVANCED_FACE ( 'NONE', ( #243 ), #652, .F. ) ;
#642 = SURFACE_STYLE_FILL_AREA ( #874 ) ;
#643 = FACE_OUTER_BOUND ( 'NONE', #715, .T. ) ;
#644 = VECTOR ( 'NONE', #1094, 1000.000000000000000 ) ;
#645 = EDGE_CURVE ( 'NONE', #1783, #138, #1270, .T. ) ;
#646 = FACE_OUTER_BOUND ( 'NONE', #1224, .T. ) ;
#647 = ORIENTED_EDGE ( 'NONE', *, *, #565, .F. ) ;
#648 = EDGE_CURVE ( 'NONE', #2149, #768, #939, .T. ) ;
#649 =( GEOMETRIC_REPRESENTATION_CONTEXT ( 3 ) GLOBAL_UNCERTAINTY_ASSIGNED_CONTEXT ( ( #1503 ) ) GLOBAL_UNIT_ASSIGNED_CONTEXT ( ( #1603, #212, #1761 ) ) REPRESENTATION_CONTEXT ( 'NONE', 'WORKASPACE' ) );
#650 = AXIS2_PLACEMENT_3D ( 'NONE', #1452, #2119, #712 ) ;
#651 = VECTOR ( 'NONE', #1277, 1000.000000000000000 ) ;
#652 = CYLINDRICAL_SURFACE ( 'NONE', #2482, 0.1000000000000000472 ) ;
#653 = CARTESIAN_POINT ( 'NONE',  ( 0.4000000000000000222, 0.5470820393249941072, 0.5999999999999999778 ) ) ;
#654 = EDGE_LOOP ( 'NONE', ( #485, #1379, #2265, #1920 ) ) ;
#655 = CARTESIAN_POINT ( 'NONE',  ( -0.9799999999999999822, 0.4816784043380072378, 0.0000000000000000000 ) ) ;
#656 = CARTESIAN_POINT ( 'NONE',  ( 0.8800000000000010036, 0.4800000000000000377, 0.0000000000000000000 ) ) ;
#657 = FILL_AREA_STYLE_COLOUR ( '', #2280 ) ;
#658 = CARTESIAN_POINT ( 'NONE',  ( 0.9000044412891051726, -0.6009424638433141785, 0.008284271247461673718 ) ) ;
#659 = EDGE_CURVE ( 'NONE', #1643, #2245, #222, .T. ) ;
#660 = FACE_OUTER_BOUND ( 'NONE', #2042, .T. ) ;
#661 = EDGE_LOOP ( 'NONE', ( #1410, #1842, #2503, #1213 ) ) ;
#662 = ADVANCED_FACE ( 'NONE', ( #1420 ), #1022, .F. ) ;
#663 = DIRECTION ( 'NONE',  ( 0.0000000000000000000, 0.0000000000000000000, 1.000000000000000000 ) ) ;
#664 = DIRECTION ( 'NONE',  ( -1.000000000000000000, 0.0000000000000000000, 0.0000000000000000000 ) ) ;
#665 = CARTESIAN_POINT ( 'NONE',  ( -1.000942463843314423, -0.5000044412891050394, 0.01999999999999999695 ) ) ;
#666 = FACE_OUTER_BOUND ( 'NONE', #2199, .T. ) ;
#667 = EDGE_LOOP ( 'NONE', ( #1337, #776, #647, #866 ) ) ;
#668 = DIRECTION ( 'NONE',  ( -1.000000000000000000, 0.0000000000000000000, -0.0000000000000000000 ) ) ;
#669 = CARTESIAN_POINT ( 'NONE',  ( -0.8851852221343120553, -0.4928276414163669794, 0.5581628751257230459 ) ) ;
#670 = VERTEX_POINT ( 'NONE', #2214 ) ;
#671 = CARTESIAN_POINT ( 'NONE',  ( 0.8800053295469254522, -0.6011309566119772407, 0.0000000000000000000 ) ) ;
#672 = CARTESIAN_POINT ( 'NONE',  ( 0.9366398151225021618, 0.4911137459656730875, 2.542212260162547880E-16 ) ) ;
#673 = VERTEX_POINT ( 'NONE', #1464 ) ;
#674 = EDGE_CURVE ( 'NONE', #213, #2421, #1457, .T. ) ;
#675 = ORIENTED_EDGE ( 'NONE', *, *, #1604, .T. ) ;
#676 = CARTESIAN_POINT ( 'NONE',  ( -0.8917205379700795520, 0.6010205401045036755, 0.5499999999999999334 ) ) ;
#677 = EDGE_LOOP ( 'NONE', ( #2463, #1936, #2164, #2169 ) ) ;
#678 = VECTOR ( 'NONE', #2452, 1000.000000000000000 ) ;
#679 = CARTESIAN_POINT ( 'NONE',  ( 0.4000000000000000222, 0.4800000000000000377, 0.1000000000000000056 ) ) ;
#680 = PLANE ( 'NONE',  #532 ) ;
#681 = ORIENTED_EDGE ( 'NONE', *, *, #1910, .T. ) ;
#682 = CARTESIAN_POINT ( 'NONE',  ( -0.8800000000000010036, 0.4800000000000000377, 0.0000000000000000000 ) ) ;
#683 = DIRECTION ( 'NONE',  ( 0.0000000000000000000, 0.0000000000000000000, -1.000000000000000000 ) ) ;
#684 = ORIENTED_EDGE ( 'NONE', *, *, #183, .T. ) ;
#685 = B_SPLINE_CURVE_WITH_KNOTS ( 'NONE', 3,
 ( #522, #2123, #1291, #1096 ),
 .UNSPECIFIED., .F., .F.,
 ( 4, 4 ),
 ( 0.0000000000000000000, 1.000000000000000000 ),
 .UNSPECIFIED. ) ;
#686 = VECTOR ( 'NONE', #1817, 1000.000000000000000 ) ;
#687 = AXIS2_PLACEMENT_3D ( 'NONE', #1582, #452, #75 ) ;
#688 = ORIENTED_EDGE ( 'NONE', *, *, #1184, .F. ) ;
#689 = EDGE_CURVE ( 'NONE', #41, #33, #1064, .T. ) ;
#690 =( BOUNDED_CURVE ( )  B_SPLINE_CURVE ( 3, ( #735, #167, #383, #2131 ),
 .UNSPECIFIED., .F., .T. ) 
 B_SPLINE_CURVE_WITH_KNOTS ( ( 4, 4 ),
 ( 0.0000000000000000000, 1.000000000000000000 ),
 .UNSPECIFIED. ) 
 CURVE ( )  GEOMETRIC_REPRESENTATION_ITEM ( )  RATIONAL_B_SPLINE_CURVE ( ( 1.000000000000000000, 0.8767118793174348834, 0.8767118793174348834, 1.000000000000000000 ) ) 
 REPRESENTATION_ITEM ( '' )  );
#691 = ORIENTED_EDGE ( 'NONE', *, *, #1141, .F. ) ;
#692 = VECTOR ( 'NONE', #1710, 1000.000000000000000 ) ;
#693 = CARTESIAN_POINT ( 'NONE',  ( -1.000000000000000000, -0.5000000000000000000, 0.02000000000000000042 ) ) ;
#694 = CARTESIAN_POINT ( 'NONE',  ( -0.9348816143215760155, -0.4401450654654999739, 0.5500000000000000444 ) ) ;
#695 = SURFACE_STYLE_FILL_AREA ( #2493 ) ;
#696 = CARTESIAN_POINT ( 'NONE',  ( 0.8229785352171959945, 0.5026521326652599875, 0.5740224372877019698 ) ) ;
#697 = FILL_AREA_STYLE_COLOUR ( '', #607 ) ;
#698 = FILL_AREA_STYLE ('',( #1306 ) ) ;
#699 = ORIENTED_EDGE ( 'NONE', *, *, #2422, .T. ) ;
#700 = SURFACE_STYLE_FILL_AREA ( #1715 ) ;
#701 = SURFACE_SIDE_STYLE ('',( #139 ) ) ;
#702 = CARTESIAN_POINT ( 'NONE',  ( -0.8000000000000000444, -0.5348816143215759933, 0.5500000000000000444 ) ) ;
#703 = EDGE_CURVE ( 'NONE', #1035, #983, #816, .T. ) ;
#704 = CARTESIAN_POINT ( 'NONE',  ( 0.9000000000000003553, -0.6000000000000001998, 0.5300000000000001377 ) ) ;
#705 = FILL_AREA_STYLE_COLOUR ( '', #285 ) ;
#706 = CARTESIAN_POINT ( 'NONE',  ( 0.8000000000000000444, 0.5379317205724309936, 0.5500000000000000444 ) ) ;
#707 = FACE_OUTER_BOUND ( 'NONE', #470, .T. ) ;
#708 = FACE_OUTER_BOUND ( 'NONE', #889, .T. ) ;
#709 = PRESENTATION_STYLE_ASSIGNMENT (( #501 ) ) ;
#710 = PRESENTATION_STYLE_ASSIGNMENT (( #1897 ) ) ;
#711 = CARTESIAN_POINT ( 'NONE',  ( 0.8565535919245467200, 0.4965430202748504773, 0.5945130231684132571 ) ) ;
#712 = DIRECTION ( 'NONE',  ( 1.000000000000000000, 0.0000000000000000000, -0.0000000000000000000 ) ) ;
#713 = AXIS2_PLACEMENT_3D ( 'NONE', #451, #59, #1243 ) ;
#714 = PRESENTATION_LAYER_ASSIGNMENT (  '', '', ( #752 ) ) ;
#715 = EDGE_LOOP ( 'NONE', ( #1605, #2539, #2160, #2501 ) ) ;
#716 = STYLED_ITEM ( 'NONE', ( #1403 ), #851 ) ;
#717 = CARTESIAN_POINT ( 'NONE',  ( 0.4000000000000000222, 0.4800000000000000377, 0.0000000000000000000 ) ) ;
#718 = EDGE_CURVE ( 'NONE', #1544, #2550, #2431, .T. ) ;
#719 = CARTESIAN_POINT ( 'NONE',  ( 0.8991662969499982783, -0.4580902718229918347, 0.5857142857142859649 ) ) ;
#720 = FACE_OUTER_BOUND ( 'NONE', #785, .T. ) ;
#721 = CARTESIAN_POINT ( 'NONE',  ( -0.8793328861745879355, 0.5297846113963849968, 0.0000000000000000000 ) ) ;
#722 = CARTESIAN_POINT ( 'NONE',  ( 0.7999999999999990452, -0.5470820393249941072, 0.5500000000000000444 ) ) ;
#723 = AXIS2_PLACEMENT_3D ( 'NONE', #334, #1696, #1685 ) ;
#724 = ORIENTED_EDGE ( 'NONE', *, *, #569, .F. ) ;
#725 = EDGE_LOOP ( 'NONE', ( #244, #1615, #2314, #1698 ) ) ;
#726 = AXIS2_PLACEMENT_3D ( 'NONE', #1244, #234, #1792 ) ;
#727 = LINE ( 'NONE', #1948, #2322 ) ;
#728 = CARTESIAN_POINT ( 'NONE',  ( -0.8793328861745879355, -0.5297846113963849968, 0.5500000000000001554 ) ) ;
#729 = VECTOR ( 'NONE', #69, 1000.000000000000000 ) ;
#730 = CARTESIAN_POINT ( 'NONE',  ( 0.8911110854827539729, -0.5366422261708102548, 0.5500000000000003775 ) ) ;
#731 = FACE_OUTER_BOUND ( 'NONE', #677, .T. ) ;
#732 = DIRECTION ( 'NONE',  ( 2.775557561562889872E-16, -1.000000000000000000, 0.0000000000000000000 ) ) ;
#733 = PLANE ( 'NONE',  #1324 ) ;
#734 = CARTESIAN_POINT ( 'NONE',  ( -0.9000044412891051726, -0.6009424638433141785, 0.5417157287525383724 ) ) ;
#735 = CARTESIAN_POINT ( 'NONE',  ( -0.8816784043380080371, 0.5800000000000008482, 0.0000000000000000000 ) ) ;
#736 = CARTESIAN_POINT ( 'NONE',  ( -0.8260238096039990152, 0.5165499434131090029, 0.5559778258713740096 ) ) ;
#737 = FILL_AREA_STYLE ('',( #1206 ) ) ;
#738 = DIRECTION ( 'NONE',  ( 0.0000000000000000000, 0.0000000000000000000, 1.000000000000000000 ) ) ;
#739 = B_SPLINE_CURVE_WITH_KNOTS ( 'NONE', 3,
 ( #887, #2499, #1506, #2296 ),
 .UNSPECIFIED., .F., .F.,
 ( 4, 4 ),
 ( 0.0000000000000000000, 1.000000000000000000 ),
 .UNSPECIFIED. ) ;
#740 = LINE ( 'NONE', #2521, #692 ) ;
#741 = ORIENTED_EDGE ( 'NONE', *, *, #2011, .T. ) ;
#742 = CARTESIAN_POINT ( 'NONE',  ( -0.8522412946547065493, -0.4891814683630140714, 0.5999999999999999778 ) ) ;
#743 = FILL_AREA_STYLE ('',( #915 ) ) ;
#744 = EDGE_CURVE ( 'NONE', #2152, #2245, #1891, .T. ) ;
#745 = DIRECTION ( 'NONE',  ( -1.000000000000000000, 0.0000000000000000000, -0.0000000000000000000 ) ) ;
#746 = EDGE_CURVE ( 'NONE', #961, #369, #1010, .T. ) ;
#747 = CARTESIAN_POINT ( 'NONE',  ( 0.8800000000000010036, -0.4799999999999999822, 0.1000000000000000056 ) ) ;
#748 = CARTESIAN_POINT ( 'NONE',  ( -0.9000044412891051726, -0.6009424638433141785, 0.5300000000000001377 ) ) ;
#749 = LINE ( 'NONE', #2141, #842 ) ;
#750 = COLOUR_RGB ( '',0.9490196078431372140, 0.7960784313725489669, 0.4862745098039215619 ) ;
#751 = VERTEX_POINT ( 'NONE', #881 ) ;
#752 = STYLED_ITEM ( 'NONE', ( #1727 ), #471 ) ;
#753 = CARTESIAN_POINT ( 'NONE',  ( -0.4000000000000000222, -0.4991662969499981450, 0.5857142857142859649 ) ) ;
#754 = CARTESIAN_POINT ( 'NONE',  ( -0.4000000000000000222, -4.163336342344340478E-16, 0.0000000000000000000 ) ) ;
#755 = AXIS2_PLACEMENT_3D ( 'NONE', #1268, #1082, #2485 ) ;
#756 = ADVANCED_FACE ( 'NONE', ( #707 ), #1391, .T. ) ;
#757 = PRESENTATION_STYLE_ASSIGNMENT (( #2353 ) ) ;
#758 = CARTESIAN_POINT ( 'NONE',  ( 0.8799999999999995604, 0.4000000000000000222, 0.6000000000000000888 ) ) ;
#759 = CARTESIAN_POINT ( 'NONE',  ( -1.000942463843314423, -0.5000044412891049284, 0.5417157287525383724 ) ) ;
#760 = COLOUR_RGB ( '',0.9490196078431372140, 0.7960784313725489669, 0.4862745098039215619 ) ;
#761 = CIRCLE ( 'NONE', #1929, 0.1000000000000000472 ) ;
#762 = DIRECTION ( 'NONE',  ( -0.0000000000000000000, -1.000000000000000000, -0.0000000000000000000 ) ) ;
#763 = COLOUR_RGB ( '',0.6274509803921568540, 0.6274509803921568540, 0.6274509803921568540 ) ;
#764 = FILL_AREA_STYLE_COLOUR ( '', #2014 ) ;
#765 = ORIENTED_EDGE ( 'NONE', *, *, #276, .T. ) ;
#766 = SURFACE_SIDE_STYLE ('',( #2581 ) ) ;
#767 = LINE ( 'NONE', #1556, #519 ) ;
#768 = VERTEX_POINT ( 'NONE', #320 ) ;
#769 = CARTESIAN_POINT ( 'NONE',  ( 1.000000000000000000, -0.5000000000000000000, 0.02000000000000000042 ) ) ;
#770 = ORIENTED_EDGE ( 'NONE', *, *, #1129, .T. ) ;
#771 = SURFACE_SIDE_STYLE ('',( #187 ) ) ;
#772 = DIRECTION ( 'NONE',  ( 0.0000000000000000000, 0.0000000000000000000, 1.000000000000000000 ) ) ;
#773 = SURFACE_SIDE_STYLE ('',( #2168 ) ) ;
#774 = DIRECTION ( 'NONE',  ( 1.000000000000000000, -3.854941057726240069E-16, 0.0000000000000000000 ) ) ;
#775 = CARTESIAN_POINT ( 'NONE',  ( -0.8965430202748501110, -0.3999999999999999667, 0.5945130231684131461 ) ) ;
#776 = ORIENTED_EDGE ( 'NONE', *, *, #1, .F. ) ;
#777 = CARTESIAN_POINT ( 'NONE',  ( 1.000000000000000000, 0.5000000000000000000, 0.5397684778851892240 ) ) ;
#778 = ORIENTED_EDGE ( 'NONE', *, *, #2400, .T. ) ;
#779 = LINE ( 'NONE', #214, #557 ) ;
#780 = CARTESIAN_POINT ( 'NONE',  ( 1.000942488697218469, -0.5000044415233575457, 0.5300000000000000266 ) ) ;
#781 = LINE ( 'NONE', #435, #290 ) ;
#782 = EDGE_CURVE ( 'NONE', #2173, #2225, #1718, .T. ) ;
#783 = CARTESIAN_POINT ( 'NONE',  ( -0.9026521326652610089, 0.4306380469562600122, 0.5740224372877019698 ) ) ;
#784 = UNCERTAINTY_MEASURE_WITH_UNIT (LENGTH_MEASURE( 1.000000000000000082E-05 ), #322, 'distance_accuracy_value', 'NONE');
#785 = EDGE_LOOP ( 'NONE', ( #814, #490, #152, #356 ) ) ;
#786 =( GEOMETRIC_REPRESENTATION_CONTEXT ( 3 ) GLOBAL_UNCERTAINTY_ASSIGNED_CONTEXT ( ( #270 ) ) GLOBAL_UNIT_ASSIGNED_CONTEXT ( ( #1122, #1915, #511 ) ) REPRESENTATION_CONTEXT ( 'NONE', 'WORKASPACE' ) );
#787 = EDGE_CURVE ( 'NONE', #1139, #798, #1965, .T. ) ;
#788 =( NAMED_UNIT ( * ) PLANE_ANGLE_UNIT ( ) SI_UNIT ( $, .RADIAN. ) );
#789 = CARTESIAN_POINT ( 'NONE',  ( 0.8406486272871372956, 0.5470820393249941072, 0.5500000000000000444 ) ) ;
#790 = CARTESIAN_POINT ( 'NONE',  ( 1.387778780781450113E-16, -4.163336342344340478E-16, 0.5500000000000000444 ) ) ;
#791 = AXIS2_PLACEMENT_3D ( 'NONE', #8, #1362, #2392 ) ;
#792 = VERTEX_POINT ( 'NONE', #1493 ) ;
#793 =( GEOMETRIC_REPRESENTATION_CONTEXT ( 3 ) GLOBAL_UNCERTAINTY_ASSIGNED_CONTEXT ( ( #1278 ) ) GLOBAL_UNIT_ASSIGNED_CONTEXT ( ( #1123, #1916, #1134 ) ) REPRESENTATION_CONTEXT ( 'NONE', 'WORKASPACE' ) );
#794 = CARTESIAN_POINT ( 'NONE',  ( -0.5999999999999999778, 0.4799999999999999822, 0.0000000000000000000 ) ) ;
#795 = CARTESIAN_POINT ( 'NONE',  ( -0.9944522695586083261, 0.4938928014460023386, -4.868993690227508261E-17 ) ) ;
#796 = AXIS2_PLACEMENT_3D ( 'NONE', #439, #633, #1034 ) ;
#797 = DIRECTION ( 'NONE',  ( -1.000000000000000000, -0.0000000000000000000, -0.0000000000000000000 ) ) ;
#798 = VERTEX_POINT ( 'NONE', #1695 ) ;
#799 = CARTESIAN_POINT ( 'NONE',  ( 0.8991662969499977232, 0.4000000000000000222, 0.5857142857142858539 ) ) ;
#800 = VERTEX_POINT ( 'NONE', #717 ) ;
#801 = MECHANICAL_DESIGN_GEOMETRIC_PRESENTATION_REPRESENTATION (  '', ( #1193 ), #2106 ) ;
#802 = COLOUR_RGB ( '',0.6274509803921568540, 0.6274509803921568540, 0.6274509803921568540 ) ;
#803 = DIRECTION ( 'NONE',  ( -1.000000000000000000, 3.854941057726240069E-16, 0.0000000000000000000 ) ) ;
#804 = EDGE_LOOP ( 'NONE', ( #441, #2525, #2338, #1485, #2204, #203, #1075, #1947 ) ) ;
#805 = EDGE_CURVE ( 'NONE', #2456, #1747, #2508, .T. ) ;
#806 = VERTEX_POINT ( 'NONE', #2536 ) ;
#807 = FILL_AREA_STYLE ('',( #1805 ) ) ;
#808 =( NAMED_UNIT ( * ) SI_UNIT ( $, .STERADIAN. ) SOLID_ANGLE_UNIT ( ) );
#809 = DIRECTION ( 'NONE',  ( -1.000000000000000000, -0.0000000000000000000, 0.0000000000000000000 ) ) ;
#810 =( NAMED_UNIT ( * ) SI_UNIT ( $, .STERADIAN. ) SOLID_ANGLE_UNIT ( ) );
#811 = FILL_AREA_STYLE ('',( #657 ) ) ;
#812 = CARTESIAN_POINT ( 'NONE',  ( 1.000942463843314645, -0.5000044412891049284, 0.01999999999999999695 ) ) ;
#813 = CARTESIAN_POINT ( 'NONE',  ( -0.9030162197085810361, 0.5129405945768009678, 0.5500000000000000444 ) ) ;
#814 = ORIENTED_EDGE ( 'NONE', *, *, #2464, .F. ) ;
#815 = DIRECTION ( 'NONE',  ( 1.000000000000000000, 0.0000000000000000000, 0.0000000000000000000 ) ) ;
#816 = LINE ( 'NONE', #2467, #1586 ) ;
#817 = DIRECTION ( 'NONE',  ( 0.7071067811865474617, -0.7071067811865474617, -0.0000000000000000000 ) ) ;
#818 = ORIENTED_EDGE ( 'NONE', *, *, #1796, .F. ) ;
#819 = EDGE_CURVE ( 'NONE', #2016, #1659, #12, .T. ) ;
#820 = CARTESIAN_POINT ( 'NONE',  ( 0.7999999999999988232, -0.4991662969499981450, 0.5857142857142859649 ) ) ;
#821 =( NAMED_UNIT ( * ) SI_UNIT ( $, .STERADIAN. ) SOLID_ANGLE_UNIT ( ) );
#822 = ADVANCED_FACE ( 'NONE', ( #1572 ), #1563, .T. ) ;
#823 = DIRECTION ( 'NONE',  ( -1.000000000000000000, 3.854941057726240069E-16, 0.0000000000000000000 ) ) ;
#824 = CARTESIAN_POINT ( 'NONE',  ( -0.8327985529497839989, -0.5470820393249941072, 0.5500000000000000444 ) ) ;
#825 = B_SPLINE_CURVE_WITH_KNOTS ( 'NONE', 3,
 ( #1033, #399, #1781, #1617, #2440 ),
 .UNSPECIFIED., .F., .F.,
 ( 4, 1, 4 ),
 ( 0.0000000000000000000, 0.4285714285714288807, 1.000000000000000000 ),
 .UNSPECIFIED. ) ;
#826 =( LENGTH_UNIT ( ) NAMED_UNIT ( * ) SI_UNIT ( .MILLI., .METRE. ) );
#827 = EDGE_LOOP ( 'NONE', ( #428, #1372, #2201, #2277 ) ) ;
#828 = EDGE_LOOP ( 'NONE', ( #2445, #1621, #1999, #247 ) ) ;
#829 = SURFACE_STYLE_FILL_AREA ( #486 ) ;
#830 = FILL_AREA_STYLE ('',( #55 ) ) ;
#831 = AXIS2_PLACEMENT_3D ( 'NONE', #432, #2457, #668 ) ;
#832 = LINE ( 'NONE', #656, #1935 ) ;
#833 = ADVANCED_FACE ( 'NONE', ( #2132 ), #1352, .T. ) ;
#834 = LINE ( 'NONE', #88, #1548 ) ;
#835 = MECHANICAL_DESIGN_GEOMETRIC_PRESENTATION_REPRESENTATION (  '', ( #1107 ), #1183 ) ;
#836 = LINE ( 'NONE', #632, #1889 ) ;
#837 = EDGE_CURVE ( 'NONE', #2255, #1280, #166, .T. ) ;
#838 = COLOUR_RGB ( '',0.9490196078431372140, 0.7960784313725489669, 0.4862745098039215619 ) ;
#839 = SURFACE_STYLE_FILL_AREA ( #1629 ) ;
#840 = ORIENTED_EDGE ( 'NONE', *, *, #1691, .F. ) ;
#841 = STYLED_ITEM ( 'NONE', ( #2136 ), #1156 ) ;
#842 = VECTOR ( 'NONE', #762, 1000.000000000000000 ) ;
#843 = CARTESIAN_POINT ( 'NONE',  ( 0.8911137459656732762, 0.5366398151225020285, 2.542212260162547880E-16 ) ) ;
#844 = COLOUR_RGB ( '',0.6274509803921568540, 0.6274509803921568540, 0.6274509803921568540 ) ;
#845 = DIRECTION ( 'NONE',  ( 1.000000000000000000, 1.445602896647339903E-16, 0.0000000000000000000 ) ) ;
#846 = EDGE_LOOP ( 'NONE', ( #446, #196, #913, #1804 ) ) ;
#847 = CARTESIAN_POINT ( 'NONE',  ( 0.7999999999999989342, -0.5470820393249941072, 0.5499999999999999334 ) ) ;
#848 = CARTESIAN_POINT ( 'NONE',  ( 0.0000000000000000000, -0.4800000000000000377, 0.5999999999999999778 ) ) ;
#849 = DIRECTION ( 'NONE',  ( -1.000000000000000000, 3.854941057726240069E-16, 0.0000000000000000000 ) ) ;
#850 = CARTESIAN_POINT ( 'NONE',  ( 0.8904895933918425266, 0.5278723025735410079, 0.0000000000000000000 ) ) ;
#851 = ADVANCED_FACE ( 'NONE', ( #1835 ), #2398, .T. ) ;
#852 = ORIENTED_EDGE ( 'NONE', *, *, #2158, .F. ) ;
#853 = FACE_OUTER_BOUND ( 'NONE', #1356, .T. ) ;
#854 = CARTESIAN_POINT ( 'NONE',  ( 0.9800000000000010925, -4.163336342344340478E-16, 0.5500000000000000444 ) ) ;
#855 = ORIENTED_EDGE ( 'NONE', *, *, #2464, .T. ) ;
#856 = CARTESIAN_POINT ( 'NONE',  ( -0.9000000000000000222, -0.5409826644504893700, 0.01999999999999999695 ) ) ;
#857 = B_SPLINE_CURVE_WITH_KNOTS ( 'NONE', 3,
 ( #2043, #2466, #267, #103 ),
 .UNSPECIFIED., .F., .F.,
 ( 4, 4 ),
 ( 0.0000000000000000000, 1.000000000000000000 ),
 .UNSPECIFIED. ) ;
#858 = PLANE ( 'NONE',  #2410 ) ;
#859 = ORIENTED_EDGE ( 'NONE', *, *, #1670, .T. ) ;
#860 = SURFACE_SIDE_STYLE ('',( #1254 ) ) ;
#861 = CARTESIAN_POINT ( 'NONE',  ( -0.8793328861745889347, 0.5297846113963855519, 0.5500000000000001554 ) ) ;
#862 = ORIENTED_EDGE ( 'NONE', *, *, #2325, .F. ) ;
#863 = SURFACE_STYLE_USAGE ( .BOTH. , #701 ) ;
#864 = DIRECTION ( 'NONE',  ( 0.0000000000000000000, 0.0000000000000000000, -1.000000000000000000 ) ) ;
#865 =( NAMED_UNIT ( * ) PLANE_ANGLE_UNIT ( ) SI_UNIT ( $, .RADIAN. ) );
#866 = ORIENTED_EDGE ( 'NONE', *, *, #1534, .F. ) ;
#867 = CARTESIAN_POINT ( 'NONE',  ( -0.8565535919245467200, 0.4965430202748503663, 0.5945130231684130351 ) ) ;
#868 = ORIENTED_EDGE ( 'NONE', *, *, #578, .T. ) ;
#869 = UNCERTAINTY_MEASURE_WITH_UNIT (LENGTH_MEASURE( 1.000000000000000082E-05 ), #2181, 'distance_accuracy_value', 'NONE');
#870 = EDGE_CURVE ( 'NONE', #798, #2066, #1957, .T. ) ;
#871 = CARTESIAN_POINT ( 'NONE',  ( 0.0000000000000000000, 0.0000000000000000000, 0.5999999999999999778 ) ) ;
#872 = VERTEX_POINT ( 'NONE', #2224 ) ;
#873 = CARTESIAN_POINT ( 'NONE',  ( 0.8965430202748512212, -0.3999999999999998557, 0.5945130231684133681 ) ) ;
#874 = FILL_AREA_STYLE ('',( #1084 ) ) ;
#875 = LINE ( 'NONE', #893, #1018 ) ;
#876 = PRESENTATION_LAYER_ASSIGNMENT (  '', '', ( #1926 ) ) ;
#877 = CARTESIAN_POINT ( 'NONE',  ( -0.8000000000000000444, -0.5470820393249941072, 0.5499999999999999334 ) ) ;
#878 = LINE ( 'NONE', #1875, #935 ) ;
#879 = ORIENTED_EDGE ( 'NONE', *, *, #718, .T. ) ;
#880 = CARTESIAN_POINT ( 'NONE',  ( -0.8991662969499977232, -0.4000000000000000222, 0.5857142857142858539 ) ) ;
#881 = CARTESIAN_POINT ( 'NONE',  ( 0.7999999999999989342, -0.5470820393249941072, 0.5499999999999999334 ) ) ;
#882 = DIRECTION ( 'NONE',  ( 0.0000000000000000000, 0.0000000000000000000, 1.000000000000000000 ) ) ;
#883 = MECHANICAL_DESIGN_GEOMETRIC_PRESENTATION_REPRESENTATION (  '', ( #1152 ), #361 ) ;
#884 = CARTESIAN_POINT ( 'NONE',  ( 1.000000000000000000, 0.5000000000000000000, 0.5300000000000001377 ) ) ;
#885 = ORIENTED_EDGE ( 'NONE', *, *, #1169, .F. ) ;
#886 = FACE_OUTER_BOUND ( 'NONE', #661, .T. ) ;
#887 = CARTESIAN_POINT ( 'NONE',  ( -0.9000000000000000222, -0.5999999999999998668, 0.02000000000000000042 ) ) ;
#888 = ADVANCED_FACE ( 'NONE', ( #660 ), #1453, .T. ) ;
#889 = EDGE_LOOP ( 'NONE', ( #1820, #1103, #1336, #1591 ) ) ;
#890 =( GEOMETRIC_REPRESENTATION_CONTEXT ( 3 ) GLOBAL_UNCERTAINTY_ASSIGNED_CONTEXT ( ( #2182 ) ) GLOBAL_UNIT_ASSIGNED_CONTEXT ( ( #1709, #1686, #1494 ) ) REPRESENTATION_CONTEXT ( 'NONE', 'WORKASPACE' ) );
#891 = CARTESIAN_POINT ( 'NONE',  ( 0.8800053295469263404, 0.6011309566119772407, 0.5500000000000001554 ) ) ;
#892 = FILL_AREA_STYLE_COLOUR ( '', #844 ) ;
#893 = CARTESIAN_POINT ( 'NONE',  ( -0.4000000000000000222, -0.4800000000000000377, 0.0000000000000000000 ) ) ;
#894 = FILL_AREA_STYLE ('',( #1512 ) ) ;
#895 = DIRECTION ( 'NONE',  ( 0.0000000000000000000, 0.0000000000000000000, 1.000000000000000000 ) ) ;
#896 = CARTESIAN_POINT ( 'NONE',  ( 0.8308967725649980540, 0.5379317205724299944, 0.5500000000000000444 ) ) ;
#897 = CARTESIAN_POINT ( 'NONE',  ( -0.8468629150101522063, 0.4799999999999998157, 0.6000000000000000888 ) ) ;
#898 = DIRECTION ( 'NONE',  ( 1.000000000000000000, 0.0000000000000000000, 0.0000000000000000000 ) ) ;
#899 = CARTESIAN_POINT ( 'NONE',  ( 0.8800000000000000044, -0.2000000000000000111, 0.5799999999999999600 ) ) ;
#900 = DIRECTION ( 'NONE',  ( 0.0000000000000000000, 0.0000000000000000000, 1.000000000000000000 ) ) ;
#901 = B_SPLINE_SURFACE_WITH_KNOTS ( 'NONE', 3, 3, ( 
 ( #1824, #824, #1001, #453, #2460 ),
 ( #702, #1703, #2490, #694, #91 ),
 ( #79, #1477, #669, #2053, #1072 ),
 ( #1887, #278, #2248, #1850, #1462 ),
 ( #2291, #2299, #1692, #1087, #2261 ) ),
 .UNSPECIFIED., .F., .F., .F.,
 ( 4, 1, 4 ),
 ( 4, 1, 4 ),
 ( 0.0000000000000000000, 0.5714285714285709528, 1.000000000000000000 ),
 ( 0.09185932393958690101, 0.1016988898245220069, 0.1148183110044359995 ),
 .UNSPECIFIED. ) ;
#902 = CARTESIAN_POINT ( 'NONE',  ( -1.000000000000000000, 0.2500000000000000000, 0.5300000000000001377 ) ) ;
#903 = DIRECTION ( 'NONE',  ( 1.000000000000000000, -1.445602896647339903E-16, 0.0000000000000000000 ) ) ;
#904 = VERTEX_POINT ( 'NONE', #2010 ) ;
#905 = CARTESIAN_POINT ( 'NONE',  ( -0.8580902718229908022, -0.4991662969499978120, 0.5857142857142857428 ) ) ;
#906 = PLANE ( 'NONE',  #650 ) ;
#907 = EDGE_CURVE ( 'NONE', #1469, #1280, #1613, .T. ) ;
#908 = CARTESIAN_POINT ( 'NONE',  ( -0.9799999999999999822, 0.4816784043380079594, 0.5500000000000001554 ) ) ;
#909 = LINE ( 'NONE', #1677, #567 ) ;
#910 = SURFACE_STYLE_USAGE ( .BOTH. , #2283 ) ;
#911 = CARTESIAN_POINT ( 'NONE',  ( -0.8891814683630133720, 0.3999999999999999112, 0.5999999999999998668 ) ) ;
#912 = CARTESIAN_POINT ( 'NONE',  ( -0.8000000000000000444, -0.4800000000000000377, 0.5799999999999999600 ) ) ;
#913 = ORIENTED_EDGE ( 'NONE', *, *, #1497, .F. ) ;
#914 = CARTESIAN_POINT ( 'NONE',  ( 0.8981982029742499041, -0.5981533415602490189, 0.009711321431965369913 ) ) ;
#915 = FILL_AREA_STYLE_COLOUR ( '', #1590 ) ;
#916 = ORIENTED_EDGE ( 'NONE', *, *, #1991, .F. ) ;
#917 = CARTESIAN_POINT ( 'NONE',  ( 0.8917205379700796630, 0.6010205401045038975, 0.5500000000000000444 ) ) ;
#918 =( NAMED_UNIT ( * ) PLANE_ANGLE_UNIT ( ) SI_UNIT ( $, .RADIAN. ) );
#919 = EDGE_CURVE ( 'NONE', #266, #41, #77, .T. ) ;
#920 = STYLED_ITEM ( 'NONE', ( #1937 ), #108 ) ;
#921 = CARTESIAN_POINT ( 'NONE',  ( -0.4000000000000000222, 0.2800000000000000266, 0.0000000000000000000 ) ) ;
#922 = CARTESIAN_POINT ( 'NONE',  ( -0.8991662969499978342, 0.4000000000000005773, 0.5857142857142858539 ) ) ;
#923 = VECTOR ( 'NONE', #381, 1000.000000000000000 ) ;
#924 = FILL_AREA_STYLE ('',( #1329 ) ) ;
#925 = EDGE_CURVE ( 'NONE', #2115, #1694, #1813, .T. ) ;
#926 = STYLED_ITEM ( 'NONE', ( #558 ), #833 ) ;
#927 = CARTESIAN_POINT ( 'NONE',  ( 1.000000000000000000, -0.5999999999999999778, 0.5300000000000001377 ) ) ;
#928 = UNCERTAINTY_MEASURE_WITH_UNIT (LENGTH_MEASURE( 1.000000000000000082E-05 ), #1381, 'distance_accuracy_value', 'NONE');
#929 = PLANE ( 'NONE',  #1633 ) ;
#930 = COLOUR_RGB ( '',0.9529411764705881804, 0.8980392156862745390, 0.6549019607843137303 ) ;
#931 = CARTESIAN_POINT ( 'NONE',  ( 0.9799999999999999822, 0.4816784043380079594, 0.0000000000000000000 ) ) ;
#932 = ORIENTED_EDGE ( 'NONE', *, *, #1866, .T. ) ;
#933 = SURFACE_STYLE_USAGE ( .BOTH. , #149 ) ;
#934 = CARTESIAN_POINT ( 'NONE',  ( 0.7999999999999990452, -0.5348816143215759933, 0.5500000000000000444 ) ) ;
#935 = VECTOR ( 'NONE', #895, 1000.000000000000000 ) ;
#936 = ORIENTED_EDGE ( 'NONE', *, *, #1187, .T. ) ;
#937 = CARTESIAN_POINT ( 'NONE',  ( 1.000942463843314423, 0.5000044412891050394, 0.5417157287525380394 ) ) ;
#938 = DIRECTION ( 'NONE',  ( 0.0000000000000000000, 0.0000000000000000000, -1.000000000000000000 ) ) ;
#939 = B_SPLINE_CURVE_WITH_KNOTS ( 'NONE', 3,
 ( #2033, #1602, #2001, #1839, #66 ),
 .UNSPECIFIED., .F., .F.,
 ( 4, 1, 4 ),
 ( 0.0000000000000000000, 0.4285714285714290472, 1.000000000000000000 ),
 .UNSPECIFIED. ) ;
#940 = VECTOR ( 'NONE', #1147, 1000.000000000000000 ) ;
#941 =( BOUNDED_CURVE ( )  B_SPLINE_CURVE ( 3, ( #1744, #1969, #4, #2402 ),
 .UNSPECIFIED., .F., .F. ) 
 B_SPLINE_CURVE_WITH_KNOTS ( ( 4, 4 ),
 ( 0.0000000000000000000, 1.000000000000000000 ),
 .UNSPECIFIED. ) 
 CURVE ( )  GEOMETRIC_REPRESENTATION_ITEM ( )  RATIONAL_B_SPLINE_CURVE ( ( 1.000000000000000000, 0.8767118793174326630, 0.8767118793174326630, 1.000000000000000000 ) ) 
 REPRESENTATION_ITEM ( '' )  );
#942 =( GEOMETRIC_REPRESENTATION_CONTEXT ( 3 ) GLOBAL_UNCERTAINTY_ASSIGNED_CONTEXT ( ( #928 ) ) GLOBAL_UNIT_ASSIGNED_CONTEXT ( ( #1381, #1419, #53 ) ) REPRESENTATION_CONTEXT ( 'NONE', 'WORKASPACE' ) );
#943 = EDGE_CURVE ( 'NONE', #2115, #1907, #2262, .T. ) ;
#944 = PRESENTATION_STYLE_ASSIGNMENT (( #375 ) ) ;
#945 = DIRECTION ( 'NONE',  ( 0.0000000000000000000, 0.0000000000000000000, 1.000000000000000000 ) ) ;
#946 = ADVANCED_FACE ( 'NONE', ( #1120 ), #1088, .T. ) ;
#947 = CARTESIAN_POINT ( 'NONE',  ( -0.9000044412891050616, 0.6009424638433144006, 0.008284271247461571369 ) ) ;
#948 = ORIENTED_EDGE ( 'NONE', *, *, #2046, .F. ) ;
#949 = CARTESIAN_POINT ( 'NONE',  ( 0.9470820393249930191, 0.4000000000000000777, 0.5499999999999999334 ) ) ;
#950 = CARTESIAN_POINT ( 'NONE',  ( 0.9348816143215760155, -0.4300727092234959970, 0.5500000000000000444 ) ) ;
#951 = CARTESIAN_POINT ( 'NONE',  ( 0.0000000000000000000, -0.4800000000000000377, 0.0000000000000000000 ) ) ;
#952 = CARTESIAN_POINT ( 'NONE',  ( -0.8580902718229910242, 0.4991662969499973124, 0.5857142857142859649 ) ) ;
#953 = SURFACE_STYLE_USAGE ( .BOTH. , #988 ) ;
#954 = CARTESIAN_POINT ( 'NONE',  ( -0.7999999999999989342, 0.5470820393249941072, 0.5499999999999999334 ) ) ;
#955 = VERTEX_POINT ( 'NONE', #1657 ) ;
#956 = FACE_OUTER_BOUND ( 'NONE', #134, .T. ) ;
#957 = CARTESIAN_POINT ( 'NONE',  ( 0.9470820393249931302, 0.4403516156988051544, 0.5500000000000000444 ) ) ;
#958 = CARTESIAN_POINT ( 'NONE',  ( 0.8991662969499979452, -0.4221135840669290040, 0.5857142857142859649 ) ) ;
#959 = EDGE_CURVE ( 'NONE', #338, #2244, #1900, .T. ) ;
#960 = B_SPLINE_CURVE_WITH_KNOTS ( 'NONE', 3,
 ( #1511, #1347, #360, #1154 ),
 .UNSPECIFIED., .F., .F.,
 ( 4, 4 ),
 ( 0.0000000000000000000, 1.000000000000000000 ),
 .UNSPECIFIED. ) ;
#961 = VERTEX_POINT ( 'NONE', #704 ) ;
#962 = DIRECTION ( 'NONE',  ( 0.0000000000000000000, 0.0000000000000000000, -1.000000000000000000 ) ) ;
#963 = B_SPLINE_CURVE_WITH_KNOTS ( 'NONE', 3,
 ( #1341, #1368, #194, #1981, #2346 ),
 .UNSPECIFIED., .F., .F.,
 ( 4, 1, 4 ),
 ( 0.0000000000000000000, 0.4285714285714290472, 1.000000000000000000 ),
 .UNSPECIFIED. ) ;
#964 = DIRECTION ( 'NONE',  ( 0.0000000000000000000, 0.0000000000000000000, 1.000000000000000000 ) ) ;
#965 = MECHANICAL_DESIGN_GEOMETRIC_PRESENTATION_REPRESENTATION (  '', ( #2518 ), #786 ) ;
#966 = VECTOR ( 'NONE', #745, 1000.000000000000000 ) ;
#967 = ORIENTED_EDGE ( 'NONE', *, *, #1971, .F. ) ;
#968 =( GEOMETRIC_REPRESENTATION_CONTEXT ( 3 ) GLOBAL_UNCERTAINTY_ASSIGNED_CONTEXT ( ( #2433 ) ) GLOBAL_UNIT_ASSIGNED_CONTEXT ( ( #2339, #551, #2512 ) ) REPRESENTATION_CONTEXT ( 'NONE', 'WORKASPACE' ) );
#969 = DIRECTION ( 'NONE',  ( 1.000000000000000000, 3.854941057726239700E-17, 0.0000000000000000000 ) ) ;
#970 = ORIENTED_EDGE ( 'NONE', *, *, #1218, .F. ) ;
#971 = DIRECTION ( 'NONE',  ( -1.387778780781439956E-15, 1.000000000000000000, 0.0000000000000000000 ) ) ;
#972 = AXIS2_PLACEMENT_3D ( 'NONE', #927, #309, #1290 ) ;
#973 = VERTEX_POINT ( 'NONE', #493 ) ;
#974 = DIRECTION ( 'NONE',  ( 0.0000000000000000000, -1.000000000000000000, 0.0000000000000000000 ) ) ;
#975 = EDGE_CURVE ( 'NONE', #1933, #2225, #299, .T. ) ;
#976 = FACE_OUTER_BOUND ( 'NONE', #1574, .T. ) ;
#977 = DIRECTION ( 'NONE',  ( 0.0000000000000000000, -1.000000000000000000, -0.0000000000000000000 ) ) ;
#978 = CIRCLE ( 'NONE', #1626, 0.1000000000000000472 ) ;
#979 = CARTESIAN_POINT ( 'NONE',  ( -0.9366398151225021618, -0.4911137459656728654, 0.5500000000000004885 ) ) ;
#980 = VECTOR ( 'NONE', #774, 1000.000000000000000 ) ;
#981 = ORIENTED_EDGE ( 'NONE', *, *, #425, .T. ) ;
#982 = PLANE ( 'NONE',  #2139 ) ;
#983 = VERTEX_POINT ( 'NONE', #1491 ) ;
#984 = ORIENTED_EDGE ( 'NONE', *, *, #258, .T. ) ;
#985 = CARTESIAN_POINT ( 'NONE',  ( 0.8800000000000010036, 0.4800000000000000377, 0.1000000000000000056 ) ) ;
#986 = CARTESIAN_POINT ( 'NONE',  ( 0.8580902718229909132, 0.4991662969499975899, 0.5857142857142857428 ) ) ;
#987 = EDGE_CURVE ( 'NONE', #1168, #2250, #1495, .T. ) ;
#988 = SURFACE_SIDE_STYLE ('',( #695 ) ) ;
#989 = DIRECTION ( 'NONE',  ( 0.0000000000000000000, 0.0000000000000000000, -1.000000000000000000 ) ) ;
#990 = EDGE_CURVE ( 'NONE', #2481, #1907, #1300, .T. ) ;
#991 = CARTESIAN_POINT ( 'NONE',  ( -0.8766397069468679915, 0.4840414875620540625, 0.5740224372877019698 ) ) ;
#992 = CARTESIAN_POINT ( 'NONE',  ( -0.7999999999999994893, 0.4991662969499981450, 0.5857142857142858539 ) ) ;
#993 = ORIENTED_EDGE ( 'NONE', *, *, #1126, .F. ) ;
#994 =( LENGTH_UNIT ( ) NAMED_UNIT ( * ) SI_UNIT ( .MILLI., .METRE. ) );
#995 = PLANE ( 'NONE',  #2100 ) ;
#996 = ORIENTED_EDGE ( 'NONE', *, *, #2426, .F. ) ;
#997 = LINE ( 'NONE', #2368, #1471 ) ;
#998 = CARTESIAN_POINT ( 'NONE',  ( 0.4000000000000000222, -0.4800000000000000377, 0.0000000000000000000 ) ) ;
#999 = SURFACE_STYLE_USAGE ( .BOTH. , #231 ) ;
#1000 = CARTESIAN_POINT ( 'NONE',  ( -0.8800000000000010036, 0.4800000000000000377, 0.1000000000000000056 ) ) ;
#1001 = CARTESIAN_POINT ( 'NONE',  ( -0.9102623289772150406, -0.5201627726603810231, 0.5500000000000000444 ) ) ;
#1002 = ORIENTED_EDGE ( 'NONE', *, *, #76, .T. ) ;
#1003 = CARTESIAN_POINT ( 'NONE',  ( -0.8307923679758570934, 0.5379317205724309936, 0.5500000000000000444 ) ) ;
#1004 = EDGE_LOOP ( 'NONE', ( #1308, #1995, #2483, #1271 ) ) ;
#1005 = AXIS2_PLACEMENT_3D ( 'NONE', #1535, #2556, #2341 ) ;
#1006 = CARTESIAN_POINT ( 'NONE',  ( 0.9999999999999995559, 0.5000000000000000000, 0.02000000000000000042 ) ) ;
#1007 = CARTESIAN_POINT ( 'NONE',  ( -0.8917157287525377951, -0.5999999999999999778, -3.805238783766917520E-16 ) ) ;
#1008 = VECTOR ( 'NONE', #2288, 1000.000000000000000 ) ;
#1009 = VERTEX_POINT ( 'NONE', #877 ) ;
#1010 = CIRCLE ( 'NONE', #972, 0.09999999999999993616 ) ;
#1011 = CARTESIAN_POINT ( 'NONE',  ( 0.8800000000000010036, 0.4800000000000000377, 0.1000000000000000056 ) ) ;
#1012 = CARTESIAN_POINT ( 'NONE',  ( 0.4000000000000000222, -0.4800000000000000933, 0.1000000000000000056 ) ) ;
#1013 = DIRECTION ( 'NONE',  ( 0.0000000000000000000, -1.000000000000000000, -0.0000000000000000000 ) ) ;
#1014 = DIRECTION ( 'NONE',  ( 0.0000000000000000000, 0.0000000000000000000, 1.000000000000000000 ) ) ;
#1015 = COLOUR_RGB ( '',0.2196078431372548989, 0.1686274509803921684, 0.1411764705882352922 ) ;
#1016 = VECTOR ( 'NONE', #253, 1000.000000000000000 ) ;
#1017 = CARTESIAN_POINT ( 'NONE',  ( 0.8816784043380080371, 0.5799999999999999600, 0.0000000000000000000 ) ) ;
#1018 = VECTOR ( 'NONE', #864, 1000.000000000000000 ) ;
#1019 = ORIENTED_EDGE ( 'NONE', *, *, #1991, .T. ) ;
#1020 = ADVANCED_FACE ( 'NONE', ( #509 ), #2209, .T. ) ;
#1021 = FACE_OUTER_BOUND ( 'NONE', #199, .T. ) ;
#1022 = PLANE ( 'NONE',  #2312 ) ;
#1023 = DIRECTION ( 'NONE',  ( -1.000000000000000000, 0.0000000000000000000, 0.0000000000000000000 ) ) ;
#1024 = CIRCLE ( 'NONE', #292, 0.1000000000000000472 ) ;
#1025 = EDGE_CURVE ( 'NONE', #1783, #1139, #409, .T. ) ;
#1026 = ORIENTED_EDGE ( 'NONE', *, *, #183, .F. ) ;
#1027 =( NAMED_UNIT ( * ) PLANE_ANGLE_UNIT ( ) SI_UNIT ( $, .RADIAN. ) );
#1028 = CARTESIAN_POINT ( 'NONE',  ( -0.9799999999999999822, -0.4816784043380071267, 0.5500000000000001554 ) ) ;
#1029 =( NAMED_UNIT ( * ) PLANE_ANGLE_UNIT ( ) SI_UNIT ( $, .RADIAN. ) );
#1030 = PRODUCT_CONTEXT ( 'NONE', #1554, 'mechanical' ) ;
#1031 = LINE ( 'NONE', #1671, #58 ) ;
#1032 = SURFACE_STYLE_FILL_AREA ( #811 ) ;
#1033 = CARTESIAN_POINT ( 'NONE',  ( -0.7999999999999989342, 0.5470820393249941072, 0.5499999999999999334 ) ) ;
#1034 = DIRECTION ( 'NONE',  ( 0.0000000000000000000, 1.000000000000000000, 0.0000000000000000000 ) ) ;
#1035 = VERTEX_POINT ( 'NONE', #985 ) ;
#1036 = CARTESIAN_POINT ( 'NONE',  ( -0.4000000000000000222, -0.4800000000000000933, 0.0000000000000000000 ) ) ;
#1037 = SURFACE_SIDE_STYLE ('',( #1840 ) ) ;
#1038 = EDGE_CURVE ( 'NONE', #2327, #1588, #1215, .T. ) ;
#1039 = ORIENTED_EDGE ( 'NONE', *, *, #217, .T. ) ;
#1040 = SURFACE_STYLE_USAGE ( .BOTH. , #1067 ) ;
#1041 = FACE_OUTER_BOUND ( 'NONE', #1236, .T. ) ;
#1042 = EDGE_CURVE ( 'NONE', #2244, #2481, #2423, .T. ) ;
#1043 =( NAMED_UNIT ( * ) SI_UNIT ( $, .STERADIAN. ) SOLID_ANGLE_UNIT ( ) );
#1044 = CARTESIAN_POINT ( 'NONE',  ( -0.9000000000000001332, -0.5999999999999998668, 0.5364916814652804788 ) ) ;
#1045 = LINE ( 'NONE', #848, #1016 ) ;
#1046 = SURFACE_STYLE_FILL_AREA ( #2414 ) ;
#1047 = CARTESIAN_POINT ( 'NONE',  ( 0.8816784043380080371, 0.5799999999999999600, 0.0000000000000000000 ) ) ;
#1048 = ORIENTED_EDGE ( 'NONE', *, *, #718, .F. ) ;
#1049 =( NAMED_UNIT ( * ) PLANE_ANGLE_UNIT ( ) SI_UNIT ( $, .RADIAN. ) );
#1050 = DIRECTION ( 'NONE',  ( 0.0000000000000000000, 0.0000000000000000000, 1.000000000000000000 ) ) ;
#1051 = FACE_OUTER_BOUND ( 'NONE', #654, .T. ) ;
#1052 = PRESENTATION_LAYER_ASSIGNMENT (  '', '', ( #920 ) ) ;
#1053 = ORIENTED_EDGE ( 'NONE', *, *, #1746, .F. ) ;
#1054 = MECHANICAL_DESIGN_GEOMETRIC_PRESENTATION_REPRESENTATION (  '', ( #1926 ), #793 ) ;
#1055 = EDGE_CURVE ( 'NONE', #1422, #2035, #600, .T. ) ;
#1056 = ORIENTED_EDGE ( 'NONE', *, *, #645, .F. ) ;
#1057 = SURFACE_STYLE_FILL_AREA ( #1256 ) ;
#1058 = CYLINDRICAL_SURFACE ( 'NONE', #605, 0.02000000000000005246 ) ;
#1059 = MECHANICAL_DESIGN_GEOMETRIC_PRESENTATION_REPRESENTATION (  '', ( #1757 ), #357 ) ;
#1060 = CARTESIAN_POINT ( 'NONE',  ( 0.9800000000000010925, -0.4816784043380069602, 0.5500000000000001554 ) ) ;
#1061 = EDGE_LOOP ( 'NONE', ( #1585, #1053, #2174, #993 ) ) ;
#1062 = AXIS2_PLACEMENT_3D ( 'NONE', #547, #494, #1340 ) ;
#1063 = CARTESIAN_POINT ( 'NONE',  ( 0.9297846113963852410, -0.4793328861745879133, 0.0000000000000000000 ) ) ;
#1064 = LINE ( 'NONE', #854, #1180 ) ;
#1065 =( LENGTH_UNIT ( ) NAMED_UNIT ( * ) SI_UNIT ( .MILLI., .METRE. ) );
#1066 = ORIENTED_EDGE ( 'NONE', *, *, #1571, .T. ) ;
#1067 = SURFACE_SIDE_STYLE ('',( #829 ) ) ;
#1068 = CARTESIAN_POINT ( 'NONE',  ( 0.8991662969499980562, -0.3999999999999998557, 0.5857142857142859649 ) ) ;
#1069 = EDGE_LOOP ( 'NONE', ( #1922, #1389, #2363, #1967 ) ) ;
#1070 = CARTESIAN_POINT ( 'NONE',  ( -1.000000000000000000, 0.5000000000000000000, 0.02000000000000000042 ) ) ;
#1071 = ADVANCED_FACE ( 'NONE', ( #976 ), #1658, .T. ) ;
#1072 = CARTESIAN_POINT ( 'NONE',  ( -0.9136183922132361523, -0.4000000000000000222, 0.5581628751257230459 ) ) ;
#1073 = CARTESIAN_POINT ( 'NONE',  ( 0.9800000000000010925, -0.2499999999999990286, 0.5300000000000001377 ) ) ;
#1074 = DIRECTION ( 'NONE',  ( -1.000000000000000000, 3.854941057726240069E-16, 0.0000000000000000000 ) ) ;
#1075 = ORIENTED_EDGE ( 'NONE', *, *, #393, .T. ) ;
#1076 = ADVANCED_FACE ( 'NONE', ( #1041 ), #1833, .T. ) ;
#1077 = PRODUCT_DEFINITION_SHAPE ( 'NONE', 'NONE',  #1815 ) ;
#1078 = SURFACE_SIDE_STYLE ('',( #1856 ) ) ;
#1079 = CARTESIAN_POINT ( 'NONE',  ( -0.8000000000000003775, 0.4965430202748510879, 0.5945130231684131461 ) ) ;
#1080 = ORIENTED_EDGE ( 'NONE', *, *, #837, .T. ) ;
#1081 = LINE ( 'NONE', #48, #1227 ) ;
#1082 = DIRECTION ( 'NONE',  ( 0.0000000000000000000, 0.0000000000000000000, -1.000000000000000000 ) ) ;
#1083 = ORIENTED_EDGE ( 'NONE', *, *, #703, .F. ) ;
#1084 = FILL_AREA_STYLE_COLOUR ( '', #2302 ) ;
#1085 = ORIENTED_EDGE ( 'NONE', *, *, #125, .F. ) ;
#1086 = CARTESIAN_POINT ( 'NONE',  ( -0.9999999999999997780, -0.5000000000000000000, 0.01350831853476310018 ) ) ;
#1087 = CARTESIAN_POINT ( 'NONE',  ( -0.8991662969499979452, -0.4295201630636619750, 0.5857142857142859649 ) ) ;
#1088 = CYLINDRICAL_SURFACE ( 'NONE', #1354, 0.02000000000000005246 ) ;
#1089 = FACE_OUTER_BOUND ( 'NONE', #1566, .T. ) ;
#1090 = CARTESIAN_POINT ( 'NONE',  ( 0.7999999999999990452, -0.5017806737364449710, 0.5769453993943479686 ) ) ;
#1091 = B_SPLINE_CURVE_WITH_KNOTS ( 'NONE', 3,
 ( #2342, #1767, #2589, #555 ),
 .UNSPECIFIED., .F., .F.,
 ( 4, 4 ),
 ( 0.0000000000000000000, 1.000000000000000000 ),
 .UNSPECIFIED. ) ;
#1092 = EDGE_CURVE ( 'NONE', #148, #2086, #1950, .T. ) ;
#1093 = CARTESIAN_POINT ( 'NONE',  ( 0.9366398151225021618, -0.4911137459656728654, -2.868729613351059379E-16 ) ) ;
#1094 = DIRECTION ( 'NONE',  ( 1.000000000000000000, 1.445602896647339903E-16, 0.0000000000000000000 ) ) ;
#1095 = EDGE_LOOP ( 'NONE', ( #550, #365, #2583, #94 ) ) ;
#1096 = CARTESIAN_POINT ( 'NONE',  ( -0.8816784043380080371, 0.5800000000000008482, 0.0000000000000000000 ) ) ;
#1097 = UNCERTAINTY_MEASURE_WITH_UNIT (LENGTH_MEASURE( 1.000000000000000082E-05 ), #2069, 'distance_accuracy_value', 'NONE');
#1098 = FILL_AREA_STYLE ('',( #697 ) ) ;
#1099 = ORIENTED_EDGE ( 'NONE', *, *, #2046, .T. ) ;
#1100 = LINE ( 'NONE', #2310, #1923 ) ;
#1101 = ORIENTED_EDGE ( 'NONE', *, *, #2461, .T. ) ;
#1102 = CLOSED_SHELL ( 'NONE', ( #2548, #888, #1876, #1380, #2140, #272 ) ) ;
#1103 = ORIENTED_EDGE ( 'NONE', *, *, #2400, .F. ) ;
#1104 = CIRCLE ( 'NONE', #2520, 0.02000000000000005246 ) ;
#1105 = COLOUR_RGB ( '',0.9490196078431372140, 0.7960784313725489669, 0.4862745098039215619 ) ;
#1106 = CARTESIAN_POINT ( 'NONE',  ( 0.9036033210023040052, 0.5124041685264230095, 0.5500000000000000444 ) ) ;
#1107 = STYLED_ITEM ( 'NONE', ( #1274 ), #946 ) ;
#1108 = CARTESIAN_POINT ( 'NONE',  ( 0.8800000000000010036, -0.4800000000000000377, 0.0000000000000000000 ) ) ;
#1109 = STYLED_ITEM ( 'NONE', ( #618 ), #2469 ) ;
#1110 = ORIENTED_EDGE ( 'NONE', *, *, #2515, .F. ) ;
#1111 =( LENGTH_UNIT ( ) NAMED_UNIT ( * ) SI_UNIT ( .MILLI., .METRE. ) );
#1112 = AXIS2_PLACEMENT_3D ( 'NONE', #577, #1570, #2155 ) ;
#1113 = ADVANCED_FACE ( 'NONE', ( #1294 ), #1884, .F. ) ;
#1114 = ORIENTED_EDGE ( 'NONE', *, *, #1720, .T. ) ;
#1115 = VECTOR ( 'NONE', #809, 1000.000000000000000 ) ;
#1116 = CARTESIAN_POINT ( 'NONE',  ( 0.8994440718121572420, 0.5414871761636546044, 0.5300000000000000266 ) ) ;
#1117 = CARTESIAN_POINT ( 'NONE',  ( 0.8965430202748501110, 0.3999999999999999667, 0.5945130231684131461 ) ) ;
#1118 =( BOUNDED_CURVE ( )  B_SPLINE_CURVE ( 3, ( #2436, #1624, #1423, #9 ),
 .UNSPECIFIED., .F., .T. ) 
 B_SPLINE_CURVE_WITH_KNOTS ( ( 4, 4 ),
 ( 0.0000000000000000000, 1.000000000000000000 ),
 .UNSPECIFIED. ) 
 CURVE ( )  GEOMETRIC_REPRESENTATION_ITEM ( )  RATIONAL_B_SPLINE_CURVE ( ( 1.000000000000000000, 0.8767118793174356606, 0.8767118793174356606, 1.000000000000000000 ) ) 
 REPRESENTATION_ITEM ( '' )  );
#1119 = CARTESIAN_POINT ( 'NONE',  ( 0.9944522695586480721, -0.4938928014460023386, 0.5500000000000003775 ) ) ;
#1120 = FACE_OUTER_BOUND ( 'NONE', #2128, .T. ) ;
#1121 = FACE_OUTER_BOUND ( 'NONE', #1860, .T. ) ;
#1122 =( LENGTH_UNIT ( ) NAMED_UNIT ( * ) SI_UNIT ( .MILLI., .METRE. ) );
#1123 =( LENGTH_UNIT ( ) NAMED_UNIT ( * ) SI_UNIT ( .MILLI., .METRE. ) );
#1124 = CARTESIAN_POINT ( 'NONE',  ( 0.8000000000000000444, 0.5470820393249941072, 0.5499999999999999334 ) ) ;
#1125 = CARTESIAN_POINT ( 'NONE',  ( -0.7999999999999989342, 0.5470820393249941072, 0.5499999999999999334 ) ) ;
#1126 = EDGE_CURVE ( 'NONE', #1170, #1952, #739, .T. ) ;
#1127 = CARTESIAN_POINT ( 'NONE',  ( 0.9201627726603810453, -0.5102623289772160176, 0.5500000000000000444 ) ) ;
#1128 = CARTESIAN_POINT ( 'NONE',  ( 0.8793328861745889347, 0.5297846113963855519, 0.5500000000000001554 ) ) ;
#1129 = EDGE_CURVE ( 'NONE', #806, #1783, #225, .T. ) ;
#1130 = ORIENTED_EDGE ( 'NONE', *, *, #1958, .F. ) ;
#1131 = PRESENTATION_STYLE_ASSIGNMENT (( #2092 ) ) ;
#1132 =( BOUNDED_SURFACE ( )  B_SPLINE_SURFACE ( 3, 3, ( 
 ( #1863, #861, #1653, #301 ),
 ( #676, #1823, #252, #2438 ),
 ( #275, #489, #2078, #1284 ),
 ( #2236, #1872, #2488, #1438 ) ),
 .UNSPECIFIED., .F., .F., .T. ) 
 B_SPLINE_SURFACE_WITH_KNOTS ( ( 4, 4 ),
 ( 4, 4 ),
 ( 0.0000000000000000000, 1.000000000000000000 ),
 ( 0.0000000000000000000, 1.000000000000000000 ),
 .UNSPECIFIED. ) 
 GEOMETRIC_REPRESENTATION_ITEM ( )  RATIONAL_B_SPLINE_SURFACE ( (
 ( 1.000000000000000000, 0.8002741005225374460, 0.8002741005225374460, 1.000000000000000000),
 ( 0.8047378541243701555, 0.6440108623658172826, 0.6440108623658172826, 0.8047378541243701555),
 ( 0.8047378541243701555, 0.6440108623658172826, 0.6440108623658172826, 0.8047378541243701555),
 ( 1.000000000000000000, 0.8002741005225374460, 0.8002741005225374460, 1.000000000000000000) ) ) 
 REPRESENTATION_ITEM ( '' )  SURFACE ( )  );
#1133 = CARTESIAN_POINT ( 'NONE',  ( 0.8000000000000000444, 0.4991662969499980340, 0.5857142857142859649 ) ) ;
#1134 =( NAMED_UNIT ( * ) SI_UNIT ( $, .STERADIAN. ) SOLID_ANGLE_UNIT ( ) );
#1135 = CARTESIAN_POINT ( 'NONE',  ( -0.9102623289772150406, -0.5201627726603810231, 0.5500000000000000444 ) ) ;
#1136 = FACE_OUTER_BOUND ( 'NONE', #1260, .T. ) ;
#1137 = CARTESIAN_POINT ( 'NONE',  ( 0.9000000000000003553, -0.6000000000000001998, 0.02000000000000000042 ) ) ;
#1138 = CARTESIAN_POINT ( 'NONE',  ( 0.9101914297301729739, -0.5011068073240939613, 0.5500000000000000444 ) ) ;
#1139 = VERTEX_POINT ( 'NONE', #2311 ) ;
#1140 = CARTESIAN_POINT ( 'NONE',  ( -0.7999999999999994893, 0.4991662969499981450, 0.5857142857142858539 ) ) ;
#1141 = EDGE_CURVE ( 'NONE', #138, #798, #111, .T. ) ;
#1142 = MECHANICAL_DESIGN_GEOMETRIC_PRESENTATION_REPRESENTATION (  '', ( #1348 ), #1467 ) ;
#1143 = CARTESIAN_POINT ( 'NONE',  ( -0.8000000000000000444, -0.5136183922132360191, 0.5581628751257230459 ) ) ;
#1144 = AXIS2_PLACEMENT_3D ( 'NONE', #2122, #683, #1482 ) ;
#1145 = DIRECTION ( 'NONE',  ( 0.0000000000000000000, 0.0000000000000000000, 1.000000000000000000 ) ) ;
#1146 = UNCERTAINTY_MEASURE_WITH_UNIT (LENGTH_MEASURE( 1.000000000000000082E-05 ), #2343, 'distance_accuracy_value', 'NONE');
#1147 = DIRECTION ( 'NONE',  ( 1.000000000000000000, 0.0000000000000000000, -0.0000000000000000000 ) ) ;
#1148 =( GEOMETRIC_REPRESENTATION_CONTEXT ( 3 ) GLOBAL_UNCERTAINTY_ASSIGNED_CONTEXT ( ( #499 ) ) GLOBAL_UNIT_ASSIGNED_CONTEXT ( ( #826, #2197, #27 ) ) REPRESENTATION_CONTEXT ( 'NONE', 'WORKASPACE' ) );
#1149 = EDGE_LOOP ( 'NONE', ( #684, #916, #2335, #2071 ) ) ;
#1150 = VECTOR ( 'NONE', #971, 1000.000000000000000 ) ;
#1151 = LINE ( 'NONE', #1667, #1008 ) ;
#1152 = STYLED_ITEM ( 'NONE', ( #1939 ), #1525 ) ;
#1153 = CARTESIAN_POINT ( 'NONE',  ( -0.8816784043380071489, -0.5799999999999999600, 0.0000000000000000000 ) ) ;
#1154 = CARTESIAN_POINT ( 'NONE',  ( 0.9800000000000010925, -0.4816784043380071267, 0.0000000000000000000 ) ) ;
#1155 =( GEOMETRIC_REPRESENTATION_CONTEXT ( 3 ) GLOBAL_UNCERTAINTY_ASSIGNED_CONTEXT ( ( #784 ) ) GLOBAL_UNIT_ASSIGNED_CONTEXT ( ( #322, #96, #84 ) ) REPRESENTATION_CONTEXT ( 'NONE', 'WORKASPACE' ) );
#1156 = ADVANCED_FACE ( 'NONE', ( #348 ), #1902, .T. ) ;
#1157 = VECTOR ( 'NONE', #1289, 1000.000000000000000 ) ;
#1158 = B_SPLINE_CURVE_WITH_KNOTS ( 'NONE', 3,
 ( #758, #1375, #2381, #371 ),
 .UNSPECIFIED., .F., .F.,
 ( 4, 4 ),
 ( 0.0000000000000000000, 1.000000000000000000 ),
 .UNSPECIFIED. ) ;
#1159 = CARTESIAN_POINT ( 'NONE',  ( -0.7999999999999990452, 0.5379317205724299944, 0.5500000000000000444 ) ) ;
#1160 = EDGE_CURVE ( 'NONE', #173, #1263, #1171, .T. ) ;
#1161 = ORIENTED_EDGE ( 'NONE', *, *, #1160, .F. ) ;
#1162 = CARTESIAN_POINT ( 'NONE',  ( -0.7999999999999999334, -0.4800000000000000933, 0.6000000000000000888 ) ) ;
#1163 = CARTESIAN_POINT ( 'NONE',  ( 0.7999999999999990452, -0.5017806737364449710, 0.5769453993943479686 ) ) ;
#1164 = ORIENTED_EDGE ( 'NONE', *, *, #1994, .T. ) ;
#1165 = PLANE ( 'NONE',  #1810 ) ;
#1166 = CARTESIAN_POINT ( 'NONE',  ( -0.4000000000000000222, 0.2800000000000000822, -4.065758146820641628E-17 ) ) ;
#1167 = UNCERTAINTY_MEASURE_WITH_UNIT (LENGTH_MEASURE( 1.000000000000000082E-05 ), #2206, 'distance_accuracy_value', 'NONE');
#1168 = VERTEX_POINT ( 'NONE', #1567 ) ;
#1169 = EDGE_CURVE ( 'NONE', #33, #2173, #413, .T. ) ;
#1170 = VERTEX_POINT ( 'NONE', #586 ) ;
#1171 = LINE ( 'NONE', #769, #1150 ) ;
#1172 = ORIENTED_EDGE ( 'NONE', *, *, #1042, .T. ) ;
#1173 = CARTESIAN_POINT ( 'NONE',  ( -0.8000000000000000444, 0.4800000000000002043, 0.6000000000000000888 ) ) ;
#1174 = CARTESIAN_POINT ( 'NONE',  ( 0.4000000000000000222, 6.938893903907229610E-17, 0.1000000000000000056 ) ) ;
#1175 = CARTESIAN_POINT ( 'NONE',  ( 0.8816784043380080371, 0.5799999999999999600, 0.5500000000000001554 ) ) ;
#1176 = CARTESIAN_POINT ( 'NONE',  ( -1.000942463843314645, -0.5000044412891049284, 0.5300000000000001377 ) ) ;
#1177 = MECHANICAL_DESIGN_GEOMETRIC_PRESENTATION_REPRESENTATION (  '', ( #1880 ), #2264 ) ;
#1178 = CARTESIAN_POINT ( 'NONE',  ( -0.4000000000000000222, -0.4800000000000000377, 0.5799999999999999600 ) ) ;
#1179 = ORIENTED_EDGE ( 'NONE', *, *, #2238, .T. ) ;
#1180 = VECTOR ( 'NONE', #43, 1000.000000000000000 ) ;
#1181 = FACE_OUTER_BOUND ( 'NONE', #286, .T. ) ;
#1182 = FACE_BOUND ( 'NONE', #804, .T. ) ;
#1183 =( GEOMETRIC_REPRESENTATION_CONTEXT ( 3 ) GLOBAL_UNCERTAINTY_ASSIGNED_CONTEXT ( ( #1097 ) ) GLOBAL_UNIT_ASSIGNED_CONTEXT ( ( #2069, #865, #329 ) ) REPRESENTATION_CONTEXT ( 'NONE', 'WORKASPACE' ) );
#1184 = EDGE_CURVE ( 'NONE', #2035, #1643, #1972, .T. ) ;
#1185 = DIRECTION ( 'NONE',  ( 1.000000000000000000, -0.0000000000000000000, 0.0000000000000000000 ) ) ;
#1186 = SURFACE_SIDE_STYLE ('',( #2588 ) ) ;
#1187 = EDGE_CURVE ( 'NONE', #2327, #609, #2565, .T. ) ;
#1188 = PLANE ( 'NONE',  #449 ) ;
#1189 = PRESENTATION_LAYER_ASSIGNMENT (  '', '', ( #841 ) ) ;
#1190 = FILL_AREA_STYLE ('',( #2412 ) ) ;
#1191 = VECTOR ( 'NONE', #1964, 1000.000000000000000 ) ;
#1192 = CARTESIAN_POINT ( 'NONE',  ( 0.9136183922132350421, -0.4000000000000000222, 0.5581628751257230459 ) ) ;
#1193 = STYLED_ITEM ( 'NONE', ( #38 ), #2370 ) ;
#1194 = CARTESIAN_POINT ( 'NONE',  ( 0.8911137459656730542, -0.5366398151225019175, -2.868729613351059379E-16 ) ) ;
#1195 = CARTESIAN_POINT ( 'NONE',  ( -0.7999999999999990452, 0.4991662969499980340, 0.5857142857142859649 ) ) ;
#1196 = ORIENTED_EDGE ( 'NONE', *, *, #990, .F. ) ;
#1197 = CARTESIAN_POINT ( 'NONE',  ( -0.8891814683630135940, -0.4522412946547064161, 0.5999999999999999778 ) ) ;
#1198 = ORIENTED_EDGE ( 'NONE', *, *, #1663, .F. ) ;
#1199 = FILL_AREA_STYLE_COLOUR ( '', #2143 ) ;
#1200 = UNCERTAINTY_MEASURE_WITH_UNIT (LENGTH_MEASURE( 1.000000000000000082E-05 ), #1806, 'distance_accuracy_value', 'NONE');
#1201 = ORIENTED_EDGE ( 'NONE', *, *, #352, .T. ) ;
#1202 = LINE ( 'NONE', #230, #2585 ) ;
#1203 = SURFACE_SIDE_STYLE ('',( #1032 ) ) ;
#1204 = DIRECTION ( 'NONE',  ( 0.0000000000000000000, -1.000000000000000000, -0.0000000000000000000 ) ) ;
#1205 = CARTESIAN_POINT ( 'NONE',  ( -0.9098463235393750015, 0.5204313451907559562, 0.5500000000000000444 ) ) ;
#1206 = FILL_AREA_STYLE_COLOUR ( '', #2489 ) ;
#1207 = ORIENTED_EDGE ( 'NONE', *, *, #2272, .T. ) ;
#1208 = CARTESIAN_POINT ( 'NONE',  ( -0.3999999999999999667, 0.2799999999999999711, 0.0000000000000000000 ) ) ;
#1209 = PLANE ( 'NONE',  #392 ) ;
#1210 = ORIENTED_EDGE ( 'NONE', *, *, #1386, .T. ) ;
#1211 = CARTESIAN_POINT ( 'NONE',  ( -0.8799999999999993383, -0.5999999999999999778, 0.0000000000000000000 ) ) ;
#1212 =( BOUNDED_SURFACE ( )  B_SPLINE_SURFACE ( 3, 3, ( 
 ( #1211, #2202, #2003, #224 ),
 ( #1007, #1802, #2453, #2243 ),
 ( #1819, #2034, #2253, #257 ),
 ( #2230, #856, #1647, #665 ) ),
 .UNSPECIFIED., .F., .F., .T. ) 
 B_SPLINE_SURFACE_WITH_KNOTS ( ( 4, 4 ),
 ( 4, 4 ),
 ( 0.0000000000000000000, 1.000000000000000000 ),
 ( 0.0000000000000000000, 1.000000000000000000 ),
 .UNSPECIFIED. ) 
 GEOMETRIC_REPRESENTATION_ITEM ( )  RATIONAL_B_SPLINE_SURFACE ( (
 ( 1.000000000000000000, 0.8025111867385937847, 0.8025111867385937847, 1.000000000000000000),
 ( 0.8047378541243573880, 0.6458111303268073700, 0.6458111303268073700, 0.8047378541243573880),
 ( 0.8047378541243573880, 0.6458111303268073700, 0.6458111303268073700, 0.8047378541243573880),
 ( 1.000000000000000000, 0.8025111867385937847, 0.8025111867385937847, 1.000000000000000000) ) ) 
 REPRESENTATION_ITEM ( '' )  SURFACE ( )  );
#1213 = ORIENTED_EDGE ( 'NONE', *, *, #2109, .F. ) ;
#1214 = LINE ( 'NONE', #1960, #923 ) ;
#1215 = LINE ( 'NONE', #921, #1927 ) ;
#1216 =( LENGTH_UNIT ( ) NAMED_UNIT ( * ) SI_UNIT ( .MILLI., .METRE. ) );
#1217 = CARTESIAN_POINT ( 'NONE',  ( -0.9999999999999997780, -0.5000000000000000000, 0.5364916814652901378 ) ) ;
#1218 = EDGE_CURVE ( 'NONE', #123, #394, #200, .T. ) ;
#1219 =( NAMED_UNIT ( * ) SI_UNIT ( $, .STERADIAN. ) SOLID_ANGLE_UNIT ( ) );
#1220 = DIRECTION ( 'NONE',  ( -0.0000000000000000000, 1.000000000000000000, 0.0000000000000000000 ) ) ;
#1221 = ORIENTED_EDGE ( 'NONE', *, *, #689, .F. ) ;
#1222 = ADVANCED_FACE ( 'NONE', ( #1182, #1557 ), #995, .T. ) ;
#1223 = AXIS2_PLACEMENT_3D ( 'NONE', #395, #1765, #1748 ) ;
#1224 = EDGE_LOOP ( 'NONE', ( #1440, #1814, #1210, #1774 ) ) ;
#1225 = SURFACE_STYLE_USAGE ( .BOTH. , #1037 ) ;
#1226 = UNCERTAINTY_MEASURE_WITH_UNIT (LENGTH_MEASURE( 1.000000000000000082E-05 ), #2154, 'distance_accuracy_value', 'NONE');
#1227 = VECTOR ( 'NONE', #1228, 1000.000000000000000 ) ;
#1228 = DIRECTION ( 'NONE',  ( -1.000000000000000000, -0.0000000000000000000, 0.0000000000000000000 ) ) ;
#1229 = CARTESIAN_POINT ( 'NONE',  ( -1.000000000000000000, 0.5000000000000000000, 0.02000000000000000042 ) ) ;
#1230 =( LENGTH_UNIT ( ) NAMED_UNIT ( * ) SI_UNIT ( .MILLI., .METRE. ) );
#1231 = FACE_OUTER_BOUND ( 'NONE', #514, .T. ) ;
#1232 = CARTESIAN_POINT ( 'NONE',  ( -0.9000000000000001332, -0.5999999999999999778, 0.02000000000000000042 ) ) ;
#1233 = AXIS2_PLACEMENT_3D ( 'NONE', #1000, #1415, #2247 ) ;
#1234 = ADVANCED_FACE ( 'NONE', ( #391 ), #1212, .T. ) ;
#1235 = EDGE_CURVE ( 'NONE', #480, #2456, #978, .T. ) ;
#1236 = EDGE_LOOP ( 'NONE', ( #54, #1858, #1760, #1179, #879 ) ) ;
#1237 = ADVANCED_FACE ( 'NONE', ( #1458 ), #2017, .F. ) ;
#1238 = LINE ( 'NONE', #2032, #113 ) ;
#1239 = CARTESIAN_POINT ( 'NONE',  ( 0.8994440718121570200, 0.5414871761636542713, 0.02000000000000000042 ) ) ;
#1240 = ORIENTED_EDGE ( 'NONE', *, *, #57, .T. ) ;
#1241 = CARTESIAN_POINT ( 'NONE',  ( 0.7999999999999989342, -0.4891814683630143490, 0.5999999999999998668 ) ) ;
#1242 = PLANE ( 'NONE',  #332 ) ;
#1243 = DIRECTION ( 'NONE',  ( 1.000000000000000000, 0.0000000000000000000, 0.0000000000000000000 ) ) ;
#1244 = CARTESIAN_POINT ( 'NONE',  ( -0.8000000000000001554, 0.4800000000000000933, 0.5799999999999999600 ) ) ;
#1245 = CARTESIAN_POINT ( 'NONE',  ( 0.9414871761636547376, -0.4994440718121569422, 0.02000000000000000042 ) ) ;
#1246 = FILL_AREA_STYLE_COLOUR ( '', #1105 ) ;
#1247 =( NAMED_UNIT ( * ) SI_UNIT ( $, .STERADIAN. ) SOLID_ANGLE_UNIT ( ) );
#1248 = ORIENTED_EDGE ( 'NONE', *, *, #386, .F. ) ;
#1249 = CARTESIAN_POINT ( 'NONE',  ( 0.9981533415602300563, 0.4981982029738518669, 0.009711321431503617749 ) ) ;
#1250 = CARTESIAN_POINT ( 'NONE',  ( -0.5999999999999999778, 0.4800000000000000377, 0.1000000000000000056 ) ) ;
#1251 = ADVANCED_FACE ( 'NONE', ( #1051 ), #1635, .F. ) ;
#1252 = ORIENTED_EDGE ( 'NONE', *, *, #1691, .T. ) ;
#1253 = DIRECTION ( 'NONE',  ( 1.000000000000000000, 0.0000000000000000000, 0.0000000000000000000 ) ) ;
#1254 = SURFACE_STYLE_FILL_AREA ( #830 ) ;
#1255 = ORIENTED_EDGE ( 'NONE', *, *, #29, .T. ) ;
#1256 = FILL_AREA_STYLE ('',( #462 ) ) ;
#1257 = DIRECTION ( 'NONE',  ( 0.0000000000000000000, -1.000000000000000000, 0.0000000000000000000 ) ) ;
#1258 = FACE_OUTER_BOUND ( 'NONE', #1970, .T. ) ;
#1259 = CARTESIAN_POINT ( 'NONE',  ( 0.9000000000000000222, 0.5999999999999998668, 0.02000000000000000042 ) ) ;
#1260 = EDGE_LOOP ( 'NONE', ( #504, #385, #531, #92 ) ) ;
#1261 = LINE ( 'NONE', #2059, #161 ) ;
#1262 = CARTESIAN_POINT ( 'NONE',  ( 1.000942463843314645, 0.5000044412891048173, 0.008284271247462102195 ) ) ;
#1263 = VERTEX_POINT ( 'NONE', #44 ) ;
#1264 = FILL_AREA_STYLE ('',( #431 ) ) ;
#1265 = ORIENTED_EDGE ( 'NONE', *, *, #2497, .T. ) ;
#1266 = CARTESIAN_POINT ( 'NONE',  ( 0.9470820393249930191, -0.4327985529497849759, 0.5500000000000000444 ) ) ;
#1267 = EDGE_CURVE ( 'NONE', #792, #14, #1445, .T. ) ;
#1268 = CARTESIAN_POINT ( 'NONE',  ( 0.0000000000000000000, 3.469446951953609875E-17, 0.0000000000000000000 ) ) ;
#1269 = AXIS2_PLACEMENT_3D ( 'NONE', #1447, #460, #1253 ) ;
#1270 = CIRCLE ( 'NONE', #2523, 0.02000000000000005246 ) ;
#1271 = ORIENTED_EDGE ( 'NONE', *, *, #1344, .F. ) ;
#1272 = CARTESIAN_POINT ( 'NONE',  ( 0.8329442121566960067, 0.5470820393249941072, 0.5500000000000000444 ) ) ;
#1273 = CARTESIAN_POINT ( 'NONE',  ( -0.9799999999999999822, -0.4816784043380069602, 0.0000000000000000000 ) ) ;
#1274 = PRESENTATION_STYLE_ASSIGNMENT (( #478 ) ) ;
#1275 = PRESENTATION_LAYER_ASSIGNMENT (  '', '', ( #2146 ) ) ;
#1276 = DIRECTION ( 'NONE',  ( -0.0000000000000000000, -1.000000000000000000, -0.0000000000000000000 ) ) ;
#1277 = DIRECTION ( 'NONE',  ( -1.000000000000000000, 1.445602896647339903E-16, -0.0000000000000000000 ) ) ;
#1278 = UNCERTAINTY_MEASURE_WITH_UNIT (LENGTH_MEASURE( 1.000000000000000082E-05 ), #1123, 'distance_accuracy_value', 'NONE');
#1279 = MECHANICAL_DESIGN_GEOMETRIC_PRESENTATION_REPRESENTATION (  '', ( #537 ), #1155 ) ;
#1280 = VERTEX_POINT ( 'NONE', #2432 ) ;
#1281 = CARTESIAN_POINT ( 'NONE',  ( -0.9799999999999999822, -4.163336342344340478E-16, 0.0000000000000000000 ) ) ;
#1282 = B_SPLINE_CURVE_WITH_KNOTS ( 'NONE', 3,
 ( #1273, #1285, #1086, #693 ),
 .UNSPECIFIED., .F., .F.,
 ( 4, 4 ),
 ( 0.0000000000000000000, 1.000000000000000000 ),
 .UNSPECIFIED. ) ;
#1283 = EDGE_LOOP ( 'NONE', ( #984, #2186, #1868, #18, #1716 ) ) ;
#1284 = CARTESIAN_POINT ( 'NONE',  ( -1.000942463843314645, 0.5000044412891048173, 0.5417157287525380394 ) ) ;
#1285 = CARTESIAN_POINT ( 'NONE',  ( -0.9944522695586948124, -0.4938928014460023386, 1.566891661009829821E-16 ) ) ;
#1286 = CARTESIAN_POINT ( 'NONE',  ( 1.000000000000000666, -0.5000000000000000000, 0.5300000000000001377 ) ) ;
#1287 = CARTESIAN_POINT ( 'NONE',  ( 0.8938928014460026938, 0.5944522695587372008, 0.5500000000000000444 ) ) ;
#1288 = CARTESIAN_POINT ( 'NONE',  ( 0.8991662969499979452, 0.4000000000000000222, 0.5857142857142859649 ) ) ;
#1289 = DIRECTION ( 'NONE',  ( 0.0000000000000000000, -0.0000000000000000000, 1.000000000000000000 ) ) ;
#1290 = DIRECTION ( 'NONE',  ( -1.000000000000000000, 0.0000000000000000000, 0.0000000000000000000 ) ) ;
#1291 = CARTESIAN_POINT ( 'NONE',  ( -0.8896626053428043912, 0.5901557027170752923, 2.585287554932086171E-16 ) ) ;
#1292 = ORIENTED_EDGE ( 'NONE', *, *, #458, .T. ) ;
#1293 = PLANE ( 'NONE',  #2479 ) ;
#1294 = FACE_OUTER_BOUND ( 'NONE', #300, .T. ) ;
#1295 = ORIENTED_EDGE ( 'NONE', *, *, #1560, .T. ) ;
#1296 =( NAMED_UNIT ( * ) SI_UNIT ( $, .STERADIAN. ) SOLID_ANGLE_UNIT ( ) );
#1297 = ORIENTED_EDGE ( 'NONE', *, *, #987, .F. ) ;
#1298 = FILL_AREA_STYLE ('',( #892 ) ) ;
#1299 = CARTESIAN_POINT ( 'NONE',  ( -0.9470820393249930191, -0.4000000000000000777, 0.5499999999999999334 ) ) ;
#1300 = LINE ( 'NONE', #1874, #2397 ) ;
#1301 = EDGE_CURVE ( 'NONE', #1520, #2313, #269, .T. ) ;
#1302 = CARTESIAN_POINT ( 'NONE',  ( 0.8000000000000000444, 0.5165499434131100021, 0.5559778258713750088 ) ) ;
#1303 = FILL_AREA_STYLE ('',( #2480 ) ) ;
#1304 = EDGE_CURVE ( 'NONE', #768, #271, #1859, .T. ) ;
#1305 = CARTESIAN_POINT ( 'NONE',  ( 0.8800000000000010036, -0.4799999999999999822, 0.0000000000000000000 ) ) ;
#1306 = FILL_AREA_STYLE_COLOUR ( '', #802 ) ;
#1307 = CARTESIAN_POINT ( 'NONE',  ( 0.8991662969499981672, -0.2000000000000000111, 0.5857142857142859649 ) ) ;
#1308 = ORIENTED_EDGE ( 'NONE', *, *, #2300, .F. ) ;
#1309 =( GEOMETRIC_REPRESENTATION_CONTEXT ( 3 ) GLOBAL_UNCERTAINTY_ASSIGNED_CONTEXT ( ( #2405 ) ) GLOBAL_UNIT_ASSIGNED_CONTEXT ( ( #248, #1027, #2271 ) ) REPRESENTATION_CONTEXT ( 'NONE', 'WORKASPACE' ) );
#1310 = CARTESIAN_POINT ( 'NONE',  ( 0.9297846113963857961, 0.4793328861745888569, 0.5500000000000001554 ) ) ;
#1311 = CARTESIAN_POINT ( 'NONE',  ( 0.8891814683630135940, 0.4522412946547064161, 0.5999999999999999778 ) ) ;
#1312 =( BOUNDED_SURFACE ( )  B_SPLINE_SURFACE ( 3, 3, ( 
 ( #1751, #2558, #728, #372 ),
 ( #1523, #979, #2572, #2544 ),
 ( #759, #1339, #546, #734 ),
 ( #1176, #1365, #340, #748 ) ),
 .UNSPECIFIED., .F., .F., .T. ) 
 B_SPLINE_SURFACE_WITH_KNOTS ( ( 4, 4 ),
 ( 4, 4 ),
 ( 0.0000000000000000000, 1.000000000000000000 ),
 ( 0.0000000000000000000, 1.000000000000000000 ),
 .UNSPECIFIED. ) 
 GEOMETRIC_REPRESENTATION_ITEM ( )  RATIONAL_B_SPLINE_SURFACE ( (
 ( 1.000000000000000000, 0.8002741005225374460, 0.8002741005225374460, 1.000000000000000000),
 ( 0.8047378541243592753, 0.6440108623658086229, 0.6440108623658086229, 0.8047378541243592753),
 ( 0.8047378541243592753, 0.6440108623658086229, 0.6440108623658086229, 0.8047378541243592753),
 ( 1.000000000000000000, 0.8002741005225374460, 0.8002741005225374460, 1.000000000000000000) ) ) 
 REPRESENTATION_ITEM ( '' )  SURFACE ( )  );
#1313 = COLOUR_RGB ( '',0.6274509803921568540, 0.6274509803921568540, 0.6274509803921568540 ) ;
#1314 = ADVANCED_FACE ( 'NONE', ( #1465 ), #2268, .T. ) ;
#1315 = CARTESIAN_POINT ( 'NONE',  ( -1.000000000000000000, 0.5000000000000000000, 0.0000000000000000000 ) ) ;
#1316 = MECHANICAL_DESIGN_GEOMETRIC_PRESENTATION_REPRESENTATION (  '', ( #2575 ), #649 ) ;
#1317 = LINE ( 'NONE', #1516, #78 ) ;
#1318 = EDGE_CURVE ( 'NONE', #1404, #138, #429, .T. ) ;
#1319 =( GEOMETRIC_REPRESENTATION_CONTEXT ( 3 ) GLOBAL_UNCERTAINTY_ASSIGNED_CONTEXT ( ( #1708 ) ) GLOBAL_UNIT_ASSIGNED_CONTEXT ( ( #2223, #2210, #1219 ) ) REPRESENTATION_CONTEXT ( 'NONE', 'WORKASPACE' ) );
#1320 = AXIS2_PLACEMENT_3D ( 'NONE', #2074, #1662, #296 ) ;
#1321 = LINE ( 'NONE', #1906, #1366 ) ;
#1322 = CARTESIAN_POINT ( 'NONE',  ( 0.4000000000000000222, -0.4800000000000000933, 0.1000000000000000056 ) ) ;
#1323 = CARTESIAN_POINT ( 'NONE',  ( 0.9470820393249930191, -0.4000000000000000222, 0.5500000000000000444 ) ) ;
#1324 = AXIS2_PLACEMENT_3D ( 'NONE', #590, #2528, #2130 ) ;
#1325 = ORIENTED_EDGE ( 'NONE', *, *, #975, .F. ) ;
#1326 = CIRCLE ( 'NONE', #570, 0.01999999999999999695 ) ;
#1327 =( NAMED_UNIT ( * ) PLANE_ANGLE_UNIT ( ) SI_UNIT ( $, .RADIAN. ) );
#1328 = DIRECTION ( 'NONE',  ( 0.0000000000000000000, 0.0000000000000000000, 1.000000000000000000 ) ) ;
#1329 = FILL_AREA_STYLE_COLOUR ( '', #1962 ) ;
#1330 = CARTESIAN_POINT ( 'NONE',  ( -0.8000000000000001554, 0.4800000000000004263, 0.6000000000000000888 ) ) ;
#1331 = CARTESIAN_POINT ( 'NONE',  ( 0.8991662969499979452, -0.4000000000000000222, 0.5857142857142858539 ) ) ;
#1332 = CARTESIAN_POINT ( 'NONE',  ( 0.6400000000000000133, 0.4800000000000000377, 0.1000000000000000056 ) ) ;
#1333 = DIRECTION ( 'NONE',  ( -1.224646799147353207E-16, -1.000000000000000000, 0.0000000000000000000 ) ) ;
#1334 = CARTESIAN_POINT ( 'NONE',  ( 0.8800000000000000044, -0.4000000000000000222, 0.6000000000000000888 ) ) ;
#1335 = EDGE_CURVE ( 'NONE', #673, #1726, #685, .T. ) ;
#1336 = ORIENTED_EDGE ( 'NONE', *, *, #1958, .T. ) ;
#1337 = ORIENTED_EDGE ( 'NONE', *, *, #423, .F. ) ;
#1338 = CARTESIAN_POINT ( 'NONE',  ( 0.8800000000000010036, 0.4800000000000000377, 0.0000000000000000000 ) ) ;
#1339 = CARTESIAN_POINT ( 'NONE',  ( -0.9414871761636546266, -0.4994440718121569422, 0.5417157287525382614 ) ) ;
#1340 = DIRECTION ( 'NONE',  ( 0.0000000000000000000, 0.0000000000000000000, -1.000000000000000000 ) ) ;
#1341 = CARTESIAN_POINT ( 'NONE',  ( -0.8991662969499977232, -0.4000000000000000222, 0.5857142857142858539 ) ) ;
#1342 = CARTESIAN_POINT ( 'NONE',  ( 0.8800000000000010036, -4.163336342344340478E-16, 0.0000000000000000000 ) ) ;
#1343 = CARTESIAN_POINT ( 'NONE',  ( 0.9136183922132350421, -0.4000000000000000222, 0.5581628751257230459 ) ) ;
#1344 = EDGE_CURVE ( 'NONE', #1170, #2016, #761, .T. ) ;
#1345 = ORIENTED_EDGE ( 'NONE', *, *, #233, .F. ) ;
#1346 = CARTESIAN_POINT ( 'NONE',  ( 0.8816784043380080371, 0.5799999999999999600, 0.5500000000000001554 ) ) ;
#1347 = CARTESIAN_POINT ( 'NONE',  ( 1.000000000000001554, -0.5000000000000000000, 0.01350831853468140685 ) ) ;
#1348 = STYLED_ITEM ( 'NONE', ( #710 ), #121 ) ;
#1349 = EDGE_CURVE ( 'NONE', #768, #2258, #2105, .T. ) ;
#1350 = CARTESIAN_POINT ( 'NONE',  ( -0.8000000000000000444, -0.5470820393249941072, 0.5499999999999999334 ) ) ;
#1351 = VECTOR ( 'NONE', #313, 1000.000000000000000 ) ;
#1352 = B_SPLINE_SURFACE_WITH_KNOTS ( 'NONE', 3, 3, ( 
 ( #1195, #1980, #2359, #571, #2157 ),
 ( #159, #208, #991, #783, #1538 ),
 ( #2545, #736, #1353, #2144, #363 ),
 ( #1159, #1003, #813, #1599, #414 ),
 ( #1825, #2041, #1205, #603, #1996 ) ),
 .UNSPECIFIED., .F., .F., .F.,
 ( 4, 1, 4 ),
 ( 4, 1, 4 ),
 ( 0.0000000000000000000, 0.5714285714285709528, 1.000000000000000000 ),
 ( -3.472556454786319994E-19, 0.009849866693386550090, 0.02298302228456860011 ),
 .UNSPECIFIED. ) ;
#1353 = CARTESIAN_POINT ( 'NONE',  ( -0.8870554001697830149, 0.4954364551542640438, 0.5559778258713750088 ) ) ;
#1354 = AXIS2_PLACEMENT_3D ( 'NONE', #1073, #1865, #2476 ) ;
#1355 = CARTESIAN_POINT ( 'NONE',  ( -0.8917205379700791079, 0.6010205401045038975, -4.117408507238873192E-16 ) ) ;
#1356 = EDGE_LOOP ( 'NONE', ( #1114, #1292, #1507, #1446 ) ) ;
#1357 = VECTOR ( 'NONE', #2096, 1000.000000000000000 ) ;
#1358 = CARTESIAN_POINT ( 'NONE',  ( -0.8565535919245469421, -0.4965430202748505883, 0.5945130231684132571 ) ) ;
#1359 = CARTESIAN_POINT ( 'NONE',  ( 0.8831497555228999818, -0.4762947252737619874, 0.5769453993943479686 ) ) ;
#1360 = COLOUR_RGB ( '',0.7960784313725489669, 0.7960784313725489669, 0.7960784313725489669 ) ;
#1361 = EDGE_LOOP ( 'NONE', ( #467, #1325, #1564, #2240 ) ) ;
#1362 = DIRECTION ( 'NONE',  ( -1.387778780781439956E-15, 1.000000000000000000, 0.0000000000000000000 ) ) ;
#1363 = VECTOR ( 'NONE', #797, 1000.000000000000000 ) ;
#1364 = DIRECTION ( 'NONE',  ( 1.000000000000000000, 0.0000000000000000000, 0.0000000000000000000 ) ) ;
#1365 = CARTESIAN_POINT ( 'NONE',  ( -0.9414871761636547376, -0.4994440718121569422, 0.5300000000000000266 ) ) ;
#1366 = VECTOR ( 'NONE', #162, 1000.000000000000000 ) ;
#1367 = EDGE_CURVE ( 'NONE', #2473, #1009, #1674, .T. ) ;
#1368 = CARTESIAN_POINT ( 'NONE',  ( -0.9017806737364441050, -0.4000000000000000222, 0.5769453993943479686 ) ) ;
#1369 = ORIENTED_EDGE ( 'NONE', *, *, #1500, .F. ) ;
#1370 = CARTESIAN_POINT ( 'NONE',  ( -0.9414871761636547376, 0.4994440718121571088, 0.02000000000000000042 ) ) ;
#1371 = CARTESIAN_POINT ( 'NONE',  ( -1.000000000000000000, 0.5999999999999999778, 0.02000000000000000042 ) ) ;
#1372 = ORIENTED_EDGE ( 'NONE', *, *, #1704, .T. ) ;
#1373 = CARTESIAN_POINT ( 'NONE',  ( 0.4500000000000000666, 0.6000000000000000888, 0.5300000000000001377 ) ) ;
#1374 = CARTESIAN_POINT ( 'NONE',  ( 0.9000044806517626395, -0.6009466310137935308, 0.5300000000000001377 ) ) ;
#1375 = CARTESIAN_POINT ( 'NONE',  ( 0.8800000000000000044, 0.4436239586909001553, 0.5999999999999999778 ) ) ;
#1376 =( NAMED_UNIT ( * ) SI_UNIT ( $, .STERADIAN. ) SOLID_ANGLE_UNIT ( ) );
#1377 =( NAMED_UNIT ( * ) PLANE_ANGLE_UNIT ( ) SI_UNIT ( $, .RADIAN. ) );
#1378 = PRESENTATION_STYLE_ASSIGNMENT (( #2159 ) ) ;
#1379 = ORIENTED_EDGE ( 'NONE', *, *, #648, .F. ) ;
#1380 = ADVANCED_FACE ( 'NONE', ( #2305 ), #1904, .T. ) ;
#1381 =( LENGTH_UNIT ( ) NAMED_UNIT ( * ) SI_UNIT ( .MILLI., .METRE. ) );
#1382 = DIRECTION ( 'NONE',  ( 0.0000000000000000000, 0.0000000000000000000, 1.000000000000000000 ) ) ;
#1383 = CARTESIAN_POINT ( 'NONE',  ( -0.8800000000000000044, 0.4000000000000000222, 0.5799999999999999600 ) ) ;
#1384 = AXIS2_PLACEMENT_3D ( 'NONE', #1784, #2376, #1945 ) ;
#1385 =( NAMED_UNIT ( * ) SI_UNIT ( $, .STERADIAN. ) SOLID_ANGLE_UNIT ( ) );
#1386 = EDGE_CURVE ( 'NONE', #2391, #2473, #963, .T. ) ;
#1387 = DIRECTION ( 'NONE',  ( -1.000000000000000000, 0.0000000000000000000, 0.0000000000000000000 ) ) ;
#1388 = CARTESIAN_POINT ( 'NONE',  ( 0.9327532090709320656, 0.4749303893241602625, 0.5500000000000000444 ) ) ;
#1389 = ORIENTED_EDGE ( 'NONE', *, *, #1235, .F. ) ;
#1390 = DIRECTION ( 'NONE',  ( 1.000000000000000000, 0.0000000000000000000, -0.0000000000000000000 ) ) ;
#1391 =( BOUNDED_SURFACE ( )  B_SPLINE_SURFACE ( 3, 3, ( 
 ( #1330, #897, #93, #131 ),
 ( #2073, #2286, #497, #911 ),
 ( #1079, #867, #1707, #104 ),
 ( #1502, #2303, #1903, #1721 ) ),
 .UNSPECIFIED., .F., .F., .T. ) 
 B_SPLINE_SURFACE_WITH_KNOTS ( ( 4, 4 ),
 ( 4, 4 ),
 ( 0.0000000000000000000, 1.000000000000000000 ),
 ( 0.0000000000000000000, 1.000000000000000000 ),
 .UNSPECIFIED. ) 
 GEOMETRIC_REPRESENTATION_ITEM ( )  RATIONAL_B_SPLINE_SURFACE ( (
 ( 1.000000000000000000, 0.8047378541243682681, 0.8047378541243682681, 1.000000000000000000),
 ( 0.8678558171581896019, 0.6983964279892316274, 0.6983964279892316274, 0.8678558171581896019),
 ( 0.8678558171581896019, 0.6983964279892316274, 0.6983964279892316274, 0.8678558171581896019),
 ( 1.000000000000000000, 0.8047378541243682681, 0.8047378541243682681, 1.000000000000000000) ) ) 
 REPRESENTATION_ITEM ( '' )  SURFACE ( )  );
#1392 = EDGE_CURVE ( 'NONE', #1846, #961, #1770, .T. ) ;
#1393 = AXIS2_PLACEMENT_3D ( 'NONE', #2350, #2541, #903 ) ;
#1394 = ORIENTED_EDGE ( 'NONE', *, *, #1092, .T. ) ;
#1395 = DIRECTION ( 'NONE',  ( 1.000000000000000000, -0.0000000000000000000, 0.0000000000000000000 ) ) ;
#1396 = AXIS2_PLACEMENT_3D ( 'NONE', #653, #1023, #2061 ) ;
#1397 = VECTOR ( 'NONE', #476, 1000.000000000000000 ) ;
#1398 = PRESENTATION_LAYER_ASSIGNMENT (  '', '', ( #1931 ) ) ;
#1399 = DIRECTION ( 'NONE',  ( 0.7071067811865475727, 0.7071067811865475727, -0.0000000000000000000 ) ) ;
#1400 = VECTOR ( 'NONE', #2347, 1000.000000000000000 ) ;
#1401 = CARTESIAN_POINT ( 'NONE',  ( 0.8917205379700793300, -0.6010205401045038975, -2.868729613351059872E-16 ) ) ;
#1402 = MECHANICAL_DESIGN_GEOMETRIC_PRESENTATION_REPRESENTATION (  '', ( #611 ), #284 ) ;
#1403 = PRESENTATION_STYLE_ASSIGNMENT (( #220 ) ) ;
#1404 = VERTEX_POINT ( 'NONE', #2577 ) ;
#1405 = B_SPLINE_CURVE_WITH_KNOTS ( 'NONE', 3,
 ( #2221, #1217, #1849, #411 ),
 .UNSPECIFIED., .F., .F.,
 ( 4, 4 ),
 ( 0.0000000000000000000, 1.000000000000000000 ),
 .UNSPECIFIED. ) ;
#1406 =( NAMED_UNIT ( * ) SI_UNIT ( $, .STERADIAN. ) SOLID_ANGLE_UNIT ( ) );
#1407 = CARTESIAN_POINT ( 'NONE',  ( 0.8000000000000000444, 0.5470820393249941072, 0.5499999999999999334 ) ) ;
#1408 = VERTEX_POINT ( 'NONE', #415 ) ;
#1409 = UNCERTAINTY_MEASURE_WITH_UNIT (LENGTH_MEASURE( 1.000000000000000082E-05 ), #620, 'distance_accuracy_value', 'NONE');
#1410 = ORIENTED_EDGE ( 'NONE', *, *, #1943, .F. ) ;
#1411 = CARTESIAN_POINT ( 'NONE',  ( 0.8816784043380078151, -0.5800000000000008482, 0.5500000000000001554 ) ) ;
#1412 = EDGE_CURVE ( 'NONE', #271, #380, #2213, .T. ) ;
#1413 =( BOUNDED_SURFACE ( )  B_SPLINE_SURFACE ( 3, 3, ( 
 ( #2089, #1310, #1128, #891 ),
 ( #2129, #1545, #1731, #917 ),
 ( #937, #1912, #137, #544 ),
 ( #1742, #315, #1116, #2116 ) ),
 .UNSPECIFIED., .F., .F., .T. ) 
 B_SPLINE_SURFACE_WITH_KNOTS ( ( 4, 4 ),
 ( 4, 4 ),
 ( 0.0000000000000000000, 1.000000000000000000 ),
 ( 0.0000000000000000000, 1.000000000000000000 ),
 .UNSPECIFIED. ) 
 GEOMETRIC_REPRESENTATION_ITEM ( )  RATIONAL_B_SPLINE_SURFACE ( (
 ( 1.000000000000000000, 0.8002741005225374460, 0.8002741005225374460, 1.000000000000000000),
 ( 0.8047378541243681571, 0.6440108623658157283, 0.6440108623658157283, 0.8047378541243681571),
 ( 0.8047378541243681571, 0.6440108623658157283, 0.6440108623658157283, 0.8047378541243681571),
 ( 1.000000000000000000, 0.8002741005225374460, 0.8002741005225374460, 1.000000000000000000) ) ) 
 REPRESENTATION_ITEM ( '' )  SURFACE ( )  );
#1414 = DIRECTION ( 'NONE',  ( -0.0000000000000000000, -0.0000000000000000000, -1.000000000000000000 ) ) ;
#1415 = DIRECTION ( 'NONE',  ( -0.0000000000000000000, 1.000000000000000000, 0.0000000000000000000 ) ) ;
#1416 = EDGE_LOOP ( 'NONE', ( #63, #1756, #2002, #390, #862 ) ) ;
#1417 = CARTESIAN_POINT ( 'NONE',  ( 0.9379317205724300166, 0.4000000000000000222, 0.5499999999999997113 ) ) ;
#1418 = EDGE_LOOP ( 'NONE', ( #1959, #1255, #282, #185 ) ) ;
#1419 =( NAMED_UNIT ( * ) PLANE_ANGLE_UNIT ( ) SI_UNIT ( $, .RADIAN. ) );
#1420 = FACE_OUTER_BOUND ( 'NONE', #87, .T. ) ;
#1421 = DIRECTION ( 'NONE',  ( 1.000000000000000000, 0.0000000000000000000, 0.0000000000000000000 ) ) ;
#1422 = VERTEX_POINT ( 'NONE', #1782 ) ;
#1423 = CARTESIAN_POINT ( 'NONE',  ( -0.8904895933918415274, -0.5278723025735404528, 0.0000000000000000000 ) ) ;
#1424 = DIRECTION ( 'NONE',  ( 1.000000000000000000, 0.0000000000000000000, 0.0000000000000000000 ) ) ;
#1425 = SURFACE_SIDE_STYLE ('',( #1046 ) ) ;
#1426 = ADVANCED_FACE ( 'NONE', ( #2361 ), #1573, .F. ) ;
#1427 = CARTESIAN_POINT ( 'NONE',  ( 0.9470820393249930191, 0.4000000000000000777, 0.5499999999999999334 ) ) ;
#1428 = ORIENTED_EDGE ( 'NONE', *, *, #659, .T. ) ;
#1429 = DIRECTION ( 'NONE',  ( 0.0000000000000000000, 0.0000000000000000000, 1.000000000000000000 ) ) ;
#1430 = DIRECTION ( 'NONE',  ( 3.854941057726240069E-16, 1.000000000000000000, -0.0000000000000000000 ) ) ;
#1431 = MECHANICAL_DESIGN_GEOMETRIC_PRESENTATION_REPRESENTATION (  '', ( #146 ), #277 ) ;
#1432 = ORIENTED_EDGE ( 'NONE', *, *, #1628, .T. ) ;
#1433 = MECHANICAL_DESIGN_GEOMETRIC_PRESENTATION_REPRESENTATION (  '', ( #716 ), #1148 ) ;
#1434 = CARTESIAN_POINT ( 'NONE',  ( -0.8800000000000010036, -0.4800000000000000377, 0.0000000000000000000 ) ) ;
#1435 = FACE_BOUND ( 'NONE', #26, .T. ) ;
#1436 = VECTOR ( 'NONE', #2505, 1000.000000000000000 ) ;
#1437 = B_SPLINE_CURVE_WITH_KNOTS ( 'NONE', 3,
 ( #193, #591, #1192, #1978, #206 ),
 .UNSPECIFIED., .F., .F.,
 ( 4, 1, 4 ),
 ( 0.0000000000000000000, 0.5714285714285709528, 1.000000000000000000 ),
 .UNSPECIFIED. ) ;
#1438 = CARTESIAN_POINT ( 'NONE',  ( -1.000942463843314645, 0.5000044412891048173, 0.5300000000000001377 ) ) ;
#1439 = CARTESIAN_POINT ( 'NONE',  ( 0.4000000000000000222, 0.4800000000000000377, 0.0000000000000000000 ) ) ;
#1440 = ORIENTED_EDGE ( 'NONE', *, *, #1534, .T. ) ;
#1441 = ADVANCED_FACE ( 'NONE', ( #1997 ), #604, .T. ) ;
#1442 = ORIENTED_EDGE ( 'NONE', *, *, #2486, .T. ) ;
#1443 = PRESENTATION_LAYER_ASSIGNMENT (  '', '', ( #2494 ) ) ;
#1444 = CARTESIAN_POINT ( 'NONE',  ( 0.9891514616414732730, 0.4895328856653625160, 0.001101707728003101109 ) ) ;
#1445 = LINE ( 'NONE', #1250, #114 ) ;
#1446 = ORIENTED_EDGE ( 'NONE', *, *, #2553, .F. ) ;
#1447 = CARTESIAN_POINT ( 'NONE',  ( -1.000000000000000000, -0.5999999999999999778, 0.0000000000000000000 ) ) ;
#1448 = CARTESIAN_POINT ( 'NONE',  ( 0.8468629150101520953, -0.4800000000000005929, 0.6000000000000000888 ) ) ;
#1449 = CARTESIAN_POINT ( 'NONE',  ( -1.000000000000000000, 0.5000000000000000000, 0.01350831853467628942 ) ) ;
#1450 = CARTESIAN_POINT ( 'NONE',  ( -0.9000000000000001332, -0.5999999999999998668, 0.5300000000000001377 ) ) ;
#1451 =( LENGTH_UNIT ( ) NAMED_UNIT ( * ) SI_UNIT ( .MILLI., .METRE. ) );
#1452 = CARTESIAN_POINT ( 'NONE',  ( 0.6400000000000000133, 6.938893903907229610E-17, 0.1000000000000000056 ) ) ;
#1453 = PLANE ( 'NONE',  #2444 ) ;
#1454 = ORIENTED_EDGE ( 'NONE', *, *, #1318, .F. ) ;
#1455 = EDGE_CURVE ( 'NONE', #1576, #2332, #1769, .T. ) ;
#1456 = SURFACE_STYLE_USAGE ( .BOTH. , #1078 ) ;
#1457 = LINE ( 'NONE', #1818, #2269 ) ;
#1458 = FACE_OUTER_BOUND ( 'NONE', #1069, .T. ) ;
#1459 = ADVANCED_FACE ( 'NONE', ( #1089 ), #1513, .F. ) ;
#1460 = EDGE_LOOP ( 'NONE', ( #1894, #1871, #2111, #99 ) ) ;
#1461 = ORIENTED_EDGE ( 'NONE', *, *, #1218, .T. ) ;
#1462 = CARTESIAN_POINT ( 'NONE',  ( -0.9017806737364441050, -0.4000000000000000222, 0.5769453993943479686 ) ) ;
#1463 = ORIENTED_EDGE ( 'NONE', *, *, #258, .F. ) ;
#1464 = CARTESIAN_POINT ( 'NONE',  ( -0.9000000000000000222, 0.6000000000000001998, 0.02000000000000000042 ) ) ;
#1465 = FACE_OUTER_BOUND ( 'NONE', #1652, .T. ) ;
#1466 = ADVANCED_FACE ( 'NONE', ( #1121 ), #510, .T. ) ;
#1467 =( GEOMETRIC_REPRESENTATION_CONTEXT ( 3 ) GLOBAL_UNCERTAINTY_ASSIGNED_CONTEXT ( ( #2454 ) ) GLOBAL_UNIT_ASSIGNED_CONTEXT ( ( #1509, #1327, #358 ) ) REPRESENTATION_CONTEXT ( 'NONE', 'WORKASPACE' ) );
#1468 = FACE_OUTER_BOUND ( 'NONE', #223, .T. ) ;
#1469 = VERTEX_POINT ( 'NONE', #536 ) ;
#1470 = CARTESIAN_POINT ( 'NONE',  ( 0.4000000000000000222, -0.4800000000000000377, 0.1000000000000000056 ) ) ;
#1471 = VECTOR ( 'NONE', #1185, 1000.000000000000000 ) ;
#1472 = VECTOR ( 'NONE', #1145, 1000.000000000000000 ) ;
#1473 = ORIENTED_EDGE ( 'NONE', *, *, #2321, .F. ) ;
#1474 = CARTESIAN_POINT ( 'NONE',  ( 0.7999999999999999334, 0.4799999999999999822, 0.6000000000000000888 ) ) ;
#1475 = APPLICATION_CONTEXT ( 'automotive_design' ) ;
#1476 =( BOUNDED_SURFACE ( )  B_SPLINE_SURFACE ( 3, 3, ( 
 ( #1555, #1919, #721, #2134 ),
 ( #1954, #2148, #133, #1355 ),
 ( #1944, #179, #2326, #947 ),
 ( #345, #1370, #1737, #2337 ) ),
 .UNSPECIFIED., .F., .F., .T. ) 
 B_SPLINE_SURFACE_WITH_KNOTS ( ( 4, 4 ),
 ( 4, 4 ),
 ( 0.0000000000000000000, 1.000000000000000000 ),
 ( 0.0000000000000000000, 1.000000000000000000 ),
 .UNSPECIFIED. ) 
 GEOMETRIC_REPRESENTATION_ITEM ( )  RATIONAL_B_SPLINE_SURFACE ( (
 ( 1.000000000000000000, 0.8002741005225374460, 0.8002741005225374460, 1.000000000000000000),
 ( 0.8047378541243566108, 0.6440108623658064024, 0.6440108623658064024, 0.8047378541243566108),
 ( 0.8047378541243566108, 0.6440108623658064024, 0.6440108623658064024, 0.8047378541243566108),
 ( 1.000000000000000000, 0.8002741005225374460, 0.8002741005225374460, 1.000000000000000000) ) ) 
 REPRESENTATION_ITEM ( '' )  SURFACE ( )  );
#1477 = CARTESIAN_POINT ( 'NONE',  ( -0.8253416233523860335, -0.5136183922132360191, 0.5581628751257230459 ) ) ;
#1478 = PRESENTATION_LAYER_ASSIGNMENT (  '', '', ( #2575 ) ) ;
#1479 = CARTESIAN_POINT ( 'NONE',  ( 0.7999999999999989342, -0.4991662969499981450, 0.5857142857142858539 ) ) ;
#1480 = VECTOR ( 'NONE', #2468, 1000.000000000000000 ) ;
#1481 = CARTESIAN_POINT ( 'NONE',  ( 0.4000000000000000222, 0.4800000000000000377, 0.1000000000000000056 ) ) ;
#1482 = DIRECTION ( 'NONE',  ( -1.000000000000000000, 0.0000000000000000000, 0.0000000000000000000 ) ) ;
#1483 = UNCERTAINTY_MEASURE_WITH_UNIT (LENGTH_MEASURE( 1.000000000000000082E-05 ), #1924, 'distance_accuracy_value', 'NONE');
#1484 = AXIS2_PLACEMENT_3D ( 'NONE', #2425, #629, #410 ) ;
#1485 = ORIENTED_EDGE ( 'NONE', *, *, #352, .F. ) ;
#1486 = CARTESIAN_POINT ( 'NONE',  ( -0.4500000000000000666, -0.5800000000000001821, 0.0000000000000000000 ) ) ;
#1487 = ADVANCED_FACE ( 'NONE', ( #331 ), #2506, .T. ) ;
#1488 = ORIENTED_EDGE ( 'NONE', *, *, #2450, .T. ) ;
#1489 = CARTESIAN_POINT ( 'NONE',  ( 0.8000000000000000444, 0.5470820393249941072, 0.5500000000000000444 ) ) ;
#1490 = ADVANCED_FACE ( 'NONE', ( #306 ), #680, .T. ) ;
#1491 = CARTESIAN_POINT ( 'NONE',  ( 0.8800000000000010036, 0.4800000000000000377, 0.0000000000000000000 ) ) ;
#1492 = CARTESIAN_POINT ( 'NONE',  ( 0.9165499434131090251, 0.4346984128053320573, 0.5559778258713750088 ) ) ;
#1493 = CARTESIAN_POINT ( 'NONE',  ( -0.5999999999999999778, 0.4799999999999999822, 0.1000000000000000056 ) ) ;
#1494 =( NAMED_UNIT ( * ) SI_UNIT ( $, .STERADIAN. ) SOLID_ANGLE_UNIT ( ) );
#1495 = B_SPLINE_CURVE_WITH_KNOTS ( 'NONE', 3,
 ( #2462, #304, #128, #908 ),
 .UNSPECIFIED., .F., .F.,
 ( 4, 4 ),
 ( 0.0000000000000000000, 1.000000000000000000 ),
 .UNSPECIFIED. ) ;
#1496 = CARTESIAN_POINT ( 'NONE',  ( 0.8799999999999990052, 0.4000000000000000222, 0.6000000000000000888 ) ) ;
#1497 = EDGE_CURVE ( 'NONE', #1263, #2173, #878, .T. ) ;
#1498 = CARTESIAN_POINT ( 'NONE',  ( -0.8800000000000010036, 0.4800000000000000377, 0.1000000000000000056 ) ) ;
#1499 = PRESENTATION_STYLE_ASSIGNMENT (( #910 ) ) ;
#1500 = EDGE_CURVE ( 'NONE', #178, #2327, #909, .T. ) ;
#1501 = B_SPLINE_CURVE_WITH_KNOTS ( 'NONE', 3,
 ( #1639, #264, #1044, #1450 ),
 .UNSPECIFIED., .F., .F.,
 ( 4, 4 ),
 ( 0.0000000000000000000, 1.000000000000000000 ),
 .UNSPECIFIED. ) ;
#1502 = CARTESIAN_POINT ( 'NONE',  ( -0.8000000000000003775, 0.4991662969499981450, 0.5857142857142859649 ) ) ;
#1503 = UNCERTAINTY_MEASURE_WITH_UNIT (LENGTH_MEASURE( 1.000000000000000082E-05 ), #1603, 'distance_accuracy_value', 'NONE');
#1504 = PLANE ( 'NONE',  #1812 ) ;
#1505 = LINE ( 'NONE', #1486, #61 ) ;
#1506 = CARTESIAN_POINT ( 'NONE',  ( -0.8938928014460024718, -0.5944522695586782479, 1.310167782253875992E-16 ) ) ;
#1507 = ORIENTED_EDGE ( 'NONE', *, *, #539, .T. ) ;
#1508 = VECTOR ( 'NONE', #2135, 1000.000000000000000 ) ;
#1509 =( LENGTH_UNIT ( ) NAMED_UNIT ( * ) SI_UNIT ( .MILLI., .METRE. ) );
#1510 = CARTESIAN_POINT ( 'NONE',  ( 0.8000000000000001554, 0.4965430202748511435, 0.5945130231684131461 ) ) ;
#1511 = CARTESIAN_POINT ( 'NONE',  ( 1.000000000000000444, -0.5000000000000000000, 0.02000000000000000042 ) ) ;
#1512 = FILL_AREA_STYLE_COLOUR ( '', #2099 ) ;
#1513 = PLANE ( 'NONE',  #1062 ) ;
#1514 = CARTESIAN_POINT ( 'NONE',  ( 0.8000000000000000444, 0.5026521326652599875, 0.5740224372877019698 ) ) ;
#1515 = SURFACE_STYLE_USAGE ( .BOTH. , #1661 ) ;
#1516 = CARTESIAN_POINT ( 'NONE',  ( 0.4000000000000000222, -4.163336342344340478E-16, 0.0000000000000000000 ) ) ;
#1517 = CARTESIAN_POINT ( 'NONE',  ( 0.8856705053463860278, -0.5850795122614970145, 1.558540622947911884E-16 ) ) ;
#1518 = CARTESIAN_POINT ( 'NONE',  ( 0.7999999999999990452, -0.4799999999999999822, 0.6000000000000000888 ) ) ;
#1519 = AXIS2_PLACEMENT_3D ( 'NONE', #1610, #2052, #1424 ) ;
#1520 = VERTEX_POINT ( 'NONE', #1867 ) ;
#1521 = PRESENTATION_LAYER_ASSIGNMENT (  '', '', ( #537 ) ) ;
#1522 = ORIENTED_EDGE ( 'NONE', *, *, #2272, .F. ) ;
#1523 = CARTESIAN_POINT ( 'NONE',  ( -1.001020540104503809, -0.4917205379700792522, 0.5500000000000004885 ) ) ;
#1524 = CARTESIAN_POINT ( 'NONE',  ( 0.8222117910555749587, 0.4991662969499980340, 0.5857142857142859649 ) ) ;
#1525 = MANIFOLD_SOLID_BREP ( 'Body2', #2056 ) ;
#1526 = SURFACE_STYLE_FILL_AREA ( #1303 ) ;
#1527 = DIRECTION ( 'NONE',  ( 1.000000000000000000, 1.445602896647339903E-16, 0.0000000000000000000 ) ) ;
#1528 = DIRECTION ( 'NONE',  ( 0.0000000000000000000, 1.000000000000000000, 0.0000000000000000000 ) ) ;
#1529 = EDGE_CURVE ( 'NONE', #1726, #342, #690, .T. ) ;
#1530 = EDGE_CURVE ( 'NONE', #380, #2149, #1537, .T. ) ;
#1531 = CARTESIAN_POINT ( 'NONE',  ( 0.7999999999999999334, 0.4800000000000000933, 0.6000000000000000888 ) ) ;
#1532 = FACE_OUTER_BOUND ( 'NONE', #2348, .T. ) ;
#1533 = CARTESIAN_POINT ( 'NONE',  ( -0.9302421677081783580, -0.4900890130715075954, 0.5500000000000000444 ) ) ;
#1534 = EDGE_CURVE ( 'NONE', #1009, #670, #2088, .T. ) ;
#1535 = CARTESIAN_POINT ( 'NONE',  ( -0.9470820393249930191, 0.2000000000000000111, 0.5999999999999999778 ) ) ;
#1536 = CARTESIAN_POINT ( 'NONE',  ( 0.8991662969499972791, 0.4580902718229907800, 0.5857142857142857428 ) ) ;
#1537 = LINE ( 'NONE', #2344, #1809 ) ;
#1538 = CARTESIAN_POINT ( 'NONE',  ( -0.9026521326652600097, 0.3999999999999980238, 0.5740224372877019698 ) ) ;
#1539 = DIRECTION ( 'NONE',  ( -1.387778780781439956E-15, 1.000000000000000000, 0.0000000000000000000 ) ) ;
#1540 = FACE_OUTER_BOUND ( 'NONE', #294, .T. ) ;
#1541 = ORIENTED_EDGE ( 'NONE', *, *, #1816, .T. ) ;
#1542 = CARTESIAN_POINT ( 'NONE',  ( -0.8000000000000001554, -0.4891814683630146265, 0.5999999999999999778 ) ) ;
#1543 = SURFACE_SIDE_STYLE ('',( #2127 ) ) ;
#1544 = VERTEX_POINT ( 'NONE', #1166 ) ;
#1545 = CARTESIAN_POINT ( 'NONE',  ( 0.9366398151225022728, 0.4911137459656734205, 0.5500000000000000444 ) ) ;
#1546 = EDGE_CURVE ( 'NONE', #2066, #872, #749, .T. ) ;
#1547 = CARTESIAN_POINT ( 'NONE',  ( -0.8800000000000000044, -0.4436239586909001553, 0.5999999999999999778 ) ) ;
#1548 = VECTOR ( 'NONE', #2067, 1000.000000000000000 ) ;
#1549 =( LENGTH_UNIT ( ) NAMED_UNIT ( * ) SI_UNIT ( .MILLI., .METRE. ) );
#1550 = COLOUR_RGB ( '',0.6274509803921568540, 0.6274509803921568540, 0.6274509803921568540 ) ;
#1551 = AXIS2_PLACEMENT_3D ( 'NONE', #1178, #2372, #1734 ) ;
#1552 = FILL_AREA_STYLE_COLOUR ( '', #24 ) ;
#1553 = ORIENTED_EDGE ( 'NONE', *, *, #569, .T. ) ;
#1554 = APPLICATION_CONTEXT ( 'automotive_design' ) ;
#1555 = CARTESIAN_POINT ( 'NONE',  ( -1.001130956611977485, 0.4800053295469253190, 0.0000000000000000000 ) ) ;
#1556 = CARTESIAN_POINT ( 'NONE',  ( 0.4000000000000000222, -0.4800000000000000377, 0.1000000000000000056 ) ) ;
#1557 = FACE_OUTER_BOUND ( 'NONE', #163, .T. ) ;
#1558 =( GEOMETRIC_REPRESENTATION_CONTEXT ( 3 ) GLOBAL_UNCERTAINTY_ASSIGNED_CONTEXT ( ( #2107 ) ) GLOBAL_UNIT_ASSIGNED_CONTEXT ( ( #1065, #2045, #637 ) ) REPRESENTATION_CONTEXT ( 'NONE', 'WORKASPACE' ) );
#1559 = FACE_OUTER_BOUND ( 'NONE', #828, .T. ) ;
#1560 = EDGE_CURVE ( 'NONE', #800, #2244, #1949, .T. ) ;
#1561 = MECHANICAL_DESIGN_GEOMETRIC_PRESENTATION_REPRESENTATION (  '', ( #2494 ), #2282 ) ;
#1562 = EDGE_CURVE ( 'NONE', #904, #961, #1753, .T. ) ;
#1563 = CYLINDRICAL_SURFACE ( 'NONE', #1551, 0.01999999999999999695 ) ;
#1564 = ORIENTED_EDGE ( 'NONE', *, *, #1845, .F. ) ;
#1565 = CARTESIAN_POINT ( 'NONE',  ( 0.8000000000000000444, 0.4991662969499982005, 0.5857142857142858539 ) ) ;
#1566 = EDGE_LOOP ( 'NONE', ( #2287, #1463, #573, #936 ) ) ;
#1567 = CARTESIAN_POINT ( 'NONE',  ( -0.8816784043380080371, 0.5800000000000009592, 0.5500000000000001554 ) ) ;
#1568 = ORIENTED_EDGE ( 'NONE', *, *, #76, .F. ) ;
#1569 = FILL_AREA_STYLE ('',( #2192 ) ) ;
#1570 = DIRECTION ( 'NONE',  ( 0.0000000000000000000, 0.0000000000000000000, 1.000000000000000000 ) ) ;
#1571 = EDGE_CURVE ( 'NONE', #872, #138, #1437, .T. ) ;
#1572 = FACE_OUTER_BOUND ( 'NONE', #1095, .T. ) ;
#1573 = PLANE ( 'NONE',  #400 ) ;
#1574 = EDGE_LOOP ( 'NONE', ( #274, #675, #419, #1056 ) ) ;
#1575 = CARTESIAN_POINT ( 'NONE',  ( -0.8799999999999990052, -0.4000000000000000222, 0.6000000000000000888 ) ) ;
#1576 = VERTEX_POINT ( 'NONE', #1779 ) ;
#1577 = CARTESIAN_POINT ( 'NONE',  ( 0.6400000000000000133, -0.4800000000000000377, 0.1000000000000000056 ) ) ;
#1578 = ORIENTED_EDGE ( 'NONE', *, *, #305, .F. ) ;
#1579 = PLANE ( 'NONE',  #1223 ) ;
#1580 = SURFACE_STYLE_USAGE ( .BOTH. , #1186 ) ;
#1581 = SURFACE_SIDE_STYLE ('',( #616 ) ) ;
#1582 = CARTESIAN_POINT ( 'NONE',  ( 0.7999999999999989342, -0.4799999999999999822, 0.5799999999999999600 ) ) ;
#1583 = LINE ( 'NONE', #25, #2021 ) ;
#1584 = PRESENTATION_LAYER_ASSIGNMENT (  '', '', ( #146 ) ) ;
#1585 = ORIENTED_EDGE ( 'NONE', *, *, #1344, .T. ) ;
#1586 = VECTOR ( 'NONE', #1614, 1000.000000000000000 ) ;
#1587 = CARTESIAN_POINT ( 'NONE',  ( 0.8754378880546881403, 0.5325422524279701531, 0.5500000000000000444 ) ) ;
#1588 = VERTEX_POINT ( 'NONE', #10 ) ;
#1589 = PRESENTATION_LAYER_ASSIGNMENT (  '', '', ( #2524 ) ) ;
#1590 = COLOUR_RGB ( '',0.9490196078431372140, 0.7960784313725489669, 0.4862745098039215619 ) ;
#1591 = ORIENTED_EDGE ( 'NONE', *, *, #422, .F. ) ;
#1592 = CARTESIAN_POINT ( 'NONE',  ( -0.4000000000000000222, -0.4800000000000000933, 0.1000000000000000056 ) ) ;
#1593 = CARTESIAN_POINT ( 'NONE',  ( 0.9414852371728059666, -0.4994440387576434826, 0.5299999999999999156 ) ) ;
#1594 = FACE_OUTER_BOUND ( 'NONE', #2458, .T. ) ;
#1595 = MECHANICAL_DESIGN_GEOMETRIC_PRESENTATION_REPRESENTATION (  '', ( #242 ), #1680 ) ;
#1596 = PRESENTATION_LAYER_ASSIGNMENT (  '', '', ( #2580 ) ) ;
#1597 = SURFACE_STYLE_USAGE ( .BOTH. , #1203 ) ;
#1598 = DIRECTION ( 'NONE',  ( -1.000000000000000000, 0.0000000000000000000, 0.0000000000000000000 ) ) ;
#1599 = CARTESIAN_POINT ( 'NONE',  ( -0.9379317205724311268, 0.4411956967533289808, 0.5500000000000000444 ) ) ;
#1600 = ORIENTED_EDGE ( 'NONE', *, *, #1816, .F. ) ;
#1601 = SURFACE_STYLE_USAGE ( .BOTH. , #766 ) ;
#1602 = CARTESIAN_POINT ( 'NONE',  ( 0.8000000000000000444, 0.5379317205724309936, 0.5500000000000000444 ) ) ;
#1603 =( LENGTH_UNIT ( ) NAMED_UNIT ( * ) SI_UNIT ( .MILLI., .METRE. ) );
#1604 = EDGE_CURVE ( 'NONE', #806, #1404, #2362, .T. ) ;
#1605 = ORIENTED_EDGE ( 'NONE', *, *, #2226, .T. ) ;
#1606 = FILL_AREA_STYLE_COLOUR ( '', #355 ) ;
#1607 = DIRECTION ( 'NONE',  ( -0.0000000000000000000, 1.000000000000000000, 0.0000000000000000000 ) ) ;
#1608 = EDGE_CURVE ( 'NONE', #2429, #806, #1045, .T. ) ;
#1609 = DIRECTION ( 'NONE',  ( 0.0000000000000000000, -1.000000000000000000, 0.0000000000000000000 ) ) ;
#1610 = CARTESIAN_POINT ( 'NONE',  ( 1.000000000000000000, -0.5999999999999999778, 0.02000000000000000042 ) ) ;
#1611 = DIRECTION ( 'NONE',  ( 2.775557561562889872E-16, -1.000000000000000000, 0.0000000000000000000 ) ) ;
#1612 = ORIENTED_EDGE ( 'NONE', *, *, #2321, .T. ) ;
#1613 = B_SPLINE_CURVE_WITH_KNOTS ( 'NONE', 3,
 ( #1259, #2054, #238, #1017 ),
 .UNSPECIFIED., .F., .F.,
 ( 4, 4 ),
 ( 0.0000000000000000000, 1.000000000000000000 ),
 .UNSPECIFIED. ) ;
#1614 = DIRECTION ( 'NONE',  ( -0.0000000000000000000, 0.0000000000000000000, -1.000000000000000000 ) ) ;
#1615 = ORIENTED_EDGE ( 'NONE', *, *, #1042, .F. ) ;
#1616 = CYLINDRICAL_SURFACE ( 'NONE', #158, 0.02000000000000005246 ) ;
#1617 = CARTESIAN_POINT ( 'NONE',  ( -0.9470820393249940183, 0.4439256162089260105, 0.5500000000000000444 ) ) ;
#1618 = UNCERTAINTY_MEASURE_WITH_UNIT (LENGTH_MEASURE( 1.000000000000000082E-05 ), #481, 'distance_accuracy_value', 'NONE');
#1619 = ORIENTED_EDGE ( 'NONE', *, *, #2011, .F. ) ;
#1620 =( GEOMETRIC_REPRESENTATION_CONTEXT ( 3 ) GLOBAL_UNCERTAINTY_ASSIGNED_CONTEXT ( ( #869 ) ) GLOBAL_UNIT_ASSIGNED_CONTEXT ( ( #2181, #1377, #1754 ) ) REPRESENTATION_CONTEXT ( 'NONE', 'WORKASPACE' ) );
#1621 = ORIENTED_EDGE ( 'NONE', *, *, #746, .F. ) ;
#1622 = VECTOR ( 'NONE', #1276, 1000.000000000000000 ) ;
#1623 = CARTESIAN_POINT ( 'NONE',  ( -0.9000000000000001332, -0.5999999999999999778, 0.0000000000000000000 ) ) ;
#1624 = CARTESIAN_POINT ( 'NONE',  ( -0.9278723025735403640, -0.4904895933918416162, 0.0000000000000000000 ) ) ;
#1625 = DIRECTION ( 'NONE',  ( -1.387778780781439956E-15, 1.000000000000000000, 0.0000000000000000000 ) ) ;
#1626 = AXIS2_PLACEMENT_3D ( 'NONE', #483, #67, #2216 ) ;
#1627 = FACE_OUTER_BOUND ( 'NONE', #502, .T. ) ;
#1628 = EDGE_CURVE ( 'NONE', #312, #123, #2427, .T. ) ;
#1629 = FILL_AREA_STYLE ('',( #1246 ) ) ;
#1630 = VECTOR ( 'NONE', #1013, 1000.000000000000000 ) ;
#1631 = ORIENTED_EDGE ( 'NONE', *, *, #2142, .F. ) ;
#1632 = ADVANCED_FACE ( 'NONE', ( #643 ), #50, .T. ) ;
#1633 = AXIS2_PLACEMENT_3D ( 'NONE', #1723, #2336, #1539 ) ;
#1634 = CARTESIAN_POINT ( 'NONE',  ( 0.8800000000000010036, -0.4800000000000000377, 0.1000000000000000056 ) ) ;
#1635 = CYLINDRICAL_SURFACE ( 'NONE', #1396, 0.05000000000000002359 ) ;
#1636 = ORIENTED_EDGE ( 'NONE', *, *, #1055, .T. ) ;
#1637 = CARTESIAN_POINT ( 'NONE',  ( 0.8437838854343729933, -0.5470820393249941072, 0.5500000000000000444 ) ) ;
#1638 = ORIENTED_EDGE ( 'NONE', *, *, #2515, .T. ) ;
#1639 = CARTESIAN_POINT ( 'NONE',  ( -0.8816784043380071489, -0.5799999999999999600, 0.5500000000000001554 ) ) ;
#1640 = LINE ( 'NONE', #1498, #1724 ) ;
#1641 = CARTESIAN_POINT ( 'NONE',  ( 0.9000000000000001332, 0.5999999999999998668, 0.5300000000000001377 ) ) ;
#1642 = CARTESIAN_POINT ( 'NONE',  ( -0.9470820393249930191, 0.4000000000000030753, 0.5499999999999999334 ) ) ;
#1643 = VERTEX_POINT ( 'NONE', #2459 ) ;
#1644 =( NAMED_UNIT ( * ) SI_UNIT ( $, .STERADIAN. ) SOLID_ANGLE_UNIT ( ) );
#1645 = CARTESIAN_POINT ( 'NONE',  ( 0.9999999999999997780, 0.4999999999999998890, 0.01539085870620496808 ) ) ;
#1646 = EDGE_LOOP ( 'NONE', ( #1172, #2340, #1553, #1830 ) ) ;
#1647 = CARTESIAN_POINT ( 'NONE',  ( -0.9419277494242976889, -0.4994482242402633609, 0.01999999999999999695 ) ) ;
#1648 = DIRECTION ( 'NONE',  ( 1.445602896647339903E-16, -1.000000000000000000, 0.0000000000000000000 ) ) ;
#1649 = ORIENTED_EDGE ( 'NONE', *, *, #837, .F. ) ;
#1650 = CYLINDRICAL_SURFACE ( 'NONE', #1269, 0.1000000000000000472 ) ;
#1651 = PRESENTATION_STYLE_ASSIGNMENT (( #273 ) ) ;
#1652 = EDGE_LOOP ( 'NONE', ( #859, #1345, #1048, #2555 ) ) ;
#1653 = CARTESIAN_POINT ( 'NONE',  ( -0.9297846113963855741, 0.4793328861745886904, 0.5500000000000001554 ) ) ;
#1654 = ORIENTED_EDGE ( 'NONE', *, *, #1704, .F. ) ;
#1655 = PRESENTATION_STYLE_ASSIGNMENT (( #863 ) ) ;
#1656 = FACE_OUTER_BOUND ( 'NONE', #97, .T. ) ;
#1657 = CARTESIAN_POINT ( 'NONE',  ( 0.4000000000000000222, 0.4800000000000000377, 0.0000000000000000000 ) ) ;
#1658 =( BOUNDED_SURFACE ( )  B_SPLINE_SURFACE ( 3, 3, ( 
 ( #2289, #1448, #448, #2257 ),
 ( #1241, #2064, #86, #2077 ),
 ( #2037, #2049, #261, #873 ),
 ( #820, #288, #461, #1068 ) ),
 .UNSPECIFIED., .F., .F., .T. ) 
 B_SPLINE_SURFACE_WITH_KNOTS ( ( 4, 4 ),
 ( 4, 4 ),
 ( 0.0000000000000000000, 1.000000000000000000 ),
 ( 0.0000000000000000000, 1.000000000000000000 ),
 .UNSPECIFIED. ) 
 GEOMETRIC_REPRESENTATION_ITEM ( )  RATIONAL_B_SPLINE_SURFACE ( (
 ( 1.000000000000000000, 0.8047378541243618288, 0.8047378541243618288, 1.000000000000000000),
 ( 0.8678558171581848280, 0.6983964279892221905, 0.6983964279892221905, 0.8678558171581848280),
 ( 0.8678558171581848280, 0.6983964279892221905, 0.6983964279892221905, 0.8678558171581848280),
 ( 1.000000000000000000, 0.8047378541243618288, 0.8047378541243618288, 1.000000000000000000) ) ) 
 REPRESENTATION_ITEM ( '' )  SURFACE ( )  );
#1659 = VERTEX_POINT ( 'NONE', #2237 ) ;
#1660 = PRESENTATION_STYLE_ASSIGNMENT (( #1456 ) ) ;
#1661 = SURFACE_SIDE_STYLE ('',( #1526 ) ) ;
#1662 = DIRECTION ( 'NONE',  ( 1.000000000000000000, 0.0000000000000000000, 0.0000000000000000000 ) ) ;
#1663 = EDGE_CURVE ( 'NONE', #2190, #271, #1890, .T. ) ;
#1664 = AXIS2_PLACEMENT_3D ( 'NONE', #1383, #974, #962 ) ;
#1665 = B_SPLINE_CURVE_WITH_KNOTS ( 'NONE', 3,
 ( #350, #2138, #175, #1175 ),
 .UNSPECIFIED., .F., .F.,
 ( 4, 4 ),
 ( 0.0000000000000000000, 1.000000000000000000 ),
 .UNSPECIFIED. ) ;
#1666 = EDGE_LOOP ( 'NONE', ( #417, #1428, #1986, #1083 ) ) ;
#1667 = CARTESIAN_POINT ( 'NONE',  ( -0.9470820393249930191, 0.2000000000000000111, 0.5499999999999999334 ) ) ;
#1668 =( NAMED_UNIT ( * ) PLANE_ANGLE_UNIT ( ) SI_UNIT ( $, .RADIAN. ) );
#1669 = VECTOR ( 'NONE', #2048, 1000.000000000000000 ) ;
#1670 = EDGE_CURVE ( 'NONE', #14, #1520, #617, .T. ) ;
#1671 = CARTESIAN_POINT ( 'NONE',  ( 1.000000000000001110, -0.2499999999999989730, 0.5300000000000001377 ) ) ;
#1672 = FILL_AREA_STYLE ('',( #2118 ) ) ;
#1673 = MECHANICAL_DESIGN_GEOMETRIC_PRESENTATION_REPRESENTATION (  '', ( #151 ), #1886 ) ;
#1674 = B_SPLINE_CURVE_WITH_KNOTS ( 'NONE', 3,
 ( #2496, #2293, #1135, #117, #2509 ),
 .UNSPECIFIED., .F., .F.,
 ( 4, 1, 4 ),
 ( 0.0000000000000000000, 0.5714285714285810558, 1.000000000000000000 ),
 .UNSPECIFIED. ) ;
#1675 = LINE ( 'NONE', #516, #1397 ) ;
#1676 = SURFACE_SIDE_STYLE ('',( #1705 ) ) ;
#1677 = CARTESIAN_POINT ( 'NONE',  ( -0.5999999999999999778, 0.4800000000000000377, 0.0000000000000000000 ) ) ;
#1678 = CARTESIAN_POINT ( 'NONE',  ( 0.8770763467403001057, 0.4836425360528350259, 0.5740224372877009706 ) ) ;
#1679 = VECTOR ( 'NONE', #663, 1000.000000000000000 ) ;
#1680 =( GEOMETRIC_REPRESENTATION_CONTEXT ( 3 ) GLOBAL_UNCERTAINTY_ASSIGNED_CONTEXT ( ( #1409 ) ) GLOBAL_UNIT_ASSIGNED_CONTEXT ( ( #620, #427, #1247 ) ) REPRESENTATION_CONTEXT ( 'NONE', 'WORKASPACE' ) );
#1681 = COLOUR_RGB ( '',0.9490196078431372140, 0.7960784313725489669, 0.4862745098039215619 ) ;
#1682 = LINE ( 'NONE', #1481, #1157 ) ;
#1683 = DIRECTION ( 'NONE',  ( 1.000000000000000000, 0.0000000000000000000, 0.0000000000000000000 ) ) ;
#1684 = EDGE_LOOP ( 'NONE', ( #1985, #1101, #52, #1600 ) ) ;
#1685 = DIRECTION ( 'NONE',  ( 1.084202172485501594E-14, 1.000000000000000000, 0.0000000000000000000 ) ) ;
#1686 =( NAMED_UNIT ( * ) PLANE_ANGLE_UNIT ( ) SI_UNIT ( $, .RADIAN. ) );
#1687 = CARTESIAN_POINT ( 'NONE',  ( 0.4000000000000000222, -0.4800000000000000377, 0.0000000000000000000 ) ) ;
#1688 = CARTESIAN_POINT ( 'NONE',  ( 0.8999999999999999112, -0.5999999999999999778, 0.01539085870674277746 ) ) ;
#1689 = ADVANCED_FACE ( 'NONE', ( #1627 ), #2208, .F. ) ;
#1690 = CARTESIAN_POINT ( 'NONE',  ( -0.8816784043380071489, -0.5799999999999999600, 0.5500000000000001554 ) ) ;
#1691 = EDGE_CURVE ( 'NONE', #983, #955, #424, .T. ) ;
#1692 = CARTESIAN_POINT ( 'NONE',  ( -0.8743415505246859842, -0.4810166710406060253, 0.5857142857142859649 ) ) ;
#1693 =( LENGTH_UNIT ( ) NAMED_UNIT ( * ) SI_UNIT ( .MILLI., .METRE. ) );
#1694 = VERTEX_POINT ( 'NONE', #1811 ) ;
#1695 = CARTESIAN_POINT ( 'NONE',  ( 0.8991662969499977232, 0.4000000000000000222, 0.5857142857142858539 ) ) ;
#1696 = DIRECTION ( 'NONE',  ( 1.000000000000000000, -9.831194956658745130E-15, -0.0000000000000000000 ) ) ;
#1697 = DIRECTION ( 'NONE',  ( 0.0000000000000000000, 1.000000000000000000, 0.0000000000000000000 ) ) ;
#1698 = ORIENTED_EDGE ( 'NONE', *, *, #2500, .T. ) ;
#1699 = SURFACE_STYLE_FILL_AREA ( #2328 ) ;
#1700 = ADVANCED_FACE ( 'NONE', ( #437 ), #1058, .T. ) ;
#1701 = FILL_AREA_STYLE_COLOUR ( '', #144 ) ;
#1702 =( NAMED_UNIT ( * ) SI_UNIT ( $, .STERADIAN. ) SOLID_ANGLE_UNIT ( ) );
#1703 = CARTESIAN_POINT ( 'NONE',  ( -0.8300727092234959636, -0.5348816143215759933, 0.5500000000000000444 ) ) ;
#1704 = EDGE_CURVE ( 'NONE', #1659, #148, #1405, .T. ) ;
#1705 = SURFACE_STYLE_FILL_AREA ( #894 ) ;
#1706 = CARTESIAN_POINT ( 'NONE',  ( 0.7999999999999989342, -0.5470820393249941072, 0.5499999999999999334 ) ) ;
#1707 = CARTESIAN_POINT ( 'NONE',  ( -0.8965430202748499999, 0.4565535919245463647, 0.5945130231684130351 ) ) ;
#1708 = UNCERTAINTY_MEASURE_WITH_UNIT (LENGTH_MEASURE( 1.000000000000000082E-05 ), #2223, 'distance_accuracy_value', 'NONE');
#1709 =( LENGTH_UNIT ( ) NAMED_UNIT ( * ) SI_UNIT ( .MILLI., .METRE. ) );
#1710 = DIRECTION ( 'NONE',  ( 1.000000000000000000, 0.0000000000000000000, 0.0000000000000000000 ) ) ;
#1711 = ORIENTED_EDGE ( 'NONE', *, *, #1392, .T. ) ;
#1712 = DIRECTION ( 'NONE',  ( -0.0000000000000000000, -0.0000000000000000000, -1.000000000000000000 ) ) ;
#1713 = CIRCLE ( 'NONE', #713, 0.1000000000000000472 ) ;
#1714 = PRESENTATION_LAYER_ASSIGNMENT (  '', '', ( #1797 ) ) ;
#1715 = FILL_AREA_STYLE ('',( #1701 ) ) ;
#1716 = ORIENTED_EDGE ( 'NONE', *, *, #1971, .T. ) ;
#1717 =( NAMED_UNIT ( * ) SI_UNIT ( $, .STERADIAN. ) SOLID_ANGLE_UNIT ( ) );
#1718 = CIRCLE ( 'NONE', #1144, 0.09999999999999993616 ) ;
#1719 = VECTOR ( 'NONE', #433, 1000.000000000000000 ) ;
#1720 = EDGE_CURVE ( 'NONE', #173, #904, #2025, .T. ) ;
#1721 = CARTESIAN_POINT ( 'NONE',  ( -0.8991662969499969460, 0.4000000000000000777, 0.5857142857142859649 ) ) ;
#1722 = ADVANCED_FACE ( 'NONE', ( #1231 ), #2026, .F. ) ;
#1723 = CARTESIAN_POINT ( 'NONE',  ( 1.000000000000000000, -0.5000000000000000000, 0.0000000000000000000 ) ) ;
#1724 = VECTOR ( 'NONE', #317, 1000.000000000000000 ) ;
#1725 = AXIS2_PLACEMENT_3D ( 'NONE', #506, #474, #339 ) ;
#1726 = VERTEX_POINT ( 'NONE', #2315 ) ;
#1727 = PRESENTATION_STYLE_ASSIGNMENT (( #933 ) ) ;
#1728 = VECTOR ( 'NONE', #601, 1000.000000000000114 ) ;
#1729 = ORIENTED_EDGE ( 'NONE', *, *, #2486, .F. ) ;
#1730 = PRESENTATION_LAYER_ASSIGNMENT (  '', '', ( #1807 ) ) ;
#1731 = CARTESIAN_POINT ( 'NONE',  ( 0.8911137459656733872, 0.5366398151225023616, 0.5500000000000000444 ) ) ;
#1732 = CARTESIAN_POINT ( 'NONE',  ( -0.8991662969499970570, 0.4580902718229905579, 0.5857142857142859649 ) ) ;
#1733 = SURFACE_STYLE_FILL_AREA ( #2167 ) ;
#1734 = DIRECTION ( 'NONE',  ( 0.0000000000000000000, 1.000000000000000000, 0.0000000000000000000 ) ) ;
#1735 = UNCERTAINTY_MEASURE_WITH_UNIT (LENGTH_MEASURE( 1.000000000000000082E-05 ), #994, 'distance_accuracy_value', 'NONE');
#1736 = DIRECTION ( 'NONE',  ( 1.000000000000000000, 3.854941057726239700E-17, 0.0000000000000000000 ) ) ;
#1737 = CARTESIAN_POINT ( 'NONE',  ( -0.8994440718121572420, 0.5414871761636546044, 0.02000000000000000042 ) ) ;
#1738 = EDGE_LOOP ( 'NONE', ( #1461, #291, #1795, #1432 ) ) ;
#1739 = CARTESIAN_POINT ( 'NONE',  ( -0.8800000000000010036, 3.469446951953609875E-17, 0.0000000000000000000 ) ) ;
#1740 = CARTESIAN_POINT ( 'NONE',  ( 0.9136183922132350421, -0.4253416233523870105, 0.5581628751257230459 ) ) ;
#1741 = ORIENTED_EDGE ( 'NONE', *, *, #1990, .T. ) ;
#1742 = CARTESIAN_POINT ( 'NONE',  ( 1.000942463843314645, 0.5000044412891050394, 0.5300000000000001377 ) ) ;
#1743 = DIRECTION ( 'NONE',  ( 0.0000000000000000000, 0.0000000000000000000, 1.000000000000000000 ) ) ;
#1744 = CARTESIAN_POINT ( 'NONE',  ( 0.8816784043380080371, -0.5800000000000009592, 0.0000000000000000000 ) ) ;
#1745 = CARTESIAN_POINT ( 'NONE',  ( 1.000000000000000000, 0.5000000000000000000, 0.5300000000000001377 ) ) ;
#1746 = EDGE_CURVE ( 'NONE', #2434, #2016, #1282, .T. ) ;
#1747 = VERTEX_POINT ( 'NONE', #1070 ) ;
#1748 = DIRECTION ( 'NONE',  ( 0.0000000000000000000, 0.0000000000000000000, 1.000000000000000000 ) ) ;
#1749 = ADVANCED_FACE ( 'NONE', ( #101 ), #2382, .T. ) ;
#1750 = CYLINDRICAL_SURFACE ( 'NONE', #1112, 0.1000000000000000472 ) ;
#1751 = CARTESIAN_POINT ( 'NONE',  ( -1.001130956611977485, -0.4800053295469254300, 0.5500000000000001554 ) ) ;
#1752 = MECHANICAL_DESIGN_GEOMETRIC_PRESENTATION_REPRESENTATION (  '', ( #920 ), #2007 ) ;
#1753 = LINE ( 'NONE', #2371, #1191 ) ;
#1754 =( NAMED_UNIT ( * ) SI_UNIT ( $, .STERADIAN. ) SOLID_ANGLE_UNIT ( ) );
#1755 = CARTESIAN_POINT ( 'NONE',  ( -0.7999999999999990452, 0.5379317205724299944, 0.5500000000000000444 ) ) ;
#1756 = ORIENTED_EDGE ( 'NONE', *, *, #1670, .F. ) ;
#1757 = STYLED_ITEM ( 'NONE', ( #215 ), #1071 ) ;
#1758 = FILL_AREA_STYLE ('',( #376 ) ) ;
#1759 = CARTESIAN_POINT ( 'NONE',  ( 0.8991662969499972791, 0.4580902718229907800, 0.5857142857142857428 ) ) ;
#1760 = ORIENTED_EDGE ( 'NONE', *, *, #240, .T. ) ;
#1761 =( NAMED_UNIT ( * ) SI_UNIT ( $, .STERADIAN. ) SOLID_ANGLE_UNIT ( ) );
#1762 = MECHANICAL_DESIGN_GEOMETRIC_PRESENTATION_REPRESENTATION (  '', ( #2146 ), #1558 ) ;
#1763 = ADVANCED_FACE ( 'NONE', ( #1559 ), #1750, .F. ) ;
#1764 = EDGE_LOOP ( 'NONE', ( #2075, #563, #855, #472 ) ) ;
#1765 = DIRECTION ( 'NONE',  ( 0.0000000000000000000, 1.000000000000000000, -0.0000000000000000000 ) ) ;
#1766 = CARTESIAN_POINT ( 'NONE',  ( 1.001020567017372853, -0.4917205382237379019, 0.5500000000000002665 ) ) ;
#1767 = CARTESIAN_POINT ( 'NONE',  ( 0.8898279741304317980, -0.5896427010179215999, 0.5499999999999999334 ) ) ;
#1768 = MECHANICAL_DESIGN_GEOMETRIC_PRESENTATION_REPRESENTATION (  '', ( #2535 ), #890 ) ;
#1769 = B_SPLINE_CURVE_WITH_KNOTS ( 'NONE', 3,
 ( #1642, #2012, #2263, #479, #922 ),
 .UNSPECIFIED., .F., .F.,
 ( 4, 1, 4 ),
 ( 0.0000000000000000000, 0.4285714285714290472, 1.000000000000000000 ),
 .UNSPECIFIED. ) ;
#1770 = LINE ( 'NONE', #2373, #980 ) ;
#1771 = ORIENTED_EDGE ( 'NONE', *, *, #2553, .T. ) ;
#1772 = FILL_AREA_STYLE ('',( #388 ) ) ;
#1773 = CARTESIAN_POINT ( 'NONE',  ( 0.9000000000000001332, 0.5999999999999999778, 0.0000000000000000000 ) ) ;
#1774 = ORIENTED_EDGE ( 'NONE', *, *, #1367, .T. ) ;
#1775 = ORIENTED_EDGE ( 'NONE', *, *, #1335, .F. ) ;
#1776 = LINE ( 'NONE', #1373, #2351 ) ;
#1777 = DIRECTION ( 'NONE',  ( 1.000000000000000000, -0.0000000000000000000, 0.0000000000000000000 ) ) ;
#1778 = CARTESIAN_POINT ( 'NONE',  ( -0.4000000000000000222, 0.2800000000000000266, 0.1000000000000000611 ) ) ;
#1779 = CARTESIAN_POINT ( 'NONE',  ( -0.9470820393249930191, 0.4000000000000030753, 0.5499999999999999334 ) ) ;
#1780 = ADVANCED_FACE ( 'NONE', ( #2570 ), #1165, .F. ) ;
#1781 = CARTESIAN_POINT ( 'NONE',  ( -0.9098463235393750015, 0.5204313451907559562, 0.5500000000000000444 ) ) ;
#1782 = CARTESIAN_POINT ( 'NONE',  ( 0.4000000000000000222, 0.4800000000000000377, 0.1000000000000000056 ) ) ;
#1783 = VERTEX_POINT ( 'NONE', #2354 ) ;
#1784 = CARTESIAN_POINT ( 'NONE',  ( 0.6400000000000000133, 6.938893903907229610E-17, 0.1000000000000000056 ) ) ;
#1785 = ORIENTED_EDGE ( 'NONE', *, *, #615, .T. ) ;
#1786 = CARTESIAN_POINT ( 'NONE',  ( 0.9017806737364441050, -0.4000000000000000222, 0.5769453993943479686 ) ) ;
#1787 = UNCERTAINTY_MEASURE_WITH_UNIT (LENGTH_MEASURE( 1.000000000000000082E-05 ), #1693, 'distance_accuracy_value', 'NONE');
#1788 = ORIENTED_EDGE ( 'NONE', *, *, #689, .T. ) ;
#1789 = CARTESIAN_POINT ( 'NONE',  ( 0.8991662969499979452, -0.4000000000000000222, 0.5857142857142858539 ) ) ;
#1790 = DIRECTION ( 'NONE',  ( -0.0000000000000000000, 1.000000000000000000, 0.0000000000000000000 ) ) ;
#1791 = SHAPE_DEFINITION_REPRESENTATION ( #1077, #2370 ) ;
#1792 = DIRECTION ( 'NONE',  ( -1.084202172485501594E-14, 1.000000000000000000, 0.0000000000000000000 ) ) ;
#1793 = PRESENTATION_LAYER_ASSIGNMENT (  '', '', ( #1880 ) ) ;
#1794 = FILL_AREA_STYLE_COLOUR ( '', #760 ) ;
#1795 = ORIENTED_EDGE ( 'NONE', *, *, #2352, .F. ) ;
#1796 = EDGE_CURVE ( 'NONE', #1139, #2258, #1158, .T. ) ;
#1797 = STYLED_ITEM ( 'NONE', ( #628 ), #310 ) ;
#1798 = VERTEX_POINT ( 'NONE', #2369 ) ;
#1799 = AXIS2_PLACEMENT_3D ( 'NONE', #1877, #116, #1683 ) ;
#1800 = ADVANCED_FACE ( 'NONE', ( #190 ), #733, .T. ) ;
#1801 = DIRECTION ( 'NONE',  ( 0.0000000000000000000, 0.0000000000000000000, 1.000000000000000000 ) ) ;
#1802 = CARTESIAN_POINT ( 'NONE',  ( -0.8917157287525377951, -0.5360935082905429194, -3.805238783766917520E-16 ) ) ;
#1803 = PRESENTATION_LAYER_ASSIGNMENT (  '', '', ( #151 ) ) ;
#1804 = ORIENTED_EDGE ( 'NONE', *, *, #57, .F. ) ;
#1805 = FILL_AREA_STYLE_COLOUR ( '', #436 ) ;
#1806 =( LENGTH_UNIT ( ) NAMED_UNIT ( * ) SI_UNIT ( .MILLI., .METRE. ) );
#1807 = STYLED_ITEM ( 'NONE', ( #2387 ), #2275 ) ;
#1808 = PRESENTATION_STYLE_ASSIGNMENT (( #1989 ) ) ;
#1809 = VECTOR ( 'NONE', #2358, 1000.000000000000000 ) ;
#1810 = AXIS2_PLACEMENT_3D ( 'NONE', #1338, #2543, #772 ) ;
#1811 = CARTESIAN_POINT ( 'NONE',  ( 0.4000000000000000222, -0.4800000000000000377, 0.0000000000000000000 ) ) ;
#1812 = AXIS2_PLACEMENT_3D ( 'NONE', #538, #2108, #738 ) ;
#1813 = LINE ( 'NONE', #80, #1436 ) ;
#1814 = ORIENTED_EDGE ( 'NONE', *, *, #112, .F. ) ;
#1815 = PRODUCT_DEFINITION ( 'UNKNOWN', '', #2027, #572 ) ;
#1816 = EDGE_CURVE ( 'NONE', #271, #2332, #237, .T. ) ;
#1817 = DIRECTION ( 'NONE',  ( -0.0000000000000000000, -0.0000000000000000000, -1.000000000000000000 ) ) ;
#1818 = CARTESIAN_POINT ( 'NONE',  ( -0.8800000000000010036, -0.4800000000000000377, 0.1000000000000000056 ) ) ;
#1819 = CARTESIAN_POINT ( 'NONE',  ( -0.9000000000000002442, -0.5999999999999999778, 0.008284271247461595655 ) ) ;
#1820 = ORIENTED_EDGE ( 'NONE', *, *, #1055, .F. ) ;
#1821 = LINE ( 'NONE', #1778, #1728 ) ;
#1822 = APPLICATION_PROTOCOL_DEFINITION ( 'draft international standard', 'automotive_design', 1998, #1475 ) ;
#1823 = CARTESIAN_POINT ( 'NONE',  ( -0.8911137459656732762, 0.5366398151225020285, 0.5499999999999999334 ) ) ;
#1824 = CARTESIAN_POINT ( 'NONE',  ( -0.8000000000000000444, -0.5470820393249941072, 0.5500000000000000444 ) ) ;
#1825 = CARTESIAN_POINT ( 'NONE',  ( -0.7999999999999990452, 0.5470820393249941072, 0.5500000000000000444 ) ) ;
#1826 = ORIENTED_EDGE ( 'NONE', *, *, #1, .T. ) ;
#1827 = LINE ( 'NONE', #583, #2576 ) ;
#1828 = FACE_OUTER_BOUND ( 'NONE', #226, .T. ) ;
#1829 = DIRECTION ( 'NONE',  ( 0.0000000000000000000, 0.0000000000000000000, 1.000000000000000000 ) ) ;
#1830 = ORIENTED_EDGE ( 'NONE', *, *, #959, .T. ) ;
#1831 = CYLINDRICAL_SURFACE ( 'NONE', #2307, 0.05000000000000002359 ) ;
#1832 = EDGE_CURVE ( 'NONE', #178, #2057, #727, .T. ) ;
#1833 = PLANE ( 'NONE',  #755 ) ;
#1834 = CARTESIAN_POINT ( 'NONE',  ( 1.387778780781450113E-16, -0.4800000000000000377, 0.0000000000000000000 ) ) ;
#1835 = FACE_OUTER_BOUND ( 'NONE', #553, .T. ) ;
#1836 = PRESENTATION_LAYER_ASSIGNMENT (  '', '', ( #2518 ) ) ;
#1837 = ORIENTED_EDGE ( 'NONE', *, *, #1975, .F. ) ;
#1838 = AXIS2_PLACEMENT_3D ( 'NONE', #1623, #2446, #1844 ) ;
#1839 = CARTESIAN_POINT ( 'NONE',  ( 0.8000000000000000444, 0.5026521326652599875, 0.5740224372877019698 ) ) ;
#1840 = SURFACE_STYLE_FILL_AREA ( #1264 ) ;
#1841 = LINE ( 'NONE', #2511, #729 ) ;
#1842 = ORIENTED_EDGE ( 'NONE', *, *, #386, .T. ) ;
#1843 = VECTOR ( 'NONE', #2082, 1000.000000000000000 ) ;
#1844 = DIRECTION ( 'NONE',  ( 1.000000000000000000, -3.854941057726240069E-16, 0.0000000000000000000 ) ) ;
#1845 = EDGE_CURVE ( 'NONE', #33, #1933, #1665, .T. ) ;
#1846 = VERTEX_POINT ( 'NONE', #2557 ) ;
#1847 = CARTESIAN_POINT ( 'NONE',  ( 0.9104723304861500610, 0.5198593716050280422, 0.5500000000000000444 ) ) ;
#1848 = AXIS2_PLACEMENT_3D ( 'NONE', #2477, #1328, #1888 ) ;
#1849 = CARTESIAN_POINT ( 'NONE',  ( -0.9944522695586417438, -0.4938928014460023386, 0.5500000000000000444 ) ) ;
#1850 = CARTESIAN_POINT ( 'NONE',  ( -0.9017806737364441050, -0.4302933750962900095, 0.5769453993943479686 ) ) ;
#1851 = EDGE_CURVE ( 'NONE', #1933, #1168, #2177, .T. ) ;
#1852 = VECTOR ( 'NONE', #1938, 1000.000000000000000 ) ;
#1853 = DIRECTION ( 'NONE',  ( 1.000000000000000000, 0.0000000000000000000, 0.0000000000000000000 ) ) ;
#1854 = EDGE_LOOP ( 'NONE', ( #2562, #1862, #1956, #1110 ) ) ;
#1855 = VECTOR ( 'NONE', #216, 1000.000000000000000 ) ;
#1856 = SURFACE_STYLE_FILL_AREA ( #2072 ) ;
#1857 = CARTESIAN_POINT ( 'NONE',  ( 1.000942463843314645, 0.5000044412891048173, 0.01999999999999999695 ) ) ;
#1858 = ORIENTED_EDGE ( 'NONE', *, *, #542, .T. ) ;
#1859 = LINE ( 'NONE', #83, #1480 ) ;
#1860 = EDGE_LOOP ( 'NONE', ( #1612, #1775, #1729, #561 ) ) ;
#1861 = DIRECTION ( 'NONE',  ( 0.0000000000000000000, 0.0000000000000000000, -1.000000000000000000 ) ) ;
#1862 = ORIENTED_EDGE ( 'NONE', *, *, #1914, .T. ) ;
#1863 = CARTESIAN_POINT ( 'NONE',  ( -0.8800053295469263404, 0.6011309566119772407, 0.5500000000000001554 ) ) ;
#1864 = LINE ( 'NONE', #464, #401 ) ;
#1865 = DIRECTION ( 'NONE',  ( -1.387778780781439956E-15, 1.000000000000000000, 0.0000000000000000000 ) ) ;
#1866 = EDGE_CURVE ( 'NONE', #403, #792, #1925, .T. ) ;
#1867 = CARTESIAN_POINT ( 'NONE',  ( -0.4000000000000000222, -0.4800000000000000377, 0.1000000000000000056 ) ) ;
#1868 = ORIENTED_EDGE ( 'NONE', *, *, #440, .T. ) ;
#1869 = CARTESIAN_POINT ( 'NONE',  ( -1.000000000000000000, -0.5999999999999999778, 0.02000000000000000042 ) ) ;
#1870 = EDGE_LOOP ( 'NONE', ( #2330, #2098, #1896, #2020 ) ) ;
#1871 = ORIENTED_EDGE ( 'NONE', *, *, #2504, .T. ) ;
#1872 = CARTESIAN_POINT ( 'NONE',  ( -0.8994440718121570200, 0.5414871761636542713, 0.5300000000000000266 ) ) ;
#1873 = ORIENTED_EDGE ( 'NONE', *, *, #1038, .T. ) ;
#1874 = CARTESIAN_POINT ( 'NONE',  ( 0.8800000000000010036, -0.4800000000000000377, 0.1000000000000000056 ) ) ;
#1875 = CARTESIAN_POINT ( 'NONE',  ( 1.000000000000000000, 0.4999999999999998890, 0.0000000000000000000 ) ) ;
#1876 = ADVANCED_FACE ( 'NONE', ( #153 ), #1188, .T. ) ;
#1877 = CARTESIAN_POINT ( 'NONE',  ( 0.8799999999999991163, 0.4000000000000000222, 0.5799999999999999600 ) ) ;
#1878 = ORIENTED_EDGE ( 'NONE', *, *, #805, .T. ) ;
#1879 = SURFACE_SIDE_STYLE ('',( #118 ) ) ;
#1880 = STYLED_ITEM ( 'NONE', ( #2259 ), #45 ) ;
#1881 = ORIENTED_EDGE ( 'NONE', *, *, #2207, .F. ) ;
#1882 = PRODUCT ( '41AFF7DA-E61A-4B43-896F-A7A0BE89A7F1', '41AFF7DA-E61A-4B43-896F-A7A0BE89A7F1', '', ( #1030 ) ) ;
#1883 = CARTESIAN_POINT ( 'NONE',  ( 0.8800000000000010036, 0.4800000000000000377, 0.0000000000000000000 ) ) ;
#1884 = PLANE ( 'NONE',  #1393 ) ;
#1885 = PRESENTATION_STYLE_ASSIGNMENT (( #2260 ) ) ;
#1886 =( GEOMETRIC_REPRESENTATION_CONTEXT ( 3 ) GLOBAL_UNCERTAINTY_ASSIGNED_CONTEXT ( ( #105 ) ) GLOBAL_UNIT_ASSIGNED_CONTEXT ( ( #2472, #1668, #503 ) ) REPRESENTATION_CONTEXT ( 'NONE', 'WORKASPACE' ) );
#1887 = CARTESIAN_POINT ( 'NONE',  ( -0.7999999999999990452, -0.5017806737364449710, 0.5769453993943479686 ) ) ;
#1888 = DIRECTION ( 'NONE',  ( 1.000000000000000000, 0.0000000000000000000, -0.0000000000000000000 ) ) ;
#1889 = VECTOR ( 'NONE', #1014, 1000.000000000000000 ) ;
#1890 = CIRCLE ( 'NONE', #726, 0.02000000000000005246 ) ;
#1891 = LINE ( 'NONE', #1108, #644 ) ;
#1892 = VECTOR ( 'NONE', #977, 1000.000000000000000 ) ;
#1893 = PLANE ( 'NONE',  #36 ) ;
#1894 = ORIENTED_EDGE ( 'NONE', *, *, #2325, .T. ) ;
#1895 = DIRECTION ( 'NONE',  ( 1.000000000000000000, 0.0000000000000000000, 0.0000000000000000000 ) ) ;
#1896 = ORIENTED_EDGE ( 'NONE', *, *, #393, .F. ) ;
#1897 = SURFACE_STYLE_USAGE ( .BOTH. , #2513 ) ;
#1898 = CARTESIAN_POINT ( 'NONE',  ( 0.8965430202748502220, 0.4565535919245466423, 0.5945130231684132571 ) ) ;
#1899 = CARTESIAN_POINT ( 'NONE',  ( -0.4000000000000000222, -0.4800000000000000377, 0.1000000000000000056 ) ) ;
#1900 = LINE ( 'NONE', #679, #526 ) ;
#1901 = CARTESIAN_POINT ( 'NONE',  ( 0.9470820393249930191, 0.4000000000000000222, 0.5500000000000000444 ) ) ;
#1902 = B_SPLINE_SURFACE_WITH_KNOTS ( 'NONE', 3, 3, ( 
 ( #1323, #337, #1127, #1909, #722 ),
 ( #2329, #950, #1138, #150, #934 ),
 ( #1343, #1740, #2552, #31, #418 ),
 ( #1786, #172, #1359, #2584, #1163 ),
 ( #6, #958, #2187, #405, #1946 ) ),
 .UNSPECIFIED., .F., .F., .F.,
 ( 4, 1, 4 ),
 ( 4, 1, 4 ),
 ( 0.0000000000000000000, 0.5714285714285709528, 1.000000000000000000 ),
 ( 0.09185932393958690101, 0.1016988898245220069, 0.1148183110044359995 ),
 .UNSPECIFIED. ) ;
#1903 = CARTESIAN_POINT ( 'NONE',  ( -0.8991662969499969460, 0.4580902718229905579, 0.5857142857142859649 ) ) ;
#1904 = PLANE ( 'NONE',  #2235 ) ;
#1905 = DIRECTION ( 'NONE',  ( -1.000000000000000000, -0.0000000000000000000, 0.0000000000000000000 ) ) ;
#1906 = CARTESIAN_POINT ( 'NONE',  ( -0.5999999999999999778, 0.4800000000000000377, 0.0000000000000000000 ) ) ;
#1907 = VERTEX_POINT ( 'NONE', #747 ) ;
#1908 = LINE ( 'NONE', #347, #2009 ) ;
#1909 = CARTESIAN_POINT ( 'NONE',  ( 0.8437838854343729933, -0.5470820393249941072, 0.5500000000000000444 ) ) ;
#1910 = EDGE_CURVE ( 'NONE', #973, #1798, #1976, .T. ) ;
#1911 = ORIENTED_EDGE ( 'NONE', *, *, #160, .T. ) ;
#1912 = CARTESIAN_POINT ( 'NONE',  ( 0.9414871761636548486, 0.4994440718121570533, 0.5417157287525380394 ) ) ;
#1913 =( LENGTH_UNIT ( ) NAMED_UNIT ( * ) SI_UNIT ( .MILLI., .METRE. ) );
#1914 = EDGE_CURVE ( 'NONE', #266, #961, #1091, .T. ) ;
#1915 =( NAMED_UNIT ( * ) PLANE_ANGLE_UNIT ( ) SI_UNIT ( $, .RADIAN. ) );
#1916 =( NAMED_UNIT ( * ) PLANE_ANGLE_UNIT ( ) SI_UNIT ( $, .RADIAN. ) );
#1917 = UNCERTAINTY_MEASURE_WITH_UNIT (LENGTH_MEASURE( 1.000000000000000082E-05 ), #1913, 'distance_accuracy_value', 'NONE');
#1918 =( BOUNDED_CURVE ( )  B_SPLINE_CURVE ( 3, ( #377, #1759, #180, #1565 ),
 .UNSPECIFIED., .F., .T. ) 
 B_SPLINE_CURVE_WITH_KNOTS ( ( 4, 4 ),
 ( 0.0000000000000000000, 1.000000000000000000 ),
 .UNSPECIFIED. ) 
 CURVE ( )  GEOMETRIC_REPRESENTATION_ITEM ( )  RATIONAL_B_SPLINE_CURVE ( ( 1.000000000000000000, 0.8047378541243676020, 0.8047378541243676020, 1.000000000000000000 ) ) 
 REPRESENTATION_ITEM ( '' )  );
#1919 = CARTESIAN_POINT ( 'NONE',  ( -0.9297846113963850190, 0.4793328861745878577, 0.0000000000000000000 ) ) ;
#1920 = ORIENTED_EDGE ( 'NONE', *, *, #1412, .F. ) ;
#1921 = FILL_AREA_STYLE_COLOUR ( '', #1550 ) ;
#1922 = ORIENTED_EDGE ( 'NONE', *, *, #805, .F. ) ;
#1923 = VECTOR ( 'NONE', #120, 1000.000000000000000 ) ;
#1924 =( LENGTH_UNIT ( ) NAMED_UNIT ( * ) SI_UNIT ( .MILLI., .METRE. ) );
#1925 = LINE ( 'NONE', #2166, #1852 ) ;
#1926 = STYLED_ITEM ( 'NONE', ( #521 ), #756 ) ;
#1927 = VECTOR ( 'NONE', #382, 1000.000000000000000 ) ;
#1928 = CARTESIAN_POINT ( 'NONE',  ( -0.7999999999999990452, -0.5017806737364449710, 0.5769453993943479686 ) ) ;
#1929 = AXIS2_PLACEMENT_3D ( 'NONE', #1869, #882, #898 ) ;
#1930 = CARTESIAN_POINT ( 'NONE',  ( -0.8816784043380071489, -0.5799999999999999600, 0.5500000000000001554 ) ) ;
#1931 = STYLED_ITEM ( 'NONE', ( #1885 ), #1722 ) ;
#1932 = CARTESIAN_POINT ( 'NONE',  ( 0.9000000000000001332, 0.5999999999999998668, 0.5300000000000001377 ) ) ;
#1933 = VERTEX_POINT ( 'NONE', #1346 ) ;
#1934 = CARTESIAN_POINT ( 'NONE',  ( -0.8799999999999991163, -0.4000000000000000222, 0.5799999999999999600 ) ) ;
#1935 = VECTOR ( 'NONE', #421, 1000.000000000000000 ) ;
#1936 = ORIENTED_EDGE ( 'NONE', *, *, #520, .F. ) ;
#1937 = PRESENTATION_STYLE_ASSIGNMENT (( #2137 ) ) ;
#1938 = DIRECTION ( 'NONE',  ( 0.0000000000000000000, -0.0000000000000000000, 1.000000000000000000 ) ) ;
#1939 = PRESENTATION_STYLE_ASSIGNMENT (( #953 ) ) ;
#1940 = CARTESIAN_POINT ( 'NONE',  ( -0.7999999999999990452, 0.5165499434131090029, 0.5559778258713740096 ) ) ;
#1941 = UNCERTAINTY_MEASURE_WITH_UNIT (LENGTH_MEASURE( 1.000000000000000082E-05 ), #1549, 'distance_accuracy_value', 'NONE');
#1942 = VERTEX_POINT ( 'NONE', #359 ) ;
#1943 = EDGE_CURVE ( 'NONE', #1798, #2429, #2306, .T. ) ;
#1944 = CARTESIAN_POINT ( 'NONE',  ( -1.000942463843314645, 0.5000044412891050394, 0.008284271247461571369 ) ) ;
#1945 = DIRECTION ( 'NONE',  ( 1.000000000000000000, 0.0000000000000000000, -0.0000000000000000000 ) ) ;
#1946 = CARTESIAN_POINT ( 'NONE',  ( 0.7999999999999990452, -0.4991662969499980340, 0.5857142857142859649 ) ) ;
#1947 = ORIENTED_EDGE ( 'NONE', *, *, #2461, .F. ) ;
#1948 = CARTESIAN_POINT ( 'NONE',  ( -0.5999999999999999778, 0.4799999999999999822, 0.0000000000000000000 ) ) ;
#1949 = LINE ( 'NONE', #177, #2320 ) ;
#1950 = B_SPLINE_CURVE_WITH_KNOTS ( 'NONE', 3,
 ( #1028, #1533, #552, #1690 ),
 .UNSPECIFIED., .F., .F.,
 ( 4, 4 ),
 ( 0.0000000000000000000, 1.000000000000000000 ),
 .UNSPECIFIED. ) ;
#1951 = SURFACE_SIDE_STYLE ('',( #579 ) ) ;
#1952 = VERTEX_POINT ( 'NONE', #1153 ) ;
#1953 = EDGE_CURVE ( 'NONE', #2245, #983, #832, .T. ) ;
#1954 = CARTESIAN_POINT ( 'NONE',  ( -1.001020540104503809, 0.4917205379700790302, -4.117408507238873192E-16 ) ) ;
#1955 = CARTESIAN_POINT ( 'NONE',  ( -0.8000000000000001554, -0.4965430202748512545, 0.5945130231684131461 ) ) ;
#1956 = ORIENTED_EDGE ( 'NONE', *, *, #746, .T. ) ;
#1957 = B_SPLINE_CURVE_WITH_KNOTS ( 'NONE', 3,
 ( #799, #2416, #619, #1417, #1427 ),
 .UNSPECIFIED., .F., .F.,
 ( 4, 1, 4 ),
 ( 0.0000000000000000000, 0.5714285714285709528, 1.000000000000000000 ),
 .UNSPECIFIED. ) ;
#1958 = EDGE_CURVE ( 'NONE', #955, #2152, #2038, .T. ) ;
#1959 = ORIENTED_EDGE ( 'NONE', *, *, #46, .F. ) ;
#1960 = CARTESIAN_POINT ( 'NONE',  ( -0.4000000000000000222, -0.4800000000000000377, 0.1000000000000000056 ) ) ;
#1961 = CARTESIAN_POINT ( 'NONE',  ( 0.9000044806517626395, -0.6009466310137935308, 0.5417157287525383724 ) ) ;
#1962 = COLOUR_RGB ( '',0.9490196078431372140, 0.7960784313725489669, 0.4862745098039215619 ) ;
#1963 = CARTESIAN_POINT ( 'NONE',  ( 0.8800000000000010036, 0.4800000000000000377, 0.1000000000000000056 ) ) ;
#1964 = DIRECTION ( 'NONE',  ( 0.0000000000000000000, 0.0000000000000000000, 1.000000000000000000 ) ) ;
#1965 = CIRCLE ( 'NONE', #1799, 0.02000000000000005246 ) ;
#1966 = PRESENTATION_LAYER_ASSIGNMENT (  '', '', ( #1107 ) ) ;
#1967 = ORIENTED_EDGE ( 'NONE', *, *, #580, .F. ) ;
#1968 = CARTESIAN_POINT ( 'NONE',  ( 0.4000000000000000222, 0.4800000000000000377, 0.5799999999999999600 ) ) ;
#1969 = CARTESIAN_POINT ( 'NONE',  ( 0.8904895933918425266, -0.5278723025735411190, 0.0000000000000000000 ) ) ;
#1970 = EDGE_LOOP ( 'NONE', ( #1164, #5, #1636, #2566 ) ) ;
#1971 = EDGE_CURVE ( 'NONE', #2057, #1588, #1821, .T. ) ;
#1972 = LINE ( 'NONE', #1577, #2317 ) ;
#1973 =( GEOMETRIC_REPRESENTATION_CONTEXT ( 3 ) GLOBAL_UNCERTAINTY_ASSIGNED_CONTEXT ( ( #1146 ) ) GLOBAL_UNIT_ASSIGNED_CONTEXT ( ( #2343, #192, #2220 ) ) REPRESENTATION_CONTEXT ( 'NONE', 'WORKASPACE' ) );
#1974 = CARTESIAN_POINT ( 'NONE',  ( -0.7999999999999994893, 0.4991662969499981450, 0.5857142857142858539 ) ) ;
#1975 = EDGE_CURVE ( 'NONE', #2434, #1952, #1118, .T. ) ;
#1976 = LINE ( 'NONE', #204, #1892 ) ;
#1977 = SURFACE_STYLE_FILL_AREA ( #1190 ) ;
#1978 = CARTESIAN_POINT ( 'NONE',  ( 0.9017806737364441050, -0.4000000000000000222, 0.5769453993943479686 ) ) ;
#1979 = DIRECTION ( 'NONE',  ( -0.0000000000000000000, -0.0000000000000000000, 1.000000000000000000 ) ) ;
#1980 = CARTESIAN_POINT ( 'NONE',  ( -0.8221367342542740264, 0.4991662969499980340, 0.5857142857142859649 ) ) ;
#1981 = CARTESIAN_POINT ( 'NONE',  ( -0.9348816143215760155, -0.4000000000000000222, 0.5500000000000000444 ) ) ;
#1982 = ORIENTED_EDGE ( 'NONE', *, *, #703, .T. ) ;
#1983 = SURFACE_SIDE_STYLE ('',( #210 ) ) ;
#1984 = DIRECTION ( 'NONE',  ( 1.000000000000000000, 0.0000000000000000000, -0.0000000000000000000 ) ) ;
#1985 = ORIENTED_EDGE ( 'NONE', *, *, #1412, .T. ) ;
#1986 = ORIENTED_EDGE ( 'NONE', *, *, #1953, .T. ) ;
#1987 = CARTESIAN_POINT ( 'NONE',  ( -0.8799999999999998934, 0.4000000000000000222, 0.6000000000000000888 ) ) ;
#1988 = CARTESIAN_POINT ( 'NONE',  ( 0.8994416148690680402, -0.5414894027550886113, 0.5300000000000000266 ) ) ;
#1989 = SURFACE_STYLE_USAGE ( .BOTH. , #1581 ) ;
#1990 = EDGE_CURVE ( 'NONE', #2225, #1469, #781, .T. ) ;
#1991 = EDGE_CURVE ( 'NONE', #1168, #480, #68, .T. ) ;
#1992 = DIRECTION ( 'NONE',  ( -0.0000000000000000000, 1.000000000000000000, 0.0000000000000000000 ) ) ;
#1993 = CARTESIAN_POINT ( 'NONE',  ( 0.9414871761636546266, -0.4994440718121569422, 0.008284271247461673718 ) ) ;
#1994 = EDGE_CURVE ( 'NONE', #1643, #1035, #1202, .T. ) ;
#1995 = ORIENTED_EDGE ( 'NONE', *, *, #2437, .F. ) ;
#1996 = CARTESIAN_POINT ( 'NONE',  ( -0.9470820393249930191, 0.3999999999999970246, 0.5500000000000000444 ) ) ;
#1997 = FACE_OUTER_BOUND ( 'NONE', #827, .T. ) ;
#1998 = UNCERTAINTY_MEASURE_WITH_UNIT (LENGTH_MEASURE( 1.000000000000000082E-05 ), #1216, 'distance_accuracy_value', 'NONE');
#1999 = ORIENTED_EDGE ( 'NONE', *, *, #1562, .F. ) ;
#2000 = CARTESIAN_POINT ( 'NONE',  ( -0.8991662969499978342, 0.4000000000000005773, 0.5857142857142858539 ) ) ;
#2001 = CARTESIAN_POINT ( 'NONE',  ( 0.8000000000000000444, 0.5165499434131100021, 0.5559778258713750088 ) ) ;
#2002 = ORIENTED_EDGE ( 'NONE', *, *, #1267, .F. ) ;
#2003 = CARTESIAN_POINT ( 'NONE',  ( -0.9303132993091568492, -0.4793378690883153270, 0.0000000000000000000 ) ) ;
#2004 = EDGE_LOOP ( 'NONE', ( #840, #7, #2013, #1130 ) ) ;
#2005 = LINE ( 'NONE', #2568, #22 ) ;
#2006 =( NAMED_UNIT ( * ) PLANE_ANGLE_UNIT ( ) SI_UNIT ( $, .RADIAN. ) );
#2007 =( GEOMETRIC_REPRESENTATION_CONTEXT ( 3 ) GLOBAL_UNCERTAINTY_ASSIGNED_CONTEXT ( ( #1483 ) ) GLOBAL_UNIT_ASSIGNED_CONTEXT ( ( #1924, #2297, #1296 ) ) REPRESENTATION_CONTEXT ( 'NONE', 'WORKASPACE' ) );
#2008 = CARTESIAN_POINT ( 'NONE',  ( -1.000000000000000000, 0.5000000000000000000, 0.5300000000000001377 ) ) ;
#2009 = VECTOR ( 'NONE', #135, 1000.000000000000000 ) ;
#2010 = CARTESIAN_POINT ( 'NONE',  ( 0.9000000000000003553, -0.6000000000000001998, 0.02000000000000000042 ) ) ;
#2011 = EDGE_CURVE ( 'NONE', #1747, #342, #263, .T. ) ;
#2012 = CARTESIAN_POINT ( 'NONE',  ( -0.9379317205724300166, 0.3999999999999970246, 0.5500000000000000444 ) ) ;
#2013 = ORIENTED_EDGE ( 'NONE', *, *, #744, .F. ) ;
#2014 = COLOUR_RGB ( '',0.6274509803921568540, 0.6274509803921568540, 0.6274509803921568540 ) ;
#2015 = CARTESIAN_POINT ( 'NONE',  ( 0.9414871761636545155, 0.4994440718121568312, 0.02000000000000000042 ) ) ;
#2016 = VERTEX_POINT ( 'NONE', #2394 ) ;
#2017 = CYLINDRICAL_SURFACE ( 'NONE', #325, 0.1000000000000000472 ) ;
#2018 = VECTOR ( 'NONE', #1777, 1000.000000000000000 ) ;
#2019 = VECTOR ( 'NONE', #379, 1000.000000000000000 ) ;
#2020 = ORIENTED_EDGE ( 'NONE', *, *, #1386, .F. ) ;
#2021 = VECTOR ( 'NONE', #1979, 1000.000000000000000 ) ;
#2022 = CARTESIAN_POINT ( 'NONE',  ( -0.8897578285548732868, 0.5895597036536922575, 0.5499999999999998224 ) ) ;
#2023 = APPLICATION_PROTOCOL_DEFINITION ( 'draft international standard', 'automotive_design', 1998, #1554 ) ;
#2024 = MECHANICAL_DESIGN_GEOMETRIC_PRESENTATION_REPRESENTATION (  '', ( #568 ), #2104 ) ;
#2025 = CIRCLE ( 'NONE', #1519, 0.1000000000000000472 ) ;
#2026 = CYLINDRICAL_SURFACE ( 'NONE', #1725, 0.05000000000000002359 ) ;
#2027 = PRODUCT_DEFINITION_FORMATION_WITH_SPECIFIED_SOURCE ( 'ANY', '', #1882, .NOT_KNOWN. ) ;
#2028 = VECTOR ( 'NONE', #560, 1000.000000000000000 ) ;
#2029 = SURFACE_STYLE_USAGE ( .BOTH. , #1425 ) ;
#2030 = ORIENTED_EDGE ( 'NONE', *, *, #2422, .F. ) ;
#2031 = ADVANCED_FACE ( 'NONE', ( #1594 ), #1616, .T. ) ;
#2032 = CARTESIAN_POINT ( 'NONE',  ( 0.4500000000000000666, 0.5800000000000001821, 0.0000000000000000000 ) ) ;
#2033 = CARTESIAN_POINT ( 'NONE',  ( 0.8000000000000000444, 0.5470820393249941072, 0.5499999999999999334 ) ) ;
#2034 = CARTESIAN_POINT ( 'NONE',  ( -0.9000000000000001332, -0.5409826644504893700, 0.008284271247461595655 ) ) ;
#2035 = VERTEX_POINT ( 'NONE', #1012 ) ;
#2036 = LINE ( 'NONE', #447, #1669 ) ;
#2037 = CARTESIAN_POINT ( 'NONE',  ( 0.7999999999999986011, -0.4965430202748510324, 0.5945130231684133681 ) ) ;
#2038 = LINE ( 'NONE', #998, #1855 ) ;
#2039 = CARTESIAN_POINT ( 'NONE',  ( -0.4000000000000000222, 0.2800000000000000266, 0.1000000000000000056 ) ) ;
#2040 = CARTESIAN_POINT ( 'NONE',  ( -1.000000000000000000, 0.5000000000000000000, 0.02000000000000000042 ) ) ;
#2041 = CARTESIAN_POINT ( 'NONE',  ( -0.8328328889779541555, 0.5470820393249941072, 0.5500000000000000444 ) ) ;
#2042 = EDGE_LOOP ( 'NONE', ( #1631, #1982, #1252, #778 ) ) ;
#2043 = CARTESIAN_POINT ( 'NONE',  ( -0.9799999999999999822, 0.4816784043380079594, 0.5500000000000001554 ) ) ;
#2044 = CARTESIAN_POINT ( 'NONE',  ( 1.000000000000000000, 0.5999999999999999778, 0.0000000000000000000 ) ) ;
#2045 =( NAMED_UNIT ( * ) PLANE_ANGLE_UNIT ( ) SI_UNIT ( $, .RADIAN. ) );
#2046 = EDGE_CURVE ( 'NONE', #609, #312, #37, .T. ) ;
#2047 = ORIENTED_EDGE ( 'NONE', *, *, #422, .T. ) ;
#2048 = DIRECTION ( 'NONE',  ( 0.0000000000000000000, 0.0000000000000000000, 1.000000000000000000 ) ) ;
#2049 = CARTESIAN_POINT ( 'NONE',  ( 0.8565535919245466090, -0.4965430202748517541, 0.5945130231684133681 ) ) ;
#2050 = ADVANCED_FACE ( 'NONE', ( #1435, #2219, #450 ), #1242, .F. ) ;
#2051 = ORIENTED_EDGE ( 'NONE', *, *, #2158, .T. ) ;
#2052 = DIRECTION ( 'NONE',  ( 0.0000000000000000000, 0.0000000000000000000, 1.000000000000000000 ) ) ;
#2053 = CARTESIAN_POINT ( 'NONE',  ( -0.9136183922132361523, -0.4338293806827600019, 0.5581628751257230459 ) ) ;
#2054 = CARTESIAN_POINT ( 'NONE',  ( 0.9000000000000001332, 0.5999999999999998668, 0.01350831853474557948 ) ) ;
#2055 = DIRECTION ( 'NONE',  ( 2.775557561562889872E-16, -1.000000000000000000, 0.0000000000000000000 ) ) ;
#2056 = CLOSED_SHELL ( 'NONE', ( #1076, #1800, #2534, #1314, #1490, #1632, #1487 ) ) ;
#2057 = VERTEX_POINT ( 'NONE', #106 ) ;
#2058 = VECTOR ( 'NONE', #969, 1000.000000000000000 ) ;
#2059 = CARTESIAN_POINT ( 'NONE',  ( 0.9800000000000008704, -0.2499999999999990286, 0.0000000000000000000 ) ) ;
#2060 = DIRECTION ( 'NONE',  ( -1.000000000000000000, 1.445602896647339903E-16, -0.0000000000000000000 ) ) ;
#2061 = DIRECTION ( 'NONE',  ( 0.0000000000000000000, 0.0000000000000000000, 1.000000000000000000 ) ) ;
#2062 = ORIENTED_EDGE ( 'NONE', *, *, #1349, .F. ) ;
#2063 = CARTESIAN_POINT ( 'NONE',  ( 0.9470820393249930191, -0.4000000000000000222, 0.5499999999999999334 ) ) ;
#2064 = CARTESIAN_POINT ( 'NONE',  ( 0.8522412946547062162, -0.4891814683630150151, 0.5999999999999999778 ) ) ;
#2065 = ADVANCED_FACE ( 'NONE', ( #1136 ), #559, .T. ) ;
#2066 = VERTEX_POINT ( 'NONE', #2124 ) ;
#2067 = DIRECTION ( 'NONE',  ( -0.0000000000000000000, -0.0000000000000000000, -1.000000000000000000 ) ) ;
#2068 = VECTOR ( 'NONE', #1204, 1000.000000000000000 ) ;
#2069 =( LENGTH_UNIT ( ) NAMED_UNIT ( * ) SI_UNIT ( .MILLI., .METRE. ) );
#2070 = PRESENTATION_LAYER_ASSIGNMENT (  '', '', ( #2535 ) ) ;
#2071 = ORIENTED_EDGE ( 'NONE', *, *, #975, .T. ) ;
#2072 = FILL_AREA_STYLE ('',( #65 ) ) ;
#2073 = CARTESIAN_POINT ( 'NONE',  ( -0.8000000000000003775, 0.4891814683630146265, 0.5999999999999998668 ) ) ;
#2074 = CARTESIAN_POINT ( 'NONE',  ( -0.4000000000000000222, 0.2800000000000000266, 0.1000000000000000056 ) ) ;
#2075 = ORIENTED_EDGE ( 'NONE', *, *, #1392, .F. ) ;
#2076 = DIRECTION ( 'NONE',  ( 0.0000000000000000000, -1.000000000000000000, -0.0000000000000000000 ) ) ;
#2077 = CARTESIAN_POINT ( 'NONE',  ( 0.8891814683630143712, -0.3999999999999998557, 0.5999999999999998668 ) ) ;
#2078 = CARTESIAN_POINT ( 'NONE',  ( -0.9414871761636546266, 0.4994440718121568312, 0.5417157287525380394 ) ) ;
#2079 = SURFACE_SIDE_STYLE ('',( #126 ) ) ;
#2080 = B_SPLINE_SURFACE_WITH_KNOTS ( 'NONE', 3, 3, ( 
 ( #1288, #2083, #2532, #1524, #1133 ),
 ( #307, #518, #1678, #696, #1514 ),
 ( #2495, #1492, #2093, #2103, #1302 ),
 ( #333, #318, #1106, #896, #706 ),
 ( #1901, #130, #1847, #1272, #1489 ) ),
 .UNSPECIFIED., .F., .F., .F.,
 ( 4, 1, 4 ),
 ( 4, 1, 4 ),
 ( 0.0000000000000000000, 0.5714285714285709528, 1.000000000000000000 ),
 ( -9.498580606787959707E-19, 0.01313315559118190083, 0.02298302228456829827 ),
 .UNSPECIFIED. ) ;
#2081 = PLANE ( 'NONE',  #2579 ) ;
#2082 = DIRECTION ( 'NONE',  ( -0.0000000000000000000, 0.0000000000000000000, 1.000000000000000000 ) ) ;
#2083 = CARTESIAN_POINT ( 'NONE',  ( 0.8991662969499979452, 0.4295156456723659977, 0.5857142857142859649 ) ) ;
#2084 = ADVANCED_FACE ( 'NONE', ( #720 ), #2510, .T. ) ;
#2085 = CARTESIAN_POINT ( 'NONE',  ( 1.001020540104503809, -0.4917205379700792522, -2.868729613351059872E-16 ) ) ;
#2086 = VERTEX_POINT ( 'NONE', #1930 ) ;
#2087 = LINE ( 'NONE', #1322, #1351 ) ;
#2088 = B_SPLINE_CURVE_WITH_KNOTS ( 'NONE', 3,
 ( #1350, #2559, #1143, #1928, #373 ),
 .UNSPECIFIED., .F., .F.,
 ( 4, 1, 4 ),
 ( 0.0000000000000000000, 0.5714285714285709528, 1.000000000000000000 ),
 .UNSPECIFIED. ) ;
#2089 = CARTESIAN_POINT ( 'NONE',  ( 1.001130956611977485, 0.4800053295469263182, 0.5500000000000001554 ) ) ;
#2090 = ORIENTED_EDGE ( 'NONE', *, *, #1529, .F. ) ;
#2091 =( LENGTH_UNIT ( ) NAMED_UNIT ( * ) SI_UNIT ( .MILLI., .METRE. ) );
#2092 = SURFACE_STYLE_USAGE ( .BOTH. , #1676 ) ;
#2093 = CARTESIAN_POINT ( 'NONE',  ( 0.8875515816353100051, 0.4949831012431769595, 0.5559778258713740096 ) ) ;
#2094 = B_SPLINE_CURVE_WITH_KNOTS ( 'NONE', 3,
 ( #1479, #1090, #2301, #2517, #1706 ),
 .UNSPECIFIED., .F., .F.,
 ( 4, 1, 4 ),
 ( 0.0000000000000000000, 0.4285714285714290472, 1.000000000000000000 ),
 .UNSPECIFIED. ) ;
#2095 = DIRECTION ( 'NONE',  ( -1.000000000000000000, 0.0000000000000000000, 0.0000000000000000000 ) ) ;
#2096 = DIRECTION ( 'NONE',  ( 0.0000000000000000000, 1.000000000000000000, 0.0000000000000000000 ) ) ;
#2097 = FACE_OUTER_BOUND ( 'NONE', #1870, .T. ) ;
#2098 = ORIENTED_EDGE ( 'NONE', *, *, #1455, .F. ) ;
#2099 = COLOUR_RGB ( '',0.9490196078431372140, 0.7960784313725489669, 0.4862745098039215619 ) ;
#2100 = AXIS2_PLACEMENT_3D ( 'NONE', #790, #2404, #2366 ) ;
#2101 = SURFACE_SIDE_STYLE ('',( #142 ) ) ;
#2102 = DIRECTION ( 'NONE',  ( 0.0000000000000000000, -1.000000000000000000, 0.0000000000000000000 ) ) ;
#2103 = CARTESIAN_POINT ( 'NONE',  ( 0.8261120459212489830, 0.5165499434131100021, 0.5559778258713750088 ) ) ;
#2104 =( GEOMETRIC_REPRESENTATION_CONTEXT ( 3 ) GLOBAL_UNCERTAINTY_ASSIGNED_CONTEXT ( ( #1917 ) ) GLOBAL_UNIT_ASSIGNED_CONTEXT ( ( #1913, #140, #1376 ) ) REPRESENTATION_CONTEXT ( 'NONE', 'WORKASPACE' ) );
#2105 = CIRCLE ( 'NONE', #723, 0.02000000000000005246 ) ;
#2106 =( GEOMETRIC_REPRESENTATION_CONTEXT ( 3 ) GLOBAL_UNCERTAINTY_ASSIGNED_CONTEXT ( ( #1998 ) ) GLOBAL_UNIT_ASSIGNED_CONTEXT ( ( #1216, #2006, #810 ) ) REPRESENTATION_CONTEXT ( 'NONE', 'WORKASPACE' ) );
#2107 = UNCERTAINTY_MEASURE_WITH_UNIT (LENGTH_MEASURE( 1.000000000000000082E-05 ), #1065, 'distance_accuracy_value', 'NONE');
#2108 = DIRECTION ( 'NONE',  ( -1.000000000000000000, 0.0000000000000000000, 0.0000000000000000000 ) ) ;
#2109 = EDGE_CURVE ( 'NONE', #2429, #670, #1326, .T. ) ;
#2110 =( BOUNDED_CURVE ( )  B_SPLINE_CURVE ( 3, ( #2502, #124, #905, #530 ),
 .UNSPECIFIED., .F., .T. ) 
 B_SPLINE_CURVE_WITH_KNOTS ( ( 4, 4 ),
 ( 0.0000000000000000000, 1.000000000000000000 ),
 .UNSPECIFIED. ) 
 CURVE ( )  GEOMETRIC_REPRESENTATION_ITEM ( )  RATIONAL_B_SPLINE_CURVE ( ( 1.000000000000000000, 0.8047378541243672689, 0.8047378541243672689, 1.000000000000000000 ) ) 
 REPRESENTATION_ITEM ( '' )  );
#2111 = ORIENTED_EDGE ( 'NONE', *, *, #542, .F. ) ;
#2112 = LINE ( 'NONE', #1883, #232 ) ;
#2113 = CARTESIAN_POINT ( 'NONE',  ( 0.8436239586909047850, -0.4800000000000000377, 0.5999999999999999778 ) ) ;
#2114 = EDGE_CURVE ( 'NONE', #1694, #800, #1317, .T. ) ;
#2115 = VERTEX_POINT ( 'NONE', #1305 ) ;
#2116 = CARTESIAN_POINT ( 'NONE',  ( 0.9000044412891051726, 0.6009424638433144006, 0.5300000000000001377 ) ) ;
#2117 = ORIENTED_EDGE ( 'NONE', *, *, #2356, .F. ) ;
#2118 = FILL_AREA_STYLE_COLOUR ( '', #2533 ) ;
#2119 = DIRECTION ( 'NONE',  ( 0.0000000000000000000, 0.0000000000000000000, 1.000000000000000000 ) ) ;
#2120 = DIRECTION ( 'NONE',  ( 0.7071067811865474617, -0.7071067811865475727, 0.0000000000000000000 ) ) ;
#2121 = SURFACE_STYLE_FILL_AREA ( #924 ) ;
#2122 = CARTESIAN_POINT ( 'NONE',  ( 1.000000000000000000, 0.5999999999999999778, 0.5300000000000001377 ) ) ;
#2123 = CARTESIAN_POINT ( 'NONE',  ( -0.9000000000000001332, 0.5999999999999999778, 0.007682180571440160206 ) ) ;
#2124 = CARTESIAN_POINT ( 'NONE',  ( 0.9470820393249930191, 0.4000000000000000777, 0.5499999999999999334 ) ) ;
#2125 = EDGE_LOOP ( 'NONE', ( #221, #996, #2252, #932 ) ) ;
#2126 = CARTESIAN_POINT ( 'NONE',  ( 0.8800000000000010036, -0.4800000000000000377, 0.0000000000000000000 ) ) ;
#2127 = SURFACE_STYLE_FILL_AREA ( #743 ) ;
#2128 = EDGE_LOOP ( 'NONE', ( #1221, #1638, #28, #885 ) ) ;
#2129 = CARTESIAN_POINT ( 'NONE',  ( 1.001020540104503809, 0.4917205379700796408, 0.5500000000000000444 ) ) ;
#2130 = DIRECTION ( 'NONE',  ( 0.0000000000000000000, 0.0000000000000000000, 1.000000000000000000 ) ) ;
#2131 = CARTESIAN_POINT ( 'NONE',  ( -0.9799999999999999822, 0.4816784043380072378, 0.0000000000000000000 ) ) ;
#2132 = FACE_OUTER_BOUND ( 'NONE', #1684, .T. ) ;
#2133 = LINE ( 'NONE', #354, #940 ) ;
#2134 = CARTESIAN_POINT ( 'NONE',  ( -0.8800053295469254522, 0.6011309566119772407, 0.0000000000000000000 ) ) ;
#2135 = DIRECTION ( 'NONE',  ( 2.775557561562889872E-16, -1.000000000000000000, 0.0000000000000000000 ) ) ;
#2136 = PRESENTATION_STYLE_ASSIGNMENT (( #324 ) ) ;
#2137 = SURFACE_STYLE_USAGE ( .BOTH. , #2526 ) ;
#2138 = CARTESIAN_POINT ( 'NONE',  ( 0.9302421677081745832, 0.4900890130715087056, 0.5500000000000000444 ) ) ;
#2139 = AXIS2_PLACEMENT_3D ( 'NONE', #1773, #1430, #803 ) ;
#2140 = ADVANCED_FACE ( 'NONE', ( #708 ), #1504, .T. ) ;
#2141 = CARTESIAN_POINT ( 'NONE',  ( 0.9470820393249930191, -0.2000000000000000111, 0.5499999999999999334 ) ) ;
#2142 = EDGE_CURVE ( 'NONE', #1035, #1422, #335, .T. ) ;
#2143 = COLOUR_RGB ( '',0.9490196078431372140, 0.7960784313725489669, 0.4862745098039215619 ) ;
#2144 = CARTESIAN_POINT ( 'NONE',  ( -0.9165499434131100243, 0.4348160612283299975, 0.5559778258713750088 ) ) ;
#2145 = DIRECTION ( 'NONE',  ( -1.000000000000000000, 0.0000000000000000000, 0.0000000000000000000 ) ) ;
#2146 = STYLED_ITEM ( 'NONE', ( #245 ), #1251 ) ;
#2147 = SURFACE_STYLE_USAGE ( .BOTH. , #1879 ) ;
#2148 = CARTESIAN_POINT ( 'NONE',  ( -0.9366398151225019397, 0.4911137459656727544, -4.117408507238872699E-16 ) ) ;
#2149 = VERTEX_POINT ( 'NONE', #1124 ) ;
#2150 = CARTESIAN_POINT ( 'NONE',  ( -0.6400000000000000133, 6.938893903907229610E-17, 0.1000000000000000056 ) ) ;
#2151 = AXIS2_PLACEMENT_3D ( 'NONE', #523, #2295, #2519 ) ;
#2152 = VERTEX_POINT ( 'NONE', #132 ) ;
#2153 =( GEOMETRIC_REPRESENTATION_CONTEXT ( 3 ) GLOBAL_UNCERTAINTY_ASSIGNED_CONTEXT ( ( #1735 ) ) GLOBAL_UNIT_ASSIGNED_CONTEXT ( ( #994, #788, #1406 ) ) REPRESENTATION_CONTEXT ( 'NONE', 'WORKASPACE' ) );
#2154 =( LENGTH_UNIT ( ) NAMED_UNIT ( * ) SI_UNIT ( .MILLI., .METRE. ) );
#2155 = DIRECTION ( 'NONE',  ( 1.000000000000000000, 0.0000000000000000000, 0.0000000000000000000 ) ) ;
#2156 = ADVANCED_FACE ( 'NONE', ( #344 ), #929, .T. ) ;
#2157 = CARTESIAN_POINT ( 'NONE',  ( -0.8991662969499979452, 0.3999999999999980238, 0.5857142857142859649 ) ) ;
#2158 = EDGE_CURVE ( 'NONE', #622, #2115, #549, .T. ) ;
#2159 = SURFACE_STYLE_USAGE ( .BOTH. , #168 ) ;
#2160 = ORIENTED_EDGE ( 'NONE', *, *, #240, .F. ) ;
#2161 = CYLINDRICAL_SURFACE ( 'NONE', #39, 0.02000000000000005246 ) ;
#2162 = CARTESIAN_POINT ( 'NONE',  ( -0.8799999999999991163, -0.4468629150101519065, 0.6000000000000000888 ) ) ;
#2163 = DIRECTION ( 'NONE',  ( 0.0000000000000000000, -1.000000000000000000, -0.0000000000000000000 ) ) ;
#2164 = ORIENTED_EDGE ( 'NONE', *, *, #648, .T. ) ;
#2165 = FACE_OUTER_BOUND ( 'NONE', #2474, .T. ) ;
#2166 = CARTESIAN_POINT ( 'NONE',  ( -0.5999999999999999778, 0.4800000000000000377, 0.1000000000000000056 ) ) ;
#2167 = FILL_AREA_STYLE ('',( #2316 ) ) ;
#2168 = SURFACE_STYLE_FILL_AREA ( #384 ) ;
#2169 = ORIENTED_EDGE ( 'NONE', *, *, #578, .F. ) ;
#2170 = EDGE_CURVE ( 'NONE', #123, #178, #2133, .T. ) ;
#2171 = DIRECTION ( 'NONE',  ( 0.0000000000000000000, 1.000000000000000000, -0.0000000000000000000 ) ) ;
#2172 = CARTESIAN_POINT ( 'NONE',  ( -0.8580902718229909132, -0.4991662969499977009, 0.5857142857142857428 ) ) ;
#2173 = VERTEX_POINT ( 'NONE', #884 ) ;
#2174 = ORIENTED_EDGE ( 'NONE', *, *, #1975, .T. ) ;
#2175 = DIRECTION ( 'NONE',  ( 0.0000000000000000000, -1.000000000000000000, 0.0000000000000000000 ) ) ;
#2176 = CARTESIAN_POINT ( 'NONE',  ( 1.001130986436662207, -0.4800053298280285152, 0.5500000000000000444 ) ) ;
#2177 = LINE ( 'NONE', #397, #402 ) ;
#2178 = AXIS2_PLACEMENT_3D ( 'NONE', #1371, #1382, #389 ) ;
#2179 = CARTESIAN_POINT ( 'NONE',  ( -1.000000000000000000, -0.5999999999999999778, 0.5300000000000001377 ) ) ;
#2180 = VECTOR ( 'NONE', #1607, 1000.000000000000000 ) ;
#2181 =( LENGTH_UNIT ( ) NAMED_UNIT ( * ) SI_UNIT ( .MILLI., .METRE. ) );
#2182 = UNCERTAINTY_MEASURE_WITH_UNIT (LENGTH_MEASURE( 1.000000000000000082E-05 ), #1709, 'distance_accuracy_value', 'NONE');
#2183 = ORIENTED_EDGE ( 'NONE', *, *, #615, .F. ) ;
#2184 = CARTESIAN_POINT ( 'NONE',  ( -0.9000000000000001332, -0.5999999999999999778, 0.0000000000000000000 ) ) ;
#2185 = DIRECTION ( 'NONE',  ( 0.0000000000000000000, 0.0000000000000000000, 1.000000000000000000 ) ) ;
#2186 = ORIENTED_EDGE ( 'NONE', *, *, #674, .T. ) ;
#2187 = CARTESIAN_POINT ( 'NONE',  ( 0.8810166710406059920, -0.4743415505246870167, 0.5857142857142859649 ) ) ;
#2188 = ADVANCED_FACE ( 'NONE', ( #1468 ), #858, .F. ) ;
#2189 =( GEOMETRIC_REPRESENTATION_CONTEXT ( 3 ) GLOBAL_UNCERTAINTY_ASSIGNED_CONTEXT ( ( #621 ) ) GLOBAL_UNIT_ASSIGNED_CONTEXT ( ( #2091, #918, #1717 ) ) REPRESENTATION_CONTEXT ( 'NONE', 'WORKASPACE' ) );
#2190 = VERTEX_POINT ( 'NONE', #2498 ) ;
#2191 = CARTESIAN_POINT ( 'NONE',  ( -0.8800000000000000044, 0.4447317813533550046, 0.5999999999999999778 ) ) ;
#2192 = FILL_AREA_STYLE_COLOUR ( '', #1313 ) ;
#2193 = AXIS2_PLACEMENT_3D ( 'NONE', #2254, #469, #732 ) ;
#2194 = ADVANCED_FACE ( 'NONE', ( #297 ), #1893, .T. ) ;
#2195 = CARTESIAN_POINT ( 'NONE',  ( -0.9000000000000000222, 0.6000000000000001998, 0.5300000000000001377 ) ) ;
#2196 = CARTESIAN_POINT ( 'NONE',  ( -0.9799999999999999822, -0.4816784043380069602, 0.0000000000000000000 ) ) ;
#2197 =( NAMED_UNIT ( * ) PLANE_ANGLE_UNIT ( ) SI_UNIT ( $, .RADIAN. ) );
#2198 = SURFACE_STYLE_FILL_AREA ( #737 ) ;
#2199 = EDGE_LOOP ( 'NONE', ( #541, #1878, #699, #143 ) ) ;
#2200 = CARTESIAN_POINT ( 'NONE',  ( -0.8468629150101520953, -0.4799999999999995937, 0.6000000000000000888 ) ) ;
#2201 = ORIENTED_EDGE ( 'NONE', *, *, #2450, .F. ) ;
#2202 = CARTESIAN_POINT ( 'NONE',  ( -0.8799999999999993383, -0.5291791973405868266, 0.0000000000000000000 ) ) ;
#2203 = PRODUCT_RELATED_PRODUCT_CATEGORY ( 'part', '', ( #1882 ) ) ;
#2204 = ORIENTED_EDGE ( 'NONE', *, *, #423, .T. ) ;
#2205 = CYLINDRICAL_SURFACE ( 'NONE', #791, 0.02000000000000005246 ) ;
#2206 =( LENGTH_UNIT ( ) NAMED_UNIT ( * ) SI_UNIT ( .MILLI., .METRE. ) );
#2207 = EDGE_CURVE ( 'NONE', #1694, #338, #1841, .T. ) ;
#2208 = PLANE ( 'NONE',  #2491 ) ;
#2209 =( BOUNDED_SURFACE ( )  B_SPLINE_SURFACE ( 3, 3, ( 
 ( #2393, #35, #589, #2176 ),
 ( #396, #730, #576, #1766 ),
 ( #1961, #188, #614, #228 ),
 ( #1374, #1988, #1593, #780 ) ),
 .UNSPECIFIED., .F., .F., .T. ) 
 B_SPLINE_SURFACE_WITH_KNOTS ( ( 4, 4 ),
 ( 4, 4 ),
 ( 0.0000000000000000000, 1.000000000000000000 ),
 ( 0.0000000000000000000, 1.000000000000000000 ),
 .UNSPECIFIED. ) 
 GEOMETRIC_REPRESENTATION_ITEM ( )  RATIONAL_B_SPLINE_SURFACE ( (
 ( 1.000000000000000000, 0.8002641265956557115, 0.8002641265956557115, 1.000000000000000000),
 ( 0.8047378541243599415, 0.6440028359692930859, 0.6440028359692930859, 0.8047378541243599415),
 ( 0.8047378541243599415, 0.6440028359692930859, 0.6440028359692930859, 0.8047378541243599415),
 ( 1.000000000000000000, 0.8002641265956557115, 0.8002641265956557115, 1.000000000000000000) ) ) 
 REPRESENTATION_ITEM ( '' )  SURFACE ( )  );
#2210 =( NAMED_UNIT ( * ) PLANE_ANGLE_UNIT ( ) SI_UNIT ( $, .RADIAN. ) );
#2211 = CARTESIAN_POINT ( 'NONE',  ( 0.9799999999999999822, 0.4816784043380079594, 0.0000000000000000000 ) ) ;
#2212 = ORIENTED_EDGE ( 'NONE', *, *, #744, .T. ) ;
#2213 = B_SPLINE_CURVE_WITH_KNOTS ( 'NONE', 3,
 ( #992, #581, #1940, #1755, #954 ),
 .UNSPECIFIED., .F., .F.,
 ( 4, 1, 4 ),
 ( 0.0000000000000000000, 0.5714285714285709528, 1.000000000000000000 ),
 .UNSPECIFIED. ) ;
#2214 = CARTESIAN_POINT ( 'NONE',  ( -0.7999999999999998224, -0.4991662969499982005, 0.5857142857142858539 ) ) ;
#2215 = ORIENTED_EDGE ( 'NONE', *, *, #2170, .T. ) ;
#2216 = DIRECTION ( 'NONE',  ( -1.000000000000000000, 0.0000000000000000000, 0.0000000000000000000 ) ) ;
#2217 = ORIENTED_EDGE ( 'NONE', *, *, #1092, .F. ) ;
#2218 = FACE_OUTER_BOUND ( 'NONE', #1764, .T. ) ;
#2219 = FACE_BOUND ( 'NONE', #81, .T. ) ;
#2220 =( NAMED_UNIT ( * ) SI_UNIT ( $, .STERADIAN. ) SOLID_ANGLE_UNIT ( ) );
#2221 = CARTESIAN_POINT ( 'NONE',  ( -1.000000000000000000, -0.5000000000000000000, 0.5300000000000001377 ) ) ;
#2222 = ADVANCED_FACE ( 'NONE', ( #666 ), #2455, .T. ) ;
#2223 =( LENGTH_UNIT ( ) NAMED_UNIT ( * ) SI_UNIT ( .MILLI., .METRE. ) );
#2224 = CARTESIAN_POINT ( 'NONE',  ( 0.9470820393249930191, -0.4000000000000000222, 0.5499999999999999334 ) ) ;
#2225 = VERTEX_POINT ( 'NONE', #1932 ) ;
#2226 = EDGE_CURVE ( 'NONE', #1942, #792, #740, .T. ) ;
#2227 =( GEOMETRIC_REPRESENTATION_CONTEXT ( 3 ) GLOBAL_UNCERTAINTY_ASSIGNED_CONTEXT ( ( #321 ) ) GLOBAL_UNIT_ASSIGNED_CONTEXT ( ( #2560, #353, #1385 ) ) REPRESENTATION_CONTEXT ( 'NONE', 'WORKASPACE' ) );
#2228 = DIRECTION ( 'NONE',  ( 2.775557561562889872E-16, -1.000000000000000000, 0.0000000000000000000 ) ) ;
#2229 = DIRECTION ( 'NONE',  ( 0.0000000000000000000, 1.000000000000000000, 0.0000000000000000000 ) ) ;
#2230 = CARTESIAN_POINT ( 'NONE',  ( -0.9000000000000001332, -0.5999999999999999778, 0.01999999999999999695 ) ) ;
#2231 = VECTOR ( 'NONE', #2163, 1000.000000000000000 ) ;
#2232 = ORIENTED_EDGE ( 'NONE', *, *, #1304, .T. ) ;
#2233 = PLANE ( 'NONE',  #1838 ) ;
#2234 = CARTESIAN_POINT ( 'NONE',  ( -0.7999999999999999334, -0.4800000000000000377, 0.6000000000000000888 ) ) ;
#2235 = AXIS2_PLACEMENT_3D ( 'NONE', #145, #2537, #1527 ) ;
#2236 = CARTESIAN_POINT ( 'NONE',  ( -0.9000044412891049506, 0.6009424638433142896, 0.5300000000000001377 ) ) ;
#2237 = CARTESIAN_POINT ( 'NONE',  ( -1.000000000000000000, -0.5000000000000000000, 0.5300000000000001377 ) ) ;
#2238 = EDGE_CURVE ( 'NONE', #403, #1544, #1321, .T. ) ;
#2239 = CARTESIAN_POINT ( 'NONE',  ( 0.9278723025735411412, 0.4904895933918427264, 0.0000000000000000000 ) ) ;
#2240 = ORIENTED_EDGE ( 'NONE', *, *, #1169, .T. ) ;
#2241 = ADVANCED_FACE ( 'NONE', ( #1540 ), #1476, .T. ) ;
#2242 = CARTESIAN_POINT ( 'NONE',  ( 0.9850795122611768484, 0.4856705053464459021, 1.165199698066696411E-16 ) ) ;
#2243 = CARTESIAN_POINT ( 'NONE',  ( -1.001020540104503809, -0.4917205379700790302, -3.805238783766917520E-16 ) ) ;
#2244 = VERTEX_POINT ( 'NONE', #2563 ) ;
#2245 = VERTEX_POINT ( 'NONE', #540 ) ;
#2246 = FACE_OUTER_BOUND ( 'NONE', #1361, .T. ) ;
#2247 = DIRECTION ( 'NONE',  ( 0.0000000000000000000, -0.0000000000000000000, 1.000000000000000000 ) ) ;
#2248 = CARTESIAN_POINT ( 'NONE',  ( -0.8762947252737609549, -0.4831497555229000151, 0.5769453993943479686 ) ) ;
#2249 = DIRECTION ( 'NONE',  ( 0.0000000000000000000, -0.0000000000000000000, 1.000000000000000000 ) ) ;
#2250 = VERTEX_POINT ( 'NONE', #147 ) ;
#2251 = CARTESIAN_POINT ( 'NONE',  ( 1.001130956611977485, 0.4800053295469261516, 0.0000000000000000000 ) ) ;
#2252 = ORIENTED_EDGE ( 'NONE', *, *, #2238, .F. ) ;
#2253 = CARTESIAN_POINT ( 'NONE',  ( -0.9419277494242976889, -0.4994482242402634165, 0.008284271247461595655 ) ) ;
#2254 = CARTESIAN_POINT ( 'NONE',  ( -1.000000000000000000, 0.5000000000000000000, 0.0000000000000000000 ) ) ;
#2255 = VERTEX_POINT ( 'NONE', #931 ) ;
#2256 = CARTESIAN_POINT ( 'NONE',  ( 0.9201627726603810453, -0.5102623289772160176, 0.5500000000000000444 ) ) ;
#2257 = CARTESIAN_POINT ( 'NONE',  ( 0.8800000000000000044, -0.3999999999999998557, 0.6000000000000000888 ) ) ;
#2258 = VERTEX_POINT ( 'NONE', #1531 ) ;
#2259 = PRESENTATION_STYLE_ASSIGNMENT (( #74 ) ) ;
#2260 = SURFACE_STYLE_USAGE ( .BOTH. , #2079 ) ;
#2261 = CARTESIAN_POINT ( 'NONE',  ( -0.8991662969499979452, -0.4000000000000000222, 0.5857142857142859649 ) ) ;
#2262 = LINE ( 'NONE', #2318, #1843 ) ;
#2263 = CARTESIAN_POINT ( 'NONE',  ( -0.9165499434131090251, 0.3999999999999970246, 0.5559778258713750088 ) ) ;
#2264 =( GEOMETRIC_REPRESENTATION_CONTEXT ( 3 ) GLOBAL_UNCERTAINTY_ASSIGNED_CONTEXT ( ( #2294 ) ) GLOBAL_UNIT_ASSIGNED_CONTEXT ( ( #1230, #100, #821 ) ) REPRESENTATION_CONTEXT ( 'NONE', 'WORKASPACE' ) );
#2265 = ORIENTED_EDGE ( 'NONE', *, *, #1530, .F. ) ;
#2266 = CARTESIAN_POINT ( 'NONE',  ( 0.9799999999999999822, 0.4816784043380079594, 0.0000000000000000000 ) ) ;
#2267 = ORIENTED_EDGE ( 'NONE', *, *, #233, .T. ) ;
#2268 = PLANE ( 'NONE',  #1320 ) ;
#2269 = VECTOR ( 'NONE', #2060, 1000.000000000000000 ) ;
#2270 = ORIENTED_EDGE ( 'NONE', *, *, #387, .F. ) ;
#2271 =( NAMED_UNIT ( * ) SI_UNIT ( $, .STERADIAN. ) SOLID_ANGLE_UNIT ( ) );
#2272 = EDGE_CURVE ( 'NONE', #2086, #266, #2549, .T. ) ;
#2273 =( GEOMETRIC_REPRESENTATION_CONTEXT ( 3 ) GLOBAL_UNCERTAINTY_ASSIGNED_CONTEXT ( ( #627 ) ) GLOBAL_UNIT_ASSIGNED_CONTEXT ( ( #1111, #122, #528 ) ) REPRESENTATION_CONTEXT ( 'NONE', 'WORKASPACE' ) );
#2274 = FACE_OUTER_BOUND ( 'NONE', #136, .T. ) ;
#2275 = ADVANCED_FACE ( 'NONE', ( #956 ), #2161, .T. ) ;
#2276 = COLOUR_RGB ( '',0.6274509803921568540, 0.6274509803921568540, 0.6274509803921568540 ) ;
#2277 = ORIENTED_EDGE ( 'NONE', *, *, #2356, .T. ) ;
#2278 = COLOUR_RGB ( '',0.9490196078431372140, 0.7960784313725489669, 0.4862745098039215619 ) ;
#2279 = CARTESIAN_POINT ( 'NONE',  ( 0.9800000000000010925, -0.4816784043380069602, 0.5500000000000001554 ) ) ;
#2280 = COLOUR_RGB ( '',0.9490196078431372140, 0.7960784313725489669, 0.4862745098039215619 ) ;
#2281 = DIRECTION ( 'NONE',  ( 0.0000000000000000000, 1.000000000000000000, -0.0000000000000000000 ) ) ;
#2282 =( GEOMETRIC_REPRESENTATION_CONTEXT ( 3 ) GLOBAL_UNCERTAINTY_ASSIGNED_CONTEXT ( ( #1167 ) ) GLOBAL_UNIT_ASSIGNED_CONTEXT ( ( #2206, #1029, #1043 ) ) REPRESENTATION_CONTEXT ( 'NONE', 'WORKASPACE' ) );
#2283 = SURFACE_SIDE_STYLE ('',( #2121 ) ) ;
#2284 = MECHANICAL_DESIGN_GEOMETRIC_PRESENTATION_REPRESENTATION (  '', ( #155 ), #2153 ) ;
#2285 = CARTESIAN_POINT ( 'NONE',  ( 1.001130956611977485, -0.4800053295469254300, 0.0000000000000000000 ) ) ;
#2286 = CARTESIAN_POINT ( 'NONE',  ( -0.8522412946547064383, 0.4891814683630139604, 0.5999999999999998668 ) ) ;
#2287 = ORIENTED_EDGE ( 'NONE', *, *, #2497, .F. ) ;
#2288 = DIRECTION ( 'NONE',  ( -0.0000000000000000000, 1.000000000000000000, -0.0000000000000000000 ) ) ;
#2289 = CARTESIAN_POINT ( 'NONE',  ( 0.7999999999999990452, -0.4800000000000000377, 0.6000000000000000888 ) ) ;
#2290 = CARTESIAN_POINT ( 'NONE',  ( 0.9800000000000010925, -0.4816784043380069602, 0.5500000000000001554 ) ) ;
#2291 = CARTESIAN_POINT ( 'NONE',  ( -0.7999999999999990452, -0.4991662969499980340, 0.5857142857142859649 ) ) ;
#2292 = CARTESIAN_POINT ( 'NONE',  ( -0.4000000000000000222, 3.469446951953609875E-17, 0.0000000000000000000 ) ) ;
#2293 = CARTESIAN_POINT ( 'NONE',  ( -0.9470820393249930191, -0.4437838854343730266, 0.5500000000000000444 ) ) ;
#2294 = UNCERTAINTY_MEASURE_WITH_UNIT (LENGTH_MEASURE( 1.000000000000000082E-05 ), #1230, 'distance_accuracy_value', 'NONE');
#2295 = DIRECTION ( 'NONE',  ( 1.000000000000000000, -3.854941057726240069E-16, 0.0000000000000000000 ) ) ;
#2296 = CARTESIAN_POINT ( 'NONE',  ( -0.8816784043380071489, -0.5799999999999999600, 0.0000000000000000000 ) ) ;
#2297 =( NAMED_UNIT ( * ) PLANE_ANGLE_UNIT ( ) SI_UNIT ( $, .RADIAN. ) );
#2298 = CARTESIAN_POINT ( 'NONE',  ( 0.8799999999999991163, 0.4468629150101519065, 0.6000000000000000888 ) ) ;
#2299 = CARTESIAN_POINT ( 'NONE',  ( -0.8221135840669280270, -0.4991662969499980340, 0.5857142857142859649 ) ) ;
#2300 = EDGE_CURVE ( 'NONE', #1846, #1170, #241, .T. ) ;
#2301 = CARTESIAN_POINT ( 'NONE',  ( 0.7999999999999990452, -0.5136183922132360191, 0.5581628751257230459 ) ) ;
#2302 = COLOUR_RGB ( '',0.9490196078431372140, 0.7960784313725489669, 0.4862745098039215619 ) ;
#2303 = CARTESIAN_POINT ( 'NONE',  ( -0.8580902718229909132, 0.4991662969499974234, 0.5857142857142859649 ) ) ;
#2304 = ADVANCED_FACE ( 'NONE', ( #1021 ), #623, .T. ) ;
#2305 = FACE_OUTER_BOUND ( 'NONE', #346, .T. ) ;
#2306 = B_SPLINE_CURVE_WITH_KNOTS ( 'NONE', 3,
 ( #165, #1547, #2447, #2234 ),
 .UNSPECIFIED., .F., .F.,
 ( 4, 4 ),
 ( 0.0000000000000000000, 1.000000000000000000 ),
 .UNSPECIFIED. ) ;
#2307 = AXIS2_PLACEMENT_3D ( 'NONE', #2435, #639, #1861 ) ;
#2308 = SURFACE_STYLE_FILL_AREA ( #698 ) ;
#2309 = VERTEX_POINT ( 'NONE', #2430 ) ;
#2310 = CARTESIAN_POINT ( 'NONE',  ( -0.4000000000000000222, -0.5470820393249941072, 0.5499999999999999334 ) ) ;
#2311 = CARTESIAN_POINT ( 'NONE',  ( 0.8799999999999995604, 0.4000000000000000222, 0.6000000000000000888 ) ) ;
#2312 = AXIS2_PLACEMENT_3D ( 'NONE', #82, #664, #30 ) ;
#2313 = VERTEX_POINT ( 'NONE', #635 ) ;
#2314 = ORIENTED_EDGE ( 'NONE', *, *, #1560, .F. ) ;
#2315 = CARTESIAN_POINT ( 'NONE',  ( -0.8816784043380080371, 0.5800000000000008482, 0.0000000000000000000 ) ) ;
#2316 = FILL_AREA_STYLE_COLOUR ( '', #1681 ) ;
#2317 = VECTOR ( 'NONE', #1390, 1000.000000000000000 ) ;
#2318 = CARTESIAN_POINT ( 'NONE',  ( 0.8800000000000010036, -0.4799999999999999822, 0.0000000000000000000 ) ) ;
#2319 = B_SPLINE_CURVE_WITH_KNOTS ( 'NONE', 3,
 ( #847, #1637, #2256, #1266, #2063 ),
 .UNSPECIFIED., .F., .F.,
 ( 4, 1, 4 ),
 ( 0.0000000000000000000, 0.5714285714285810558, 1.000000000000000000 ),
 .UNSPECIFIED. ) ;
#2320 = VECTOR ( 'NONE', #964, 1000.000000000000000 ) ;
#2321 = EDGE_CURVE ( 'NONE', #1280, #1726, #1238, .T. ) ;
#2322 = VECTOR ( 'NONE', #1743, 1000.000000000000000 ) ;
#2323 = DIRECTION ( 'NONE',  ( -0.0000000000000000000, -0.0000000000000000000, -1.000000000000000000 ) ) ;
#2324 = PRESENTATION_STYLE_ASSIGNMENT (( #2147 ) ) ;
#2325 = EDGE_CURVE ( 'NONE', #2313, #1942, #1827, .T. ) ;
#2326 = CARTESIAN_POINT ( 'NONE',  ( -0.8994440718121572420, 0.5414871761636546044, 0.008284271247461571369 ) ) ;
#2327 = VERTEX_POINT ( 'NONE', #1208 ) ;
#2328 = FILL_AREA_STYLE ('',( #1921 ) ) ;
#2329 = CARTESIAN_POINT ( 'NONE',  ( 0.9348816143215760155, -0.4000000000000000222, 0.5500000000000000444 ) ) ;
#2330 = ORIENTED_EDGE ( 'NONE', *, *, #160, .F. ) ;
#2331 = CYLINDRICAL_SURFACE ( 'NONE', #1005, 0.05000000000000002359 ) ;
#2332 = VERTEX_POINT ( 'NONE', #2000 ) ;
#2333 = CARTESIAN_POINT ( 'NONE',  ( 0.8000000000000001554, 0.4991662969499982005, 0.5857142857142857428 ) ) ;
#2334 = MANIFOLD_SOLID_BREP ( 'Body1', #434 ) ;
#2335 = ORIENTED_EDGE ( 'NONE', *, *, #1851, .F. ) ;
#2336 = DIRECTION ( 'NONE',  ( 1.000000000000000000, 1.387778780781439956E-15, -0.0000000000000000000 ) ) ;
#2337 = CARTESIAN_POINT ( 'NONE',  ( -0.9000044412891051726, 0.6009424638433144006, 0.01999999999999999695 ) ) ;
#2338 = ORIENTED_EDGE ( 'NONE', *, *, #1546, .T. ) ;
#2339 =( LENGTH_UNIT ( ) NAMED_UNIT ( * ) SI_UNIT ( .MILLI., .METRE. ) );
#2340 = ORIENTED_EDGE ( 'NONE', *, *, #990, .T. ) ;
#2341 = DIRECTION ( 'NONE',  ( 0.0000000000000000000, 0.0000000000000000000, -1.000000000000000000 ) ) ;
#2342 = CARTESIAN_POINT ( 'NONE',  ( 0.8816784043380078151, -0.5800000000000008482, 0.5500000000000001554 ) ) ;
#2343 =( LENGTH_UNIT ( ) NAMED_UNIT ( * ) SI_UNIT ( .MILLI., .METRE. ) );
#2344 = CARTESIAN_POINT ( 'NONE',  ( 0.4000000000000000222, 0.5470820393249941072, 0.5499999999999999334 ) ) ;
#2345 = FILL_AREA_STYLE ('',( #764 ) ) ;
#2346 = CARTESIAN_POINT ( 'NONE',  ( -0.9470820393249930191, -0.4000000000000000777, 0.5499999999999999334 ) ) ;
#2347 = DIRECTION ( 'NONE',  ( 0.0000000000000000000, -1.000000000000000000, -0.0000000000000000000 ) ) ;
#2348 = EDGE_LOOP ( 'NONE', ( #239, #1196, #981, #2051 ) ) ;
#2349 = CARTESIAN_POINT ( 'NONE',  ( -0.8991662969499972791, -0.4000000000000000222, 0.5857142857142857428 ) ) ;
#2350 = CARTESIAN_POINT ( 'NONE',  ( -0.8800000000000010036, -0.4800000000000000377, 0.0000000000000000000 ) ) ;
#2351 = VECTOR ( 'NONE', #370, 1000.000000000000000 ) ;
#2352 = EDGE_CURVE ( 'NONE', #312, #2421, #416, .T. ) ;
#2353 = SURFACE_STYLE_USAGE ( .BOTH. , #771 ) ;
#2354 = CARTESIAN_POINT ( 'NONE',  ( 0.8800000000000000044, -0.4000000000000000222, 0.6000000000000000888 ) ) ;
#2355 = VECTOR ( 'NONE', #2323, 1000.000000000000000 ) ;
#2356 = EDGE_CURVE ( 'NONE', #2250, #2456, #857, .T. ) ;
#2357 = PRESENTATION_LAYER_ASSIGNMENT (  '', '', ( #1757 ) ) ;
#2358 = DIRECTION ( 'NONE',  ( 1.000000000000000000, -0.0000000000000000000, -0.0000000000000000000 ) ) ;
#2359 = CARTESIAN_POINT ( 'NONE',  ( -0.8740610695157809973, 0.4811977491887060032, 0.5857142857142859649 ) ) ;
#2360 = PRESENTATION_LAYER_ASSIGNMENT (  '', '', ( #611 ) ) ;
#2361 = FACE_OUTER_BOUND ( 'NONE', #1738, .T. ) ;
#2362 = CIRCLE ( 'NONE', #687, 0.02000000000000005246 ) ;
#2363 = ORIENTED_EDGE ( 'NONE', *, *, #276, .F. ) ;
#2364 =( GEOMETRIC_REPRESENTATION_CONTEXT ( 3 ) GLOBAL_UNCERTAINTY_ASSIGNED_CONTEXT ( ( #343 ) ) GLOBAL_UNIT_ASSIGNED_CONTEXT ( ( #1451, #60, #631 ) ) REPRESENTATION_CONTEXT ( 'NONE', 'WORKASPACE' ) );
#2365 = CARTESIAN_POINT ( 'NONE',  ( -0.8991662969499972791, -0.4580902718229907800, 0.5857142857142857428 ) ) ;
#2366 = DIRECTION ( 'NONE',  ( 1.000000000000000000, 0.0000000000000000000, -0.0000000000000000000 ) ) ;
#2367 = ORIENTED_EDGE ( 'NONE', *, *, #925, .F. ) ;
#2368 = CARTESIAN_POINT ( 'NONE',  ( 0.0000000000000000000, 0.4800000000000000377, 0.0000000000000000000 ) ) ;
#2369 = CARTESIAN_POINT ( 'NONE',  ( -0.8799999999999995604, -0.4000000000000000222, 0.6000000000000000888 ) ) ;
#2370 = ADVANCED_BREP_SHAPE_REPRESENTATION ( '41AFF7DA-E61A-4B43-896F-A7A0BE89A7F1', ( #2334, #1525, #2375, #1484 ), #1973 ) ;
#2371 = CARTESIAN_POINT ( 'NONE',  ( 0.9000000000000000222, -0.5999999999999999778, 0.0000000000000000000 ) ) ;
#2372 = DIRECTION ( 'NONE',  ( 1.000000000000000000, 3.854941057726239700E-17, 0.0000000000000000000 ) ) ;
#2373 = CARTESIAN_POINT ( 'NONE',  ( -0.4500000000000000666, -0.6000000000000000888, 0.5300000000000001377 ) ) ;
#2374 = ORIENTED_EDGE ( 'NONE', *, *, #1746, .T. ) ;
#2375 = MANIFOLD_SOLID_BREP ( 'Body3', #1102 ) ;
#2376 = DIRECTION ( 'NONE',  ( 0.0000000000000000000, 0.0000000000000000000, 1.000000000000000000 ) ) ;
#2377 = ORIENTED_EDGE ( 'NONE', *, *, #2384, .F. ) ;
#2378 = CARTESIAN_POINT ( 'NONE',  ( 0.9799999999999999822, 0.4816784043380079594, 0.5500000000000001554 ) ) ;
#2379 = VERTEX_POINT ( 'NONE', #682 ) ;
#2380 = B_SPLINE_CURVE_WITH_KNOTS ( 'NONE', 3,
 ( #1137, #1688, #914, #2522, #1517, #2540 ),
 .UNSPECIFIED., .F., .F.,
 ( 4, 2, 4 ),
 ( 0.0000000000000000000, 0.5000000000000000000, 1.000000000000000000 ),
 .UNSPECIFIED. ) ;
#2381 = CARTESIAN_POINT ( 'NONE',  ( 0.8447317813533551378, 0.4800000000000000377, 0.5999999999999999778 ) ) ;
#2382 =( BOUNDED_SURFACE ( )  B_SPLINE_SURFACE ( 3, 3, ( 
 ( #1496, #2298, #90, #1474 ),
 ( #515, #1311, #326, #2514 ),
 ( #1117, #1898, #711, #1510 ),
 ( #533, #1536, #986, #2333 ) ),
 .UNSPECIFIED., .F., .F., .T. ) 
 B_SPLINE_SURFACE_WITH_KNOTS ( ( 4, 4 ),
 ( 4, 4 ),
 ( 0.0000000000000000000, 1.000000000000000000 ),
 ( 0.0000000000000000000, 1.000000000000000000 ),
 .UNSPECIFIED. ) 
 GEOMETRIC_REPRESENTATION_ITEM ( )  RATIONAL_B_SPLINE_SURFACE ( (
 ( 1.000000000000000000, 0.8047378541243676020, 0.8047378541243676020, 1.000000000000000000),
 ( 0.8678558171581816083, 0.6983964279892246330, 0.6983964279892246330, 0.8678558171581816083),
 ( 0.8678558171581816083, 0.6983964279892246330, 0.6983964279892246330, 0.8678558171581816083),
 ( 1.000000000000000000, 0.8047378541243676020, 0.8047378541243676020, 1.000000000000000000) ) ) 
 REPRESENTATION_ITEM ( '' )  SURFACE ( )  );
#2383 =( NAMED_UNIT ( * ) PLANE_ANGLE_UNIT ( ) SI_UNIT ( $, .RADIAN. ) );
#2384 = EDGE_CURVE ( 'NONE', #1408, #2255, #1261, .T. ) ;
#2385 = SURFACE_STYLE_USAGE ( .BOTH. , #773 ) ;
#2386 = ORIENTED_EDGE ( 'NONE', *, *, #1349, .T. ) ;
#2387 = PRESENTATION_STYLE_ASSIGNMENT (( #1601 ) ) ;
#2388 = CARTESIAN_POINT ( 'NONE',  ( -0.8891814683630137051, -0.3999999999999999667, 0.5999999999999999778 ) ) ;
#2389 = ORIENTED_EDGE ( 'NONE', *, *, #1500, .T. ) ;
#2390 = CARTESIAN_POINT ( 'NONE',  ( -0.8800000000000010036, 0.4800000000000000377, 0.0000000000000000000 ) ) ;
#2391 = VERTEX_POINT ( 'NONE', #880 ) ;
#2392 = DIRECTION ( 'NONE',  ( -1.000000000000000000, -2.710505431213753985E-15, 0.0000000000000000000 ) ) ;
#2393 = CARTESIAN_POINT ( 'NONE',  ( 0.8800053767821147677, -0.6011359572165522192, 0.5500000000000001554 ) ) ;
#2394 = CARTESIAN_POINT ( 'NONE',  ( -1.000000000000000000, -0.5000000000000000000, 0.02000000000000000042 ) ) ;
#2395 =( NAMED_UNIT ( * ) SI_UNIT ( $, .STERADIAN. ) SOLID_ANGLE_UNIT ( ) );
#2396 = LINE ( 'NONE', #1232, #443 ) ;
#2397 = VECTOR ( 'NONE', #102, 1000.000000000000000 ) ;
#2398 = CYLINDRICAL_SURFACE ( 'NONE', #796, 0.02000000000000005246 ) ;
#2399 = ORIENTED_EDGE ( 'NONE', *, *, #1910, .F. ) ;
#2400 = EDGE_CURVE ( 'NONE', #955, #1422, #1682, .T. ) ;
#2401 = PRESENTATION_LAYER_ASSIGNMENT (  '', '', ( #1152 ) ) ;
#2402 = CARTESIAN_POINT ( 'NONE',  ( 0.9800000000000010925, -0.4816784043380071267, 0.0000000000000000000 ) ) ;
#2403 = ORIENTED_EDGE ( 'NONE', *, *, #205, .F. ) ;
#2404 = DIRECTION ( 'NONE',  ( 0.0000000000000000000, 0.0000000000000000000, 1.000000000000000000 ) ) ;
#2405 = UNCERTAINTY_MEASURE_WITH_UNIT (LENGTH_MEASURE( 1.000000000000000082E-05 ), #248, 'distance_accuracy_value', 'NONE');
#2406 = ADVANCED_FACE ( 'NONE', ( #853 ), #2554, .T. ) ;
#2407 = PRESENTATION_LAYER_ASSIGNMENT (  '', '', ( #568 ) ) ;
#2408 = ORIENTED_EDGE ( 'NONE', *, *, #2114, .F. ) ;
#2409 = LINE ( 'NONE', #407, #186 ) ;
#2410 = AXIS2_PLACEMENT_3D ( 'NONE', #1687, #1648, #845 ) ;
#2411 = FILL_AREA_STYLE ('',( #262 ) ) ;
#2412 = FILL_AREA_STYLE_COLOUR ( '', #330 ) ;
#2413 = PRESENTATION_STYLE_ASSIGNMENT (( #1597 ) ) ;
#2414 = FILL_AREA_STYLE ('',( #1794 ) ) ;
#2415 = ORIENTED_EDGE ( 'NONE', *, *, #1851, .T. ) ;
#2416 = CARTESIAN_POINT ( 'NONE',  ( 0.9026521326652600097, 0.4000000000000000222, 0.5740224372877017478 ) ) ;
#2417 = ORIENTED_EDGE ( 'NONE', *, *, #1529, .T. ) ;
#2418 = CARTESIAN_POINT ( 'NONE',  ( 0.9000044412891049506, 0.6009424638433142896, 0.01999999999999999695 ) ) ;
#2419 = ORIENTED_EDGE ( 'NONE', *, *, #959, .F. ) ;
#2420 = SURFACE_STYLE_FILL_AREA ( #574 ) ;
#2421 = VERTEX_POINT ( 'NONE', #602 ) ;
#2422 = EDGE_CURVE ( 'NONE', #1747, #2016, #207, .T. ) ;
#2423 = LINE ( 'NONE', #1011, #2018 ) ;
#2424 = CARTESIAN_POINT ( 'NONE',  ( -0.9000000000000000222, 0.5999999999999999778, 0.5397684778851772336 ) ) ;
#2425 = CARTESIAN_POINT ( 'NONE',  ( 0.0000000000000000000, 0.0000000000000000000, 0.0000000000000000000 ) ) ;
#2426 = EDGE_CURVE ( 'NONE', #1544, #14, #1583, .T. ) ;
#2427 = LINE ( 'NONE', #2439, #72 ) ;
#2428 = LINE ( 'NONE', #265, #2068 ) ;
#2429 = VERTEX_POINT ( 'NONE', #218 ) ;
#2430 = CARTESIAN_POINT ( 'NONE',  ( -0.8800000000000010036, -0.4799999999999999822, 0.0000000000000000000 ) ) ;
#2431 = LINE ( 'NONE', #2292, #1622 ) ;
#2432 = CARTESIAN_POINT ( 'NONE',  ( 0.8816784043380080371, 0.5799999999999999600, 0.0000000000000000000 ) ) ;
#2433 = UNCERTAINTY_MEASURE_WITH_UNIT (LENGTH_MEASURE( 1.000000000000000082E-05 ), #2339, 'distance_accuracy_value', 'NONE');
#2434 = VERTEX_POINT ( 'NONE', #2196 ) ;
#2435 = CARTESIAN_POINT ( 'NONE',  ( -0.4000000000000000222, -0.5470820393249941072, 0.5999999999999999778 ) ) ;
#2436 = CARTESIAN_POINT ( 'NONE',  ( -0.9799999999999999822, -0.4816784043380069602, 0.0000000000000000000 ) ) ;
#2437 = EDGE_CURVE ( 'NONE', #1659, #1846, #1024, .T. ) ;
#2438 = CARTESIAN_POINT ( 'NONE',  ( -1.001020540104503809, 0.4917205379700793633, 0.5499999999999999334 ) ) ;
#2439 = CARTESIAN_POINT ( 'NONE',  ( -0.8800000000000010036, -4.163336342344340478E-16, 0.0000000000000000000 ) ) ;
#2440 = CARTESIAN_POINT ( 'NONE',  ( -0.9470820393249930191, 0.4000000000000030753, 0.5499999999999999334 ) ) ;
#2441 = ORIENTED_EDGE ( 'NONE', *, *, #305, .T. ) ;
#2442 = STYLED_ITEM ( 'NONE', ( #944 ), #822 ) ;
#2443 = CARTESIAN_POINT ( 'NONE',  ( 0.8800053295469263404, 0.6011309566119772407, 0.0000000000000000000 ) ) ;
#2444 = AXIS2_PLACEMENT_3D ( 'NONE', #426, #1220, #2249 ) ;
#2445 = ORIENTED_EDGE ( 'NONE', *, *, #29, .F. ) ;
#2446 = DIRECTION ( 'NONE',  ( -3.854941057726240069E-16, -1.000000000000000000, 0.0000000000000000000 ) ) ;
#2447 = CARTESIAN_POINT ( 'NONE',  ( -0.8447317813533551378, -0.4800000000000000377, 0.5999999999999999778 ) ) ;
#2448 = CARTESIAN_POINT ( 'NONE',  ( 0.9799999999999999822, 0.4816784043380079594, 0.5500000000000001554 ) ) ;
#2449 = CARTESIAN_POINT ( 'NONE',  ( 0.4500000000000000666, 0.5799999999999999600, 0.5300000000000001377 ) ) ;
#2450 = EDGE_CURVE ( 'NONE', #2250, #148, #2428, .T. ) ;
#2451 = EDGE_LOOP ( 'NONE', ( #211, #1568, #2217, #1654 ) ) ;
#2452 = DIRECTION ( 'NONE',  ( 0.0000000000000000000, 0.0000000000000000000, -1.000000000000000000 ) ) ;
#2453 = CARTESIAN_POINT ( 'NONE',  ( -0.9371168866671005793, -0.4911182423921866547, -3.805238783766917520E-16 ) ) ;
#2454 = UNCERTAINTY_MEASURE_WITH_UNIT (LENGTH_MEASURE( 1.000000000000000082E-05 ), #1509, 'distance_accuracy_value', 'NONE');
#2455 = PLANE ( 'NONE',  #2193 ) ;
#2456 = VERTEX_POINT ( 'NONE', #2008 ) ;
#2457 = DIRECTION ( 'NONE',  ( 0.0000000000000000000, 0.0000000000000000000, -1.000000000000000000 ) ) ;
#2458 = EDGE_LOOP ( 'NONE', ( #2399, #16, #1911, #1248 ) ) ;
#2459 = CARTESIAN_POINT ( 'NONE',  ( 0.8800000000000010036, -0.4800000000000000377, 0.1000000000000000056 ) ) ;
#2460 = CARTESIAN_POINT ( 'NONE',  ( -0.9470820393249930191, -0.4000000000000000222, 0.5500000000000000444 ) ) ;
#2461 = EDGE_CURVE ( 'NONE', #380, #1576, #825, .T. ) ;
#2462 = CARTESIAN_POINT ( 'NONE',  ( -0.8816784043380080371, 0.5800000000000009592, 0.5500000000000001554 ) ) ;
#2463 = ORIENTED_EDGE ( 'NONE', *, *, #870, .T. ) ;
#2464 = EDGE_CURVE ( 'NONE', #1170, #904, #2396, .T. ) ;
#2465 = EDGE_CURVE ( 'NONE', #2309, #2313, #836, .T. ) ;
#2466 = CARTESIAN_POINT ( 'NONE',  ( -0.9944522695587323380, 0.4938928014460026716, 0.5500000000000001554 ) ) ;
#2467 = CARTESIAN_POINT ( 'NONE',  ( 0.8800000000000010036, 0.4800000000000000377, 0.1000000000000000056 ) ) ;
#2468 = DIRECTION ( 'NONE',  ( -1.000000000000000000, 0.0000000000000000000, 0.0000000000000000000 ) ) ;
#2469 = ADVANCED_FACE ( 'NONE', ( #646 ), #901, .T. ) ;
#2470 = ORIENTED_EDGE ( 'NONE', *, *, #2465, .F. ) ;
#2471 = LINE ( 'NONE', #1281, #184 ) ;
#2472 =( LENGTH_UNIT ( ) NAMED_UNIT ( * ) SI_UNIT ( .MILLI., .METRE. ) );
#2473 = VERTEX_POINT ( 'NONE', #1299 ) ;
#2474 = EDGE_LOOP ( 'NONE', ( #404, #2183, #1161, #1771 ) ) ;
#2475 =( NAMED_UNIT ( * ) PLANE_ANGLE_UNIT ( ) SI_UNIT ( $, .RADIAN. ) );
#2476 = DIRECTION ( 'NONE',  ( -1.000000000000000000, -2.710505431213753985E-15, 0.0000000000000000000 ) ) ;
#2477 = CARTESIAN_POINT ( 'NONE',  ( -0.6400000000000000133, 6.938893903907229610E-17, 0.1000000000000000056 ) ) ;
#2478 = ORIENTED_EDGE ( 'NONE', *, *, #2500, .F. ) ;
#2479 = AXIS2_PLACEMENT_3D ( 'NONE', #2126, #1895, #336 ) ;
#2480 = FILL_AREA_STYLE_COLOUR ( '', #477 ) ;
#2481 = VERTEX_POINT ( 'NONE', #508 ) ;
#2482 = AXIS2_PLACEMENT_3D ( 'NONE', #2044, #1050, #482 ) ;
#2483 = ORIENTED_EDGE ( 'NONE', *, *, #819, .F. ) ;
#2484 = CARTESIAN_POINT ( 'NONE',  ( -0.5999999999999999778, 0.4800000000000000377, -2.032879073410320814E-17 ) ) ;
#2485 = DIRECTION ( 'NONE',  ( -1.000000000000000000, 0.0000000000000000000, -0.0000000000000000000 ) ) ;
#2486 = EDGE_CURVE ( 'NONE', #1469, #673, #1864, .T. ) ;
#2487 = ORIENTED_EDGE ( 'NONE', *, *, #1025, .T. ) ;
#2488 = CARTESIAN_POINT ( 'NONE',  ( -0.9414871761636545155, 0.4994440718121568312, 0.5300000000000000266 ) ) ;
#2489 = COLOUR_RGB ( '',0.9490196078431372140, 0.7960784313725489669, 0.4862745098039215619 ) ;
#2490 = CARTESIAN_POINT ( 'NONE',  ( -0.9011068073240929843, -0.5101914297301739509, 0.5500000000000000444 ) ) ;
#2491 = AXIS2_PLACEMENT_3D ( 'NONE', #463, #1399, #23 ) ;
#2492 = CARTESIAN_POINT ( 'NONE',  ( 0.8816784043380080371, 0.5799999999999999600, 0.5500000000000001554 ) ) ;
#2493 = FILL_AREA_STYLE ('',( #705 ) ) ;
#2494 = STYLED_ITEM ( 'NONE', ( #1808 ), #2031 ) ;
#2495 = CARTESIAN_POINT ( 'NONE',  ( 0.9165499434131090251, 0.4000000000000000222, 0.5559778258713750088 ) ) ;
#2496 = CARTESIAN_POINT ( 'NONE',  ( -0.9470820393249930191, -0.4000000000000000777, 0.5499999999999999334 ) ) ;
#2497 = EDGE_CURVE ( 'NONE', #213, #609, #875, .T. ) ;
#2498 = CARTESIAN_POINT ( 'NONE',  ( -0.8000000000000000444, 0.4800000000000002043, 0.6000000000000000888 ) ) ;
#2499 = CARTESIAN_POINT ( 'NONE',  ( -0.9000000000000001332, -0.5999999999999998668, 0.01350831853474634969 ) ) ;
#2500 = EDGE_CURVE ( 'NONE', #800, #622, #1675, .T. ) ;
#2501 = ORIENTED_EDGE ( 'NONE', *, *, #2504, .F. ) ;
#2502 = CARTESIAN_POINT ( 'NONE',  ( -0.8991662969499977232, -0.4000000000000000222, 0.5857142857142858539 ) ) ;
#2503 = ORIENTED_EDGE ( 'NONE', *, *, #112, .T. ) ;
#2504 = EDGE_CURVE ( 'NONE', #1942, #2379, #1640, .T. ) ;
#2505 = DIRECTION ( 'NONE',  ( -1.000000000000000000, -0.0000000000000000000, 0.0000000000000000000 ) ) ;
#2506 = PLANE ( 'NONE',  #1848 ) ;
#2507 = VERTEX_POINT ( 'NONE', #327 ) ;
#2508 = LINE ( 'NONE', #1315, #2355 ) ;
#2509 = CARTESIAN_POINT ( 'NONE',  ( -0.8000000000000000444, -0.5470820393249941072, 0.5499999999999999334 ) ) ;
#2510 = CYLINDRICAL_SURFACE ( 'NONE', #2151, 0.02000000000000005246 ) ;
#2511 = CARTESIAN_POINT ( 'NONE',  ( 0.4000000000000000222, -0.4800000000000000377, 0.0000000000000000000 ) ) ;
#2512 =( NAMED_UNIT ( * ) SI_UNIT ( $, .STERADIAN. ) SOLID_ANGLE_UNIT ( ) );
#2513 = SURFACE_SIDE_STYLE ('',( #700 ) ) ;
#2514 = CARTESIAN_POINT ( 'NONE',  ( 0.7999999999999999334, 0.4891814683630146265, 0.5999999999999999778 ) ) ;
#2515 = EDGE_CURVE ( 'NONE', #41, #369, #505, .T. ) ;
#2516 = CARTESIAN_POINT ( 'NONE',  ( 0.9000000000000001332, 0.5999999999999998668, 0.5364916814651947696 ) ) ;
#2517 = CARTESIAN_POINT ( 'NONE',  ( 0.7999999999999990452, -0.5348816143215759933, 0.5500000000000000444 ) ) ;
#2518 = STYLED_ITEM ( 'NONE', ( #1499 ), #13 ) ;
#2519 = DIRECTION ( 'NONE',  ( 0.0000000000000000000, 1.000000000000000000, 0.0000000000000000000 ) ) ;
#2520 = AXIS2_PLACEMENT_3D ( 'NONE', #1934, #1333, #2095 ) ;
#2521 = CARTESIAN_POINT ( 'NONE',  ( -0.8800000000000010036, 0.4800000000000000377, 0.1000000000000000056 ) ) ;
#2522 = CARTESIAN_POINT ( 'NONE',  ( 0.8895328856652632288, -0.5891514616414792460, 0.001101707727822274618 ) ) ;
#2523 = AXIS2_PLACEMENT_3D ( 'NONE', #636, #2229, #1801 ) ;
#2524 = STYLED_ITEM ( 'NONE', ( #1131 ), #1020 ) ;
#2525 = ORIENTED_EDGE ( 'NONE', *, *, #520, .T. ) ;
#2526 = SURFACE_SIDE_STYLE ('',( #1057 ) ) ;
#2527 = EDGE_LOOP ( 'NONE', ( #818, #378, #868, #2386 ) ) ;
#2528 = DIRECTION ( 'NONE',  ( -1.000000000000000000, 0.0000000000000000000, 0.0000000000000000000 ) ) ;
#2529 = AXIS2_PLACEMENT_3D ( 'NONE', #293, #1074, #2102 ) ;
#2530 =( NAMED_UNIT ( * ) PLANE_ANGLE_UNIT ( ) SI_UNIT ( $, .RADIAN. ) );
#2531 = DIRECTION ( 'NONE',  ( -0.7071067811865474617, 0.7071067811865474617, 0.0000000000000000000 ) ) ;
#2532 = CARTESIAN_POINT ( 'NONE',  ( 0.8744831386621000346, 0.4808121106518040144, 0.5857142857142859649 ) ) ;
#2533 = COLOUR_RGB ( '',0.9490196078431372140, 0.7960784313725489669, 0.4862745098039215619 ) ;
#2534 = ADVANCED_FACE ( 'NONE', ( #1656 ), #2081, .T. ) ;
#2535 = STYLED_ITEM ( 'NONE', ( #2324 ), #2065 ) ;
#2536 = CARTESIAN_POINT ( 'NONE',  ( 0.7999999999999990452, -0.4799999999999999822, 0.6000000000000000888 ) ) ;
#2537 = DIRECTION ( 'NONE',  ( 1.445602896647339903E-16, -1.000000000000000000, 0.0000000000000000000 ) ) ;
#2538 = DIRECTION ( 'NONE',  ( 0.0000000000000000000, 0.0000000000000000000, 1.000000000000000000 ) ) ;
#2539 = ORIENTED_EDGE ( 'NONE', *, *, #1866, .F. ) ;
#2540 = CARTESIAN_POINT ( 'NONE',  ( 0.8816784043380080371, -0.5800000000000009592, 0.0000000000000000000 ) ) ;
#2541 = DIRECTION ( 'NONE',  ( -1.445602896647339903E-16, -1.000000000000000000, 0.0000000000000000000 ) ) ;
#2542 = ORIENTED_EDGE ( 'NONE', *, *, #1335, .T. ) ;
#2543 = DIRECTION ( 'NONE',  ( 0.0000000000000000000, 1.000000000000000000, -0.0000000000000000000 ) ) ;
#2544 = CARTESIAN_POINT ( 'NONE',  ( -0.8917205379700793300, -0.6010205401045038975, 0.5500000000000004885 ) ) ;
#2545 = CARTESIAN_POINT ( 'NONE',  ( -0.7999999999999990452, 0.5165499434131090029, 0.5559778258713740096 ) ) ;
#2546 = CARTESIAN_POINT ( 'NONE',  ( -0.8800000000000010036, 0.4800000000000000377, 0.0000000000000000000 ) ) ;
#2547 = DIRECTION ( 'NONE',  ( -0.0000000000000000000, 1.000000000000000000, 0.0000000000000000000 ) ) ;
#2548 = ADVANCED_FACE ( 'NONE', ( #1258 ), #906, .T. ) ;
#2549 = LINE ( 'NONE', #170, #2028 ) ;
#2550 = VERTEX_POINT ( 'NONE', #556 ) ;
#2551 = DIRECTION ( 'NONE',  ( 0.0000000000000000000, 1.000000000000000000, 0.0000000000000000000 ) ) ;
#2552 = CARTESIAN_POINT ( 'NONE',  ( 0.8928276414163669461, -0.4851852221343129767, 0.5581628751257220467 ) ) ;
#2553 = EDGE_CURVE ( 'NONE', #173, #1408, #960, .T. ) ;
#2554 =( BOUNDED_SURFACE ( )  B_SPLINE_SURFACE ( 3, 3, ( 
 ( #2285, #1063, #496, #671 ),
 ( #2085, #1093, #1194, #1401 ),
 ( #11, #1993, #438, #658 ),
 ( #812, #1245, #51, #235 ) ),
 .UNSPECIFIED., .F., .F., .T. ) 
 B_SPLINE_SURFACE_WITH_KNOTS ( ( 4, 4 ),
 ( 4, 4 ),
 ( 0.0000000000000000000, 1.000000000000000000 ),
 ( 0.0000000000000000000, 1.000000000000000000 ),
 .UNSPECIFIED. ) 
 GEOMETRIC_REPRESENTATION_ITEM ( )  RATIONAL_B_SPLINE_SURFACE ( (
 ( 1.000000000000000000, 0.8002741005225374460, 0.8002741005225374460, 1.000000000000000000),
 ( 0.8047378541243592753, 0.6440108623658086229, 0.6440108623658086229, 0.8047378541243592753),
 ( 0.8047378541243592753, 0.6440108623658086229, 0.6440108623658086229, 0.8047378541243592753),
 ( 1.000000000000000000, 0.8002741005225374460, 0.8002741005225374460, 1.000000000000000000) ) ) 
 REPRESENTATION_ITEM ( '' )  SURFACE ( )  );
#2555 = ORIENTED_EDGE ( 'NONE', *, *, #2426, .T. ) ;
#2556 = DIRECTION ( 'NONE',  ( 0.0000000000000000000, -1.000000000000000000, 0.0000000000000000000 ) ) ;
#2557 = CARTESIAN_POINT ( 'NONE',  ( -0.9000000000000001332, -0.5999999999999998668, 0.5300000000000001377 ) ) ;
#2558 = CARTESIAN_POINT ( 'NONE',  ( -0.9297846113963852410, -0.4793328861745879133, 0.5500000000000001554 ) ) ;
#2559 = CARTESIAN_POINT ( 'NONE',  ( -0.8000000000000000444, -0.5348816143215759933, 0.5500000000000000444 ) ) ;
#2560 =( LENGTH_UNIT ( ) NAMED_UNIT ( * ) SI_UNIT ( .MILLI., .METRE. ) );
#2561 = DIRECTION ( 'NONE',  ( 0.0000000000000000000, 0.0000000000000000000, 1.000000000000000000 ) ) ;
#2562 = ORIENTED_EDGE ( 'NONE', *, *, #919, .F. ) ;
#2563 = CARTESIAN_POINT ( 'NONE',  ( 0.4000000000000000222, 0.4800000000000000377, 0.1000000000000000056 ) ) ;
#2564 = LINE ( 'NONE', #753, #2058 ) ;
#2565 = LINE ( 'NONE', #754, #2231 ) ;
#2566 = ORIENTED_EDGE ( 'NONE', *, *, #1184, .T. ) ;
#2567 = MECHANICAL_DESIGN_GEOMETRIC_PRESENTATION_REPRESENTATION (  '', ( #752 ), #968 ) ;
#2568 = CARTESIAN_POINT ( 'NONE',  ( -0.5999999999999999778, 0.4800000000000000377, 0.1000000000000000056 ) ) ;
#2569 = ADVANCED_FACE ( 'NONE', ( #154 ), #1312, .T. ) ;
#2570 = FACE_OUTER_BOUND ( 'NONE', #725, .T. ) ;
#2571 = PRESENTATION_LAYER_ASSIGNMENT (  '', '', ( #716 ) ) ;
#2572 = CARTESIAN_POINT ( 'NONE',  ( -0.8911137459656730542, -0.5366398151225019175, 0.5500000000000004885 ) ) ;
#2573 = B_SPLINE_CURVE_WITH_KNOTS ( 'NONE', 3,
 ( #1006, #1645, #1249, #1444, #2242, #2266 ),
 .UNSPECIFIED., .F., .F.,
 ( 4, 2, 4 ),
 ( 0.0000000000000000000, 0.5000000000000000000, 1.000000000000000000 ),
 .UNSPECIFIED. ) ;
#2574 =( BOUNDED_SURFACE ( )  B_SPLINE_SURFACE ( 3, 3, ( 
 ( #1575, #2162, #2200, #1162 ),
 ( #2388, #1197, #742, #1542 ),
 ( #775, #2582, #1358, #1955 ),
 ( #2349, #2365, #2172, #593 ) ),
 .UNSPECIFIED., .F., .F., .F. ) 
 B_SPLINE_SURFACE_WITH_KNOTS ( ( 4, 4 ),
 ( 4, 4 ),
 ( 0.0000000000000000000, 1.000000000000000000 ),
 ( 0.0000000000000000000, 1.000000000000000000 ),
 .UNSPECIFIED. ) 
 GEOMETRIC_REPRESENTATION_ITEM ( )  RATIONAL_B_SPLINE_SURFACE ( (
 ( 1.000000000000000000, 0.8047378541243676020, 0.8047378541243676020, 1.000000000000000000),
 ( 0.8678558171581816083, 0.6983964279892246330, 0.6983964279892246330, 0.8678558171581816083),
 ( 0.8678558171581816083, 0.6983964279892246330, 0.6983964279892246330, 0.8678558171581816083),
 ( 1.000000000000000000, 0.8047378541243676020, 0.8047378541243676020, 1.000000000000000000) ) ) 
 REPRESENTATION_ITEM ( '' )  SURFACE ( )  );
#2575 = STYLED_ITEM ( 'NONE', ( #610 ), #1222 ) ;
#2576 = VECTOR ( 'NONE', #2171, 1000.000000000000000 ) ;
#2577 = CARTESIAN_POINT ( 'NONE',  ( 0.7999999999999989342, -0.4991662969499981450, 0.5857142857142858539 ) ) ;
#2578 = ORIENTED_EDGE ( 'NONE', *, *, #1187, .F. ) ;
#2579 = AXIS2_PLACEMENT_3D ( 'NONE', #1899, #302, #127 ) ;
#2580 = STYLED_ITEM ( 'NONE', ( #2413 ), #1700 ) ;
#2581 = SURFACE_STYLE_FILL_AREA ( #1758 ) ;
#2582 = CARTESIAN_POINT ( 'NONE',  ( -0.8965430202748502220, -0.4565535919245466423, 0.5945130231684132571 ) ) ;
#2583 = ORIENTED_EDGE ( 'NONE', *, *, #565, .T. ) ;
#2584 = CARTESIAN_POINT ( 'NONE',  ( 0.8302933750962900872, -0.5017806737364449710, 0.5769453993943479686 ) ) ;
#2585 = VECTOR ( 'NONE', #1790, 1000.000000000000000 ) ;
#2586 = ORIENTED_EDGE ( 'NONE', *, *, #1608, .T. ) ;
#2587 = FACE_OUTER_BOUND ( 'NONE', #2004, .T. ) ;
#2588 = SURFACE_STYLE_FILL_AREA ( #1569 ) ;
#2589 = CARTESIAN_POINT ( 'NONE',  ( 0.9000000000000001332, -0.6003534934506572496, 0.5422924375439319711 ) ) ;
ENDSEC;
END-ISO-10303-21;
