ISO-10303-21;
HEADER;
FILE_DESCRIPTION (( 'STEP AP214' ),
    '1' );
FILE_NAME ('679FD64C-DE5A-4F5D-BB7C-A0F57AD8FF64.STEP',
    '2026-09-13T21:54:35',
    ( '' ),
    ( '' ),
    'SwSTEP 2.0',
    'SolidWorks 2022',
    '' );
FILE_SCHEMA (( 'AUTOMOTIVE_DESIGN' ));
ENDSEC;

DATA;
#1 =( NAMED_UNIT ( * ) SI_UNIT ( $, .STERADIAN. ) SOLID_ANGLE_UNIT ( ) );
#2 = DIRECTION ( 'NONE',  ( 0.0000000000000000000, 0.0000000000000000000, -1.000000000000000000 ) ) ;
#3 = LINE ( 'NONE', #808, #906 ) ;
#4 = LINE ( 'NONE', #609, #1066 ) ;
#5 = EDGE_CURVE ( 'NONE', #934, #2208, #1420, .T. ) ;
#6 = DIRECTION ( 'NONE',  ( 0.0000000000000000000, 0.0000000000000000000, 1.000000000000000000 ) ) ;
#7 =( LENGTH_UNIT ( ) NAMED_UNIT ( * ) SI_UNIT ( .CENTI., .METRE. ) );
#8 = EDGE_CURVE ( 'NONE', #1708, #438, #38, .T. ) ;
#9 = VERTEX_POINT ( 'NONE', #2028 ) ;
#10 = VERTEX_POINT ( 'NONE', #2461 ) ;
#11 = CARTESIAN_POINT ( 'NONE',  ( 0.1000000000000000056, 0.0000000000000000000, 0.08000000000000000167 ) ) ;
#12 = CLOSED_SHELL ( 'NONE', ( #2506, #1337, #912, #1110, #432, #2029, #1666 ) ) ;
#13 =( BOUNDED_SURFACE ( )  B_SPLINE_SURFACE ( 3, 3, ( 
 ( #1309, #351, #542, #1727 ),
 ( #1744, #929, #1714, #2553 ),
 ( #722, #1510, #2321, #751 ),
 ( #526, #1542, #2537, #2497 ) ),
 .UNSPECIFIED., .F., .F., .F. ) 
 B_SPLINE_SURFACE_WITH_KNOTS ( ( 4, 4 ),
 ( 4, 4 ),
 ( 0.0000000000000000000, 1.000000000000000000 ),
 ( 0.0000000000000000000, 1.000000000000000000 ),
 .UNSPECIFIED. ) 
 GEOMETRIC_REPRESENTATION_ITEM ( )  RATIONAL_B_SPLINE_SURFACE ( (
 ( 1.000000000000000000, 0.3333333333333334259, 0.3333333333333334259, 1.000000000000000000),
 ( 0.8047378541243608296, 0.2682459513747870172, 0.2682459513747870172, 0.8047378541243608296),
 ( 0.8047378541243608296, 0.2682459513747870172, 0.2682459513747870172, 0.8047378541243608296),
 ( 1.000000000000000000, 0.3333333333333334259, 0.3333333333333334259, 1.000000000000000000) ) ) 
 REPRESENTATION_ITEM ( '' )  SURFACE ( )  );
#14 = CARTESIAN_POINT ( 'NONE',  ( 0.08499999798834320663, 0.07000000000000000666, 0.05999999843537810046 ) ) ;
#15 = AXIS2_PLACEMENT_3D ( 'NONE', #996, #2322, #527 ) ;
#16 = CARTESIAN_POINT ( 'NONE',  ( -0.1000000000000000056, 0.02999999999999999889, 0.0000000000000000000 ) ) ;
#17 = SURFACE_STYLE_FILL_AREA ( #1811 ) ;
#18 = DIRECTION ( 'NONE',  ( 0.0000000000000000000, 0.0000000000000000000, 1.000000000000000000 ) ) ;
#19 = STYLED_ITEM ( 'NONE', ( #1324 ), #602 ) ;
#20 = DIRECTION ( 'NONE',  ( 0.0000000000000000000, -1.000000000000000000, 0.0000000000000000000 ) ) ;
#21 =( NAMED_UNIT ( * ) SI_UNIT ( $, .STERADIAN. ) SOLID_ANGLE_UNIT ( ) );
#22 = DIRECTION ( 'NONE',  ( 0.0000000000000000000, 1.000000000000000000, 0.0000000000000000000 ) ) ;
#23 = STYLED_ITEM ( 'NONE', ( #1507 ), #708 ) ;
#24 = ORIENTED_EDGE ( 'NONE', *, *, #2325, .F. ) ;
#25 = VECTOR ( 'NONE', #565, 100.0000000000000000 ) ;
#26 = CARTESIAN_POINT ( 'NONE',  ( 0.08999999999999999667, 0.02999999999999999889, 0.08000000000000000167 ) ) ;
#27 = EDGE_CURVE ( 'NONE', #1910, #1164, #1393, .T. ) ;
#28 = ORIENTED_EDGE ( 'NONE', *, *, #1516, .F. ) ;
#29 = AXIS2_PLACEMENT_3D ( 'NONE', #359, #2505, #1712 ) ;
#30 = FILL_AREA_STYLE_COLOUR ( '', #1481 ) ;
#31 =( GEOMETRIC_REPRESENTATION_CONTEXT ( 3 ) GLOBAL_UNCERTAINTY_ASSIGNED_CONTEXT ( ( #2228 ) ) GLOBAL_UNIT_ASSIGNED_CONTEXT ( ( #610, #800, #2017 ) ) REPRESENTATION_CONTEXT ( 'NONE', 'WORKASPACE' ) );
#32 = AXIS2_PLACEMENT_3D ( 'NONE', #1867, #505, #850 ) ;
#33 = CIRCLE ( 'NONE', #2330, 0.005000000000000002706 ) ;
#34 = CARTESIAN_POINT ( 'NONE',  ( 0.05999999865889549949, 0.0000000000000000000, -0.08000000000000000167 ) ) ;
#35 = CARTESIAN_POINT ( 'NONE',  ( -0.05999999865889549949, -0.0001000000000000000183, -0.08000000000000000167 ) ) ;
#36 = SURFACE_STYLE_FILL_AREA ( #1600 ) ;
#37 = LINE ( 'NONE', #1000, #2376 ) ;
#38 = LINE ( 'NONE', #2229, #1465 ) ;
#39 = DIRECTION ( 'NONE',  ( 0.0000000000000000000, -1.000000000000000000, 0.0000000000000000000 ) ) ;
#40 = EDGE_LOOP ( 'NONE', ( #1377, #2079, #1965, #2577 ) ) ;
#41 = LINE ( 'NONE', #1387, #2050 ) ;
#42 = ORIENTED_EDGE ( 'NONE', *, *, #2142, .T. ) ;
#43 = EDGE_CURVE ( 'NONE', #963, #826, #1890, .T. ) ;
#44 = LINE ( 'NONE', #2233, #1039 ) ;
#45 = CARTESIAN_POINT ( 'NONE',  ( 0.07999999932944780456, 0.0000000000000000000, 0.08000000000000000167 ) ) ;
#46 =( NAMED_UNIT ( * ) PLANE_ANGLE_UNIT ( ) SI_UNIT ( $, .RADIAN. ) );
#47 = DIRECTION ( 'NONE',  ( 0.0000000000000000000, -1.000000000000000000, 0.0000000000000000000 ) ) ;
#48 = UNCERTAINTY_MEASURE_WITH_UNIT (LENGTH_MEASURE( 1.000000000000000082E-05 ), #1858, 'distance_accuracy_value', 'NONE');
#49 = EDGE_LOOP ( 'NONE', ( #135, #867, #1532, #2056 ) ) ;
#50 = ORIENTED_EDGE ( 'NONE', *, *, #2194, .F. ) ;
#51 = VERTEX_POINT ( 'NONE', #216 ) ;
#52 = DIRECTION ( 'NONE',  ( 0.0000000000000000000, 0.0000000000000000000, 1.000000000000000000 ) ) ;
#53 = EDGE_CURVE ( 'NONE', #1208, #2256, #1349, .T. ) ;
#54 = CARTESIAN_POINT ( 'NONE',  ( 0.05999999865889549949, -0.0001000000000000000183, -0.01999999955296519888 ) ) ;
#55 = ADVANCED_FACE ( 'NONE', ( #1817 ), #435, .F. ) ;
#56 = EDGE_LOOP ( 'NONE', ( #1099, #1346, #2363 ) ) ;
#57 = DIRECTION ( 'NONE',  ( -1.000000000000000000, -0.0000000000000000000, 0.0000000000000000000 ) ) ;
#58 =( GEOMETRIC_REPRESENTATION_CONTEXT ( 3 ) GLOBAL_UNCERTAINTY_ASSIGNED_CONTEXT ( ( #1148 ) ) GLOBAL_UNIT_ASSIGNED_CONTEXT ( ( #723, #1543, #1528 ) ) REPRESENTATION_CONTEXT ( 'NONE', 'WORKASPACE' ) );
#59 =( NAMED_UNIT ( * ) SI_UNIT ( $, .STERADIAN. ) SOLID_ANGLE_UNIT ( ) );
#60 = SURFACE_STYLE_USAGE ( .BOTH. , #86 ) ;
#61 = DIRECTION ( 'NONE',  ( 0.0000000000000000000, 0.0000000000000000000, 1.000000000000000000 ) ) ;
#62 = ORIENTED_EDGE ( 'NONE', *, *, #1488, .T. ) ;
#63 = DIRECTION ( 'NONE',  ( -0.0000000000000000000, 0.0000000000000000000, -1.000000000000000000 ) ) ;
#64 = VECTOR ( 'NONE', #444, 100.0000000000000000 ) ;
#65 = ORIENTED_EDGE ( 'NONE', *, *, #1850, .T. ) ;
#66 = DIRECTION ( 'NONE',  ( 0.0000000000000000000, 1.000000000000000000, 0.0000000000000000000 ) ) ;
#67 = CARTESIAN_POINT ( 'NONE',  ( 0.1000000000000000056, 0.02999999999999999889, 0.0000000000000000000 ) ) ;
#68 =( GEOMETRIC_REPRESENTATION_CONTEXT ( 3 ) GLOBAL_UNCERTAINTY_ASSIGNED_CONTEXT ( ( #2118 ) ) GLOBAL_UNIT_ASSIGNED_CONTEXT ( ( #1626, #630, #191 ) ) REPRESENTATION_CONTEXT ( 'NONE', 'WORKASPACE' ) );
#69 =( GEOMETRIC_REPRESENTATION_CONTEXT ( 3 ) GLOBAL_UNCERTAINTY_ASSIGNED_CONTEXT ( ( #2566 ) ) GLOBAL_UNIT_ASSIGNED_CONTEXT ( ( #2357, #604, #397 ) ) REPRESENTATION_CONTEXT ( 'NONE', 'WORKASPACE' ) );
#70 = CARTESIAN_POINT ( 'NONE',  ( 0.08999999999999999667, 0.0000000000000000000, -0.08000000000000000167 ) ) ;
#71 = STYLED_ITEM ( 'NONE', ( #2539 ), #1517 ) ;
#72 = EDGE_CURVE ( 'NONE', #320, #891, #1184, .T. ) ;
#73 =( LENGTH_UNIT ( ) NAMED_UNIT ( * ) SI_UNIT ( .CENTI., .METRE. ) );
#74 = VECTOR ( 'NONE', #558, 100.0000000000000000 ) ;
#75 = LINE ( 'NONE', #2486, #1409 ) ;
#76 = FILL_AREA_STYLE ('',( #1477 ) ) ;
#77 = DIRECTION ( 'NONE',  ( 0.0000000000000000000, 0.0000000000000000000, -1.000000000000000000 ) ) ;
#78 = AXIS2_PLACEMENT_3D ( 'NONE', #239, #2386, #585 ) ;
#79 = ORIENTED_EDGE ( 'NONE', *, *, #518, .F. ) ;
#80 = AXIS2_PLACEMENT_3D ( 'NONE', #965, #987, #546 ) ;
#81 = ORIENTED_EDGE ( 'NONE', *, *, #1782, .T. ) ;
#82 = DIRECTION ( 'NONE',  ( -0.0000000000000000000, -1.000000000000000000, -0.0000000000000000000 ) ) ;
#83 = CARTESIAN_POINT ( 'NONE',  ( -0.06499999854713679748, 0.06875000000000000555, 0.03749999899417159194 ) ) ;
#84 = LINE ( 'NONE', #710, #1606 ) ;
#85 = CARTESIAN_POINT ( 'NONE',  ( 0.08999999999999999667, 0.0000000000000000000, 0.08000000000000000167 ) ) ;
#86 = SURFACE_SIDE_STYLE ('',( #1085 ) ) ;
#87 = CARTESIAN_POINT ( 'NONE',  ( -0.07999999932944780456, 0.0000000000000000000, -0.01999999999999999695 ) ) ;
#88 = EDGE_CURVE ( 'NONE', #228, #1518, #825, .T. ) ;
#89 = CARTESIAN_POINT ( 'NONE',  ( 0.09999999776482580705, 0.0000000000000000000, 0.01999999955296519888 ) ) ;
#90 = ORIENTED_EDGE ( 'NONE', *, *, #1322, .F. ) ;
#91 =( NAMED_UNIT ( * ) SI_UNIT ( $, .STERADIAN. ) SOLID_ANGLE_UNIT ( ) );
#92 = ORIENTED_EDGE ( 'NONE', *, *, #1288, .F. ) ;
#93 = EDGE_CURVE ( 'NONE', #381, #9, #1143, .T. ) ;
#94 =( NAMED_UNIT ( * ) SI_UNIT ( $, .STERADIAN. ) SOLID_ANGLE_UNIT ( ) );
#95 = SURFACE_SIDE_STYLE ('',( #288 ) ) ;
#96 = DIRECTION ( 'NONE',  ( -1.000000000000000000, 0.0000000000000000000, -0.0000000000000000000 ) ) ;
#97 = CARTESIAN_POINT ( 'NONE',  ( -0.05999999865889549949, -0.0001000000000000000183, -0.01999999999999999695 ) ) ;
#98 = COLOUR_RGB ( '',0.8156862745098039102, 0.8156862745098039102, 0.8156862745098039102 ) ;
#99 = CARTESIAN_POINT ( 'NONE',  ( 0.07999999798834320219, 0.07000000000000000666, 0.05999999843537810046 ) ) ;
#100 = CARTESIAN_POINT ( 'NONE',  ( -0.1000000000000000056, -0.0001000000000000000183, 0.07000000000000000666 ) ) ;
#101 = VECTOR ( 'NONE', #837, 100.0000000000000000 ) ;
#102 = CIRCLE ( 'NONE', #521, 0.01000000000000000541 ) ;
#103 = EDGE_CURVE ( 'NONE', #652, #988, #2152, .T. ) ;
#104 = PLANE ( 'NONE',  #2294 ) ;
#105 = ORIENTED_EDGE ( 'NONE', *, *, #2463, .F. ) ;
#106 = SURFACE_STYLE_USAGE ( .BOTH. , #2530 ) ;
#107 = PRESENTATION_LAYER_ASSIGNMENT (  '', '', ( #1991 ) ) ;
#108 = VECTOR ( 'NONE', #1248, 100.0000000000000000 ) ;
#109 = CARTESIAN_POINT ( 'NONE',  ( -0.08249999854713681302, 0.07000000000000000666, 0.05374999899417159943 ) ) ;
#110 = CARTESIAN_POINT ( 'NONE',  ( 0.08999999798834321107, 0.06500000000000000222, 0.06499999843537809796 ) ) ;
#111 = CIRCLE ( 'NONE', #827, 0.005000000000000002706 ) ;
#112 = FACE_OUTER_BOUND ( 'NONE', #2195, .T. ) ;
#113 = CARTESIAN_POINT ( 'NONE',  ( 0.07999999798834320219, 0.06500000000000000222, 0.05999999843537810046 ) ) ;
#114 = DIRECTION ( 'NONE',  ( 0.0000000000000000000, 0.0000000000000000000, 1.000000000000000000 ) ) ;
#115 = DIRECTION ( 'NONE',  ( -2.312964617402810242E-16, 0.0000000000000000000, -1.000000000000000000 ) ) ;
#116 = EDGE_LOOP ( 'NONE', ( #2524, #1015, #718, #520 ) ) ;
#117 = COLOUR_RGB ( '',0.8156862745098039102, 0.8156862745098039102, 0.8156862745098039102 ) ;
#118 = ORIENTED_EDGE ( 'NONE', *, *, #1010, .T. ) ;
#119 = CIRCLE ( 'NONE', #1701, 0.009999999999999982861 ) ;
#120 = FILL_AREA_STYLE_COLOUR ( '', #1247 ) ;
#121 = ORIENTED_EDGE ( 'NONE', *, *, #2542, .T. ) ;
#122 = FILL_AREA_STYLE_COLOUR ( '', #2036 ) ;
#123 = DIRECTION ( 'NONE',  ( -1.000000000000000000, 0.0000000000000000000, -0.0000000000000000000 ) ) ;
#124 = PRESENTATION_LAYER_ASSIGNMENT (  '', '', ( #1619 ) ) ;
#125 = EDGE_CURVE ( 'NONE', #2292, #2256, #1804, .T. ) ;
#126 = DIRECTION ( 'NONE',  ( 0.0000000000000000000, 1.000000000000000000, -0.0000000000000000000 ) ) ;
#127 =( NAMED_UNIT ( * ) PLANE_ANGLE_UNIT ( ) SI_UNIT ( $, .RADIAN. ) );
#128 = LINE ( 'NONE', #506, #2571 ) ;
#129 = FACE_OUTER_BOUND ( 'NONE', #882, .T. ) ;
#130 = FILL_AREA_STYLE_COLOUR ( '', #2469 ) ;
#131 = UNCERTAINTY_MEASURE_WITH_UNIT (LENGTH_MEASURE( 1.000000000000000082E-05 ), #707, 'distance_accuracy_value', 'NONE');
#132 = ORIENTED_EDGE ( 'NONE', *, *, #2088, .T. ) ;
#133 = ORIENTED_EDGE ( 'NONE', *, *, #1782, .F. ) ;
#134 = FILL_AREA_STYLE_COLOUR ( '', #166 ) ;
#135 = ORIENTED_EDGE ( 'NONE', *, *, #828, .T. ) ;
#136 = CARTESIAN_POINT ( 'NONE',  ( -0.1000000000000000056, 0.02999999999999999889, -0.07000000000000000666 ) ) ;
#137 = CARTESIAN_POINT ( 'NONE',  ( 0.08999999999999999667, 0.05999999999999999778, -0.08000000000000000167 ) ) ;
#138 = ADVANCED_FACE ( 'NONE', ( #713 ), #492, .F. ) ;
#139 = CARTESIAN_POINT ( 'NONE',  ( -0.1000000000000000056, 0.0000000000000000000, 0.08000000000000000167 ) ) ;
#140 = FACE_OUTER_BOUND ( 'NONE', #2230, .T. ) ;
#141 = DIRECTION ( 'NONE',  ( 1.000000000000000000, 0.0000000000000000000, -0.0000000000000000000 ) ) ;
#142 = EDGE_CURVE ( 'NONE', #1222, #704, #814, .T. ) ;
#143 = LINE ( 'NONE', #2144, #1813 ) ;
#144 = VECTOR ( 'NONE', #2254, 100.0000000000000000 ) ;
#145 = SURFACE_SIDE_STYLE ('',( #2523 ) ) ;
#146 = VERTEX_POINT ( 'NONE', #2261 ) ;
#147 = ORIENTED_EDGE ( 'NONE', *, *, #2177, .F. ) ;
#148 = CARTESIAN_POINT ( 'NONE',  ( -0.08499999798834320663, 0.06500000000000000222, 0.06499999843537809796 ) ) ;
#149 = VECTOR ( 'NONE', #2235, 100.0000000000000000 ) ;
#150 = ORIENTED_EDGE ( 'NONE', *, *, #549, .F. ) ;
#151 = DIRECTION ( 'NONE',  ( -0.0000000000000000000, -0.0000000000000000000, -1.000000000000000000 ) ) ;
#152 = SURFACE_STYLE_FILL_AREA ( #750 ) ;
#153 = EDGE_LOOP ( 'NONE', ( #281, #780, #1933, #307 ) ) ;
#154 = FACE_OUTER_BOUND ( 'NONE', #2180, .T. ) ;
#155 = FILL_AREA_STYLE ('',( #1745 ) ) ;
#156 = PRESENTATION_LAYER_ASSIGNMENT (  '', '', ( #650 ) ) ;
#157 = ADVANCED_FACE ( 'NONE', ( #1880 ), #1070, .F. ) ;
#158 = CARTESIAN_POINT ( 'NONE',  ( -0.08999999999999999667, 0.05999999999999999778, -0.08000000000000000167 ) ) ;
#159 = ORIENTED_EDGE ( 'NONE', *, *, #1472, .T. ) ;
#160 = VECTOR ( 'NONE', #1731, 100.0000000000000000 ) ;
#161 = ORIENTED_EDGE ( 'NONE', *, *, #2379, .T. ) ;
#162 = CARTESIAN_POINT ( 'NONE',  ( -0.08499999798834320663, 0.05999999999999999778, -0.06999999843537810240 ) ) ;
#163 = FACE_OUTER_BOUND ( 'NONE', #547, .T. ) ;
#164 = CIRCLE ( 'NONE', #78, 0.01000000000000000541 ) ;
#165 = AXIS2_PLACEMENT_3D ( 'NONE', #1495, #2302, #322 ) ;
#166 = COLOUR_RGB ( '',0.9529411764705881804, 0.8980392156862745390, 0.6549019607843137303 ) ;
#167 = LINE ( 'NONE', #1509, #612 ) ;
#168 =( NAMED_UNIT ( * ) PLANE_ANGLE_UNIT ( ) SI_UNIT ( $, .RADIAN. ) );
#169 = EDGE_LOOP ( 'NONE', ( #1657, #1968, #132, #427 ) ) ;
#170 = APPLICATION_CONTEXT ( 'automotive_design' ) ;
#171 = PRESENTATION_STYLE_ASSIGNMENT (( #1168 ) ) ;
#172 = DIRECTION ( 'NONE',  ( 0.0000000000000000000, 0.0000000000000000000, 1.000000000000000000 ) ) ;
#173 =( NAMED_UNIT ( * ) PLANE_ANGLE_UNIT ( ) SI_UNIT ( $, .RADIAN. ) );
#174 = EDGE_CURVE ( 'NONE', #495, #188, #1311, .T. ) ;
#175 = ORIENTED_EDGE ( 'NONE', *, *, #2048, .F. ) ;
#176 = ORIENTED_EDGE ( 'NONE', *, *, #333, .F. ) ;
#177 = CARTESIAN_POINT ( 'NONE',  ( -0.08999999798834321107, 0.06500000000000000222, 0.06499999843537809796 ) ) ;
#178 = EDGE_CURVE ( 'NONE', #936, #10, #2115, .T. ) ;
#179 = ORIENTED_EDGE ( 'NONE', *, *, #142, .F. ) ;
#180 = SURFACE_STYLE_USAGE ( .BOTH. , #1223 ) ;
#181 = CARTESIAN_POINT ( 'NONE',  ( 0.08999999798834319720, 0.06500000000000000222, -0.06499999843537809796 ) ) ;
#182 = ORIENTED_EDGE ( 'NONE', *, *, #631, .F. ) ;
#183 =( LENGTH_UNIT ( ) NAMED_UNIT ( * ) SI_UNIT ( .CENTI., .METRE. ) );
#184 = SURFACE_STYLE_FILL_AREA ( #155 ) ;
#185 = CARTESIAN_POINT ( 'NONE',  ( -0.08249999854713679914, 0.07000000000000002054, 0.05374999899417159943 ) ) ;
#186 = ORIENTED_EDGE ( 'NONE', *, *, #1946, .F. ) ;
#187 = FACE_OUTER_BOUND ( 'NONE', #1784, .T. ) ;
#188 = VERTEX_POINT ( 'NONE', #1919 ) ;
#189 = DIRECTION ( 'NONE',  ( 0.0000000000000000000, 0.0000000000000000000, 1.000000000000000000 ) ) ;
#190 = EDGE_CURVE ( 'NONE', #1149, #1208, #701, .T. ) ;
#191 =( NAMED_UNIT ( * ) SI_UNIT ( $, .STERADIAN. ) SOLID_ANGLE_UNIT ( ) );
#192 = ORIENTED_EDGE ( 'NONE', *, *, #287, .F. ) ;
#193 = FACE_OUTER_BOUND ( 'NONE', #2219, .T. ) ;
#194 =( GEOMETRIC_REPRESENTATION_CONTEXT ( 3 ) GLOBAL_UNCERTAINTY_ASSIGNED_CONTEXT ( ( #2600 ) ) GLOBAL_UNIT_ASSIGNED_CONTEXT ( ( #1957, #168, #2362 ) ) REPRESENTATION_CONTEXT ( 'NONE', 'WORKASPACE' ) );
#195 = CARTESIAN_POINT ( 'NONE',  ( 0.05999999865889549949, -0.0001000000000000000183, 0.01999999955296519888 ) ) ;
#196 = DIRECTION ( 'NONE',  ( 0.0000000000000000000, 0.0000000000000000000, -1.000000000000000000 ) ) ;
#197 = VECTOR ( 'NONE', #126, 100.0000000000000000 ) ;
#198 = DIRECTION ( 'NONE',  ( 0.0000000000000000000, 0.0000000000000000000, 1.000000000000000000 ) ) ;
#199 = VERTEX_POINT ( 'NONE', #2299 ) ;
#200 = ORIENTED_EDGE ( 'NONE', *, *, #739, .T. ) ;
#201 = MECHANICAL_DESIGN_GEOMETRIC_PRESENTATION_REPRESENTATION (  '', ( #2453 ), #69 ) ;
#202 = ORIENTED_EDGE ( 'NONE', *, *, #88, .T. ) ;
#203 = CARTESIAN_POINT ( 'NONE',  ( 0.1000000000000000056, 0.0000000000000000000, -0.07000000000000000666 ) ) ;
#204 = PRESENTATION_LAYER_ASSIGNMENT (  '', '', ( #1404 ) ) ;
#205 = VECTOR ( 'NONE', #115, 100.0000000000000000 ) ;
#206 = STYLED_ITEM ( 'NONE', ( #2114 ), #1711 ) ;
#207 = EDGE_CURVE ( 'NONE', #1910, #1503, #128, .T. ) ;
#208 = VECTOR ( 'NONE', #1592, 100.0000000000000000 ) ;
#209 = VECTOR ( 'NONE', #1482, 100.0000000000000000 ) ;
#210 = PRODUCT_CONTEXT ( 'NONE', #170, 'mechanical' ) ;
#211 = SURFACE_STYLE_USAGE ( .BOTH. , #2234 ) ;
#212 = EDGE_CURVE ( 'NONE', #383, #1633, #143, .T. ) ;
#213 = PLANE ( 'NONE',  #899 ) ;
#214 = CARTESIAN_POINT ( 'NONE',  ( 0.07999999932944780456, 0.0000000000000000000, 0.04999999977648259680 ) ) ;
#215 =( LENGTH_UNIT ( ) NAMED_UNIT ( * ) SI_UNIT ( .CENTI., .METRE. ) );
#216 = CARTESIAN_POINT ( 'NONE',  ( -0.07999999798834320219, 0.06500000000000000222, 0.06499999843537811184 ) ) ;
#217 = EDGE_LOOP ( 'NONE', ( #757, #1457, #1411, #387 ) ) ;
#218 = ORIENTED_EDGE ( 'NONE', *, *, #2478, .F. ) ;
#219 = DIRECTION ( 'NONE',  ( 0.0000000000000000000, 0.0000000000000000000, 1.000000000000000000 ) ) ;
#220 = DIRECTION ( 'NONE',  ( -0.0000000000000000000, -1.000000000000000000, -0.0000000000000000000 ) ) ;
#221 = DIRECTION ( 'NONE',  ( -0.0000000000000000000, 1.000000000000000000, -0.0000000000000000000 ) ) ;
#222 = DIRECTION ( 'NONE',  ( 0.0000000000000000000, -1.000000000000000000, 0.0000000000000000000 ) ) ;
#223 = EDGE_CURVE ( 'NONE', #2273, #2511, #1169, .T. ) ;
#224 = CARTESIAN_POINT ( 'NONE',  ( -0.08499999798834320663, 0.06500000000000000222, 0.06999999843537810240 ) ) ;
#225 = CARTESIAN_POINT ( 'NONE',  ( -0.05999999865889549949, 0.0000000000000000000, 0.08000000000000000167 ) ) ;
#226 = CARTESIAN_POINT ( 'NONE',  ( -0.07999999798834320219, 0.06500000000000000222, -0.05999999843537810046 ) ) ;
#227 = CARTESIAN_POINT ( 'NONE',  ( 0.1000000000000000056, 0.02999999999999999889, 0.06999999999999999278 ) ) ;
#228 = VERTEX_POINT ( 'NONE', #1369 ) ;
#229 = PRESENTATION_LAYER_ASSIGNMENT (  '', '', ( #982 ) ) ;
#230 = VECTOR ( 'NONE', #1132, 100.0000000000000000 ) ;
#231 = DIRECTION ( 'NONE',  ( 0.0000000000000000000, 0.0000000000000000000, -1.000000000000000000 ) ) ;
#232 = MECHANICAL_DESIGN_GEOMETRIC_PRESENTATION_REPRESENTATION (  '', ( #355 ), #1603 ) ;
#233 = DIRECTION ( 'NONE',  ( -0.0000000000000000000, 0.0000000000000000000, -1.000000000000000000 ) ) ;
#234 = SHAPE_DEFINITION_REPRESENTATION ( #1390, #488 ) ;
#235 = LINE ( 'NONE', #2015, #524 ) ;
#236 = LINE ( 'NONE', #809, #399 ) ;
#237 = VECTOR ( 'NONE', #2425, 100.0000000000000000 ) ;
#238 = CARTESIAN_POINT ( 'NONE',  ( -0.06499999854713681136, 0.06948223304703364522, 0.05249999899417161220 ) ) ;
#239 = CARTESIAN_POINT ( 'NONE',  ( 0.1000000000000000056, 0.0000000000000000000, 0.08000000000000000167 ) ) ;
#240 = UNCERTAINTY_MEASURE_WITH_UNIT (LENGTH_MEASURE( 1.000000000000000082E-05 ), #932, 'distance_accuracy_value', 'NONE');
#241 = DIRECTION ( 'NONE',  ( -0.0000000000000000000, 1.000000000000000000, -0.0000000000000000000 ) ) ;
#242 = COLOUR_RGB ( '',0.9529411764705881804, 0.8980392156862745390, 0.6549019607843137303 ) ;
#243 = EDGE_CURVE ( 'NONE', #2149, #977, #753, .T. ) ;
#244 = ORIENTED_EDGE ( 'NONE', *, *, #695, .T. ) ;
#245 = COLOUR_RGB ( '',0.9529411764705881804, 0.8980392156862745390, 0.6549019607843137303 ) ;
#246 = FACE_OUTER_BOUND ( 'NONE', #169, .T. ) ;
#247 = ORIENTED_EDGE ( 'NONE', *, *, #1801, .F. ) ;
#248 = VECTOR ( 'NONE', #746, 100.0000000000000000 ) ;
#249 = AXIS2_PLACEMENT_3D ( 'NONE', #2010, #2604, #219 ) ;
#250 = DIRECTION ( 'NONE',  ( -0.0000000000000000000, 1.000000000000000000, -0.0000000000000000000 ) ) ;
#251 = PRESENTATION_LAYER_ASSIGNMENT (  '', '', ( #1958 ) ) ;
#252 = FACE_OUTER_BOUND ( 'NONE', #1922, .T. ) ;
#253 = DIRECTION ( 'NONE',  ( 1.000000000000000000, 0.0000000000000000000, -0.0000000000000000000 ) ) ;
#254 = AXIS2_PLACEMENT_3D ( 'NONE', #484, #82, #2084 ) ;
#255 =( NAMED_UNIT ( * ) SI_UNIT ( $, .STERADIAN. ) SOLID_ANGLE_UNIT ( ) );
#256 =( GEOMETRIC_REPRESENTATION_CONTEXT ( 3 ) GLOBAL_UNCERTAINTY_ASSIGNED_CONTEXT ( ( #1383 ) ) GLOBAL_UNIT_ASSIGNED_CONTEXT ( ( #1671, #1224, #499 ) ) REPRESENTATION_CONTEXT ( 'NONE', 'WORKASPACE' ) );
#257 = ORIENTED_EDGE ( 'NONE', *, *, #72, .F. ) ;
#258 = ADVANCED_FACE ( 'NONE', ( #352 ), #1973, .F. ) ;
#259 = DIRECTION ( 'NONE',  ( -0.0000000000000000000, -1.000000000000000000, -0.0000000000000000000 ) ) ;
#260 = ORIENTED_EDGE ( 'NONE', *, *, #178, .T. ) ;
#261 = EDGE_CURVE ( 'NONE', #471, #10, #1342, .T. ) ;
#262 = EDGE_CURVE ( 'NONE', #533, #2301, #1576, .T. ) ;
#263 = LINE ( 'NONE', #67, #1363 ) ;
#264 = CARTESIAN_POINT ( 'NONE',  ( -0.06499999854713681136, 0.06801776695296636588, 0.03749999899417159194 ) ) ;
#265 = ORIENTED_EDGE ( 'NONE', *, *, #2122, .F. ) ;
#266 = LINE ( 'NONE', #1215, #149 ) ;
#267 = DIRECTION ( 'NONE',  ( -3.469446926104220047E-16, 0.0000000000000000000, 1.000000000000000000 ) ) ;
#268 = CARTESIAN_POINT ( 'NONE',  ( 0.0000000000000000000, 0.02999999999999999889, 0.0000000000000000000 ) ) ;
#269 = UNCERTAINTY_MEASURE_WITH_UNIT (LENGTH_MEASURE( 1.000000000000000082E-05 ), #2554, 'distance_accuracy_value', 'NONE');
#270 = CARTESIAN_POINT ( 'NONE',  ( -0.08999999999999999667, 0.0000000000000000000, 0.08000000000000000167 ) ) ;
#271 = LINE ( 'NONE', #2092, #1329 ) ;
#272 = ORIENTED_EDGE ( 'NONE', *, *, #1146, .F. ) ;
#273 = FACE_OUTER_BOUND ( 'NONE', #1405, .T. ) ;
#274 = EDGE_CURVE ( 'NONE', #323, #2468, #341, .T. ) ;
#275 = CARTESIAN_POINT ( 'NONE',  ( -0.06499999854713681136, 0.06749999999999999056, 0.03801776594713796725 ) ) ;
#276 = SURFACE_STYLE_USAGE ( .BOTH. , #1664 ) ;
#277 = CYLINDRICAL_SURFACE ( 'NONE', #832, 0.01000000000000000541 ) ;
#278 = PLANE ( 'NONE',  #1359 ) ;
#279 = VERTEX_POINT ( 'NONE', #1770 ) ;
#280 = CARTESIAN_POINT ( 'NONE',  ( -0.1000000000000000056, 0.02999999999999999889, 0.07000000000000000666 ) ) ;
#281 = ORIENTED_EDGE ( 'NONE', *, *, #2104, .T. ) ;
#282 = PRESENTATION_LAYER_ASSIGNMENT (  '', '', ( #951 ) ) ;
#283 =( LENGTH_UNIT ( ) NAMED_UNIT ( * ) SI_UNIT ( .CENTI., .METRE. ) );
#284 = LINE ( 'NONE', #2034, #108 ) ;
#285 = AXIS2_PLACEMENT_3D ( 'NONE', #1141, #550, #1539 ) ;
#286 = AXIS2_PLACEMENT_3D ( 'NONE', #1424, #1064, #1861 ) ;
#287 = EDGE_CURVE ( 'NONE', #1136, #2489, #1894, .T. ) ;
#288 = SURFACE_STYLE_FILL_AREA ( #2297 ) ;
#289 = MECHANICAL_DESIGN_GEOMETRIC_PRESENTATION_REPRESENTATION (  '', ( #1404 ), #31 ) ;
#290 = DIRECTION ( 'NONE',  ( 0.0000000000000000000, 1.000000000000000000, 0.0000000000000000000 ) ) ;
#291 = VECTOR ( 'NONE', #1617, 100.0000000000000000 ) ;
#292 = CIRCLE ( 'NONE', #737, 0.005000000000000002706 ) ;
#293 = ADVANCED_FACE ( 'NONE', ( #2188 ), #1985, .T. ) ;
#294 = DIRECTION ( 'NONE',  ( 0.0000000000000000000, -1.000000000000000000, 0.0000000000000000000 ) ) ;
#295 = PRESENTATION_STYLE_ASSIGNMENT (( #1904 ) ) ;
#296 = CIRCLE ( 'NONE', #1577, 0.007500000000000008396 ) ;
#297 = ORIENTED_EDGE ( 'NONE', *, *, #382, .F. ) ;
#298 = CARTESIAN_POINT ( 'NONE',  ( 0.0000000000000000000, 0.06500000000000000222, 0.06499999843537809796 ) ) ;
#299 =( NAMED_UNIT ( * ) PLANE_ANGLE_UNIT ( ) SI_UNIT ( $, .RADIAN. ) );
#300 = CARTESIAN_POINT ( 'NONE',  ( -0.06499999854713679748, 0.07000000000000000666, 0.05374999899417159249 ) ) ;
#301 = SURFACE_SIDE_STYLE ('',( #1428 ) ) ;
#302 = SURFACE_STYLE_USAGE ( .BOTH. , #314 ) ;
#303 = EDGE_CURVE ( 'NONE', #2256, #1222, #1328, .T. ) ;
#304 = VERTEX_POINT ( 'NONE', #2390 ) ;
#305 = DIRECTION ( 'NONE',  ( -0.0000000000000000000, 0.0000000000000000000, -1.000000000000000000 ) ) ;
#306 = ORIENTED_EDGE ( 'NONE', *, *, #2105, .F. ) ;
#307 = ORIENTED_EDGE ( 'NONE', *, *, #549, .T. ) ;
#308 = CARTESIAN_POINT ( 'NONE',  ( -0.07999999798834321607, 0.06500000000000000222, -0.06499999843537809796 ) ) ;
#309 = FACE_OUTER_BOUND ( 'NONE', #980, .T. ) ;
#310 = LINE ( 'NONE', #1901, #685 ) ;
#311 = CLOSED_SHELL ( 'NONE', ( #1555, #1638, #2411, #1456, #847, #711, #602 ) ) ;
#312 = CARTESIAN_POINT ( 'NONE',  ( 0.05999999865889551337, 0.0000000000000000000, 0.01999999955296519541 ) ) ;
#313 = VECTOR ( 'NONE', #1687, 100.0000000000000000 ) ;
#314 = SURFACE_SIDE_STYLE ('',( #2487 ) ) ;
#315 = FACE_OUTER_BOUND ( 'NONE', #153, .T. ) ;
#316 = VECTOR ( 'NONE', #2004, 100.0000000000000000 ) ;
#317 = PLANE ( 'NONE',  #1075 ) ;
#318 = CARTESIAN_POINT ( 'NONE',  ( 0.09999999776482580705, 0.0000000000000000000, 0.04999999977648259680 ) ) ;
#319 = EDGE_CURVE ( 'NONE', #146, #1136, #1402, .T. ) ;
#320 = VERTEX_POINT ( 'NONE', #1226 ) ;
#321 = ORIENTED_EDGE ( 'NONE', *, *, #2191, .T. ) ;
#322 = DIRECTION ( 'NONE',  ( 0.0000000000000000000, 0.0000000000000000000, 1.000000000000000000 ) ) ;
#323 = VERTEX_POINT ( 'NONE', #1012 ) ;
#324 = SURFACE_STYLE_FILL_AREA ( #1347 ) ;
#325 = FILL_AREA_STYLE ('',( #2562 ) ) ;
#326 = AXIS2_PLACEMENT_3D ( 'NONE', #796, #221, #2024 ) ;
#327 = STYLED_ITEM ( 'NONE', ( #949 ), #1586 ) ;
#328 = CARTESIAN_POINT ( 'NONE',  ( 0.07999999798834320219, 0.06500000000000000222, -0.06499999843537811184 ) ) ;
#329 = AXIS2_PLACEMENT_3D ( 'NONE', #634, #1460, #686 ) ;
#330 = FILL_AREA_STYLE ('',( #2311 ) ) ;
#331 = CARTESIAN_POINT ( 'NONE',  ( 0.1000000000000000056, 0.0000000000000000000, -0.01999999955296519888 ) ) ;
#332 = ORIENTED_EDGE ( 'NONE', *, *, #93, .T. ) ;
#333 = EDGE_CURVE ( 'NONE', #2489, #639, #2214, .T. ) ;
#334 = DIRECTION ( 'NONE',  ( -0.0000000000000000000, 1.000000000000000000, -0.0000000000000000000 ) ) ;
#335 = ORIENTED_EDGE ( 'NONE', *, *, #1438, .F. ) ;
#336 = DIRECTION ( 'NONE',  ( -1.000000000000000000, 0.0000000000000000000, 0.0000000000000000000 ) ) ;
#337 = MECHANICAL_DESIGN_GEOMETRIC_PRESENTATION_REPRESENTATION (  '', ( #1116 ), #573 ) ;
#338 = EDGE_CURVE ( 'NONE', #2315, #2081, #2016, .T. ) ;
#339 = FACE_OUTER_BOUND ( 'NONE', #217, .T. ) ;
#340 = CARTESIAN_POINT ( 'NONE',  ( 0.07999999798834320219, 0.06500000000000000222, 0.06499999843537809796 ) ) ;
#341 = LINE ( 'NONE', #379, #1556 ) ;
#342 = CARTESIAN_POINT ( 'NONE',  ( -0.08999999999999999667, 0.0000000000000000000, -0.08000000000000000167 ) ) ;
#343 = UNCERTAINTY_MEASURE_WITH_UNIT (LENGTH_MEASURE( 1.000000000000000082E-05 ), #931, 'distance_accuracy_value', 'NONE');
#344 = DIRECTION ( 'NONE',  ( 0.0000000000000000000, 0.0000000000000000000, 1.000000000000000000 ) ) ;
#345 = ORIENTED_EDGE ( 'NONE', *, *, #1414, .F. ) ;
#346 = DIRECTION ( 'NONE',  ( 0.0000000000000000000, -0.0000000000000000000, -1.000000000000000000 ) ) ;
#347 = CARTESIAN_POINT ( 'NONE',  ( -0.08999999798834319720, 0.06500000000000000222, -0.06999999843537810240 ) ) ;
#348 = EDGE_CURVE ( 'NONE', #473, #1204, #1800, .T. ) ;
#349 = CARTESIAN_POINT ( 'NONE',  ( -0.07999999932944780456, 0.0000000000000000000, 0.04999999977648259680 ) ) ;
#350 = ORIENTED_EDGE ( 'NONE', *, *, #744, .T. ) ;
#351 = CARTESIAN_POINT ( 'NONE',  ( -0.07749999854713676695, 0.06750000000000000444, 0.05124999899417159027 ) ) ;
#352 = FACE_OUTER_BOUND ( 'NONE', #1990, .T. ) ;
#353 = CARTESIAN_POINT ( 'NONE',  ( 0.08499999798834320663, 0.05999999999999999778, 0.06499999843537809796 ) ) ;
#354 = VERTEX_POINT ( 'NONE', #1427 ) ;
#355 = STYLED_ITEM ( 'NONE', ( #2097 ), #474 ) ;
#356 = EDGE_LOOP ( 'NONE', ( #2220, #1051, #759, #1773, #522, #81, #663, #968 ) ) ;
#357 = EDGE_LOOP ( 'NONE', ( #1655, #28, #1871, #2135, #272 ) ) ;
#358 = CARTESIAN_POINT ( 'NONE',  ( 0.05999999865889549949, 0.0000000000000000000, 0.01999999955296519888 ) ) ;
#359 = CARTESIAN_POINT ( 'NONE',  ( -0.1000000000000000056, 0.0000000000000000000, -0.02000000000000000042 ) ) ;
#360 = VECTOR ( 'NONE', #1915, 100.0000000000000000 ) ;
#361 = ORIENTED_EDGE ( 'NONE', *, *, #1912, .T. ) ;
#362 = PRESENTATION_LAYER_ASSIGNMENT (  '', '', ( #822 ) ) ;
#363 = EDGE_CURVE ( 'NONE', #2149, #2479, #2154, .T. ) ;
#364 = DIRECTION ( 'NONE',  ( 0.0000000000000000000, -0.0000000000000000000, -1.000000000000000000 ) ) ;
#365 = EDGE_CURVE ( 'NONE', #1906, #473, #4, .T. ) ;
#366 = FILL_AREA_STYLE_COLOUR ( '', #1616 ) ;
#367 = UNCERTAINTY_MEASURE_WITH_UNIT (LENGTH_MEASURE( 1.000000000000000082E-05 ), #2345, 'distance_accuracy_value', 'NONE');
#368 = ORIENTED_EDGE ( 'NONE', *, *, #445, .F. ) ;
#369 = VECTOR ( 'NONE', #1389, 100.0000000000000000 ) ;
#370 = CIRCLE ( 'NONE', #1833, 0.009999999999999982861 ) ;
#371 = VECTOR ( 'NONE', #1490, 100.0000000000000000 ) ;
#372 = VERTEX_POINT ( 'NONE', #2226 ) ;
#373 = DIRECTION ( 'NONE',  ( 0.0000000000000000000, -1.000000000000000000, -0.0000000000000000000 ) ) ;
#374 =( NAMED_UNIT ( * ) SI_UNIT ( $, .STERADIAN. ) SOLID_ANGLE_UNIT ( ) );
#375 = VECTOR ( 'NONE', #1978, 100.0000000000000000 ) ;
#376 =( NAMED_UNIT ( * ) SI_UNIT ( $, .STERADIAN. ) SOLID_ANGLE_UNIT ( ) );
#377 = VERTEX_POINT ( 'NONE', #1252 ) ;
#378 = DIRECTION ( 'NONE',  ( 0.0000000000000000000, -1.000000000000000000, 0.0000000000000000000 ) ) ;
#379 = CARTESIAN_POINT ( 'NONE',  ( -0.09999999999999997780, 0.0000000000000000000, -0.07000000000000000666 ) ) ;
#380 = FILL_AREA_STYLE ('',( #130 ) ) ;
#381 = VERTEX_POINT ( 'NONE', #2202 ) ;
#382 = EDGE_CURVE ( 'NONE', #1708, #199, #266, .T. ) ;
#383 = VERTEX_POINT ( 'NONE', #821 ) ;
#384 = VERTEX_POINT ( 'NONE', #2420 ) ;
#385 = LINE ( 'NONE', #590, #369 ) ;
#386 = DIRECTION ( 'NONE',  ( 1.000000000000000000, -0.0000000000000000000, 0.0000000000000000000 ) ) ;
#387 = ORIENTED_EDGE ( 'NONE', *, *, #2464, .F. ) ;
#388 = PLANE ( 'NONE',  #1360 ) ;
#389 = DIRECTION ( 'NONE',  ( 0.0000000000000000000, 1.000000000000000000, 0.0000000000000000000 ) ) ;
#390 = CARTESIAN_POINT ( 'NONE',  ( -0.08499999798834320663, 0.06500000000000000222, 0.06499999843537809796 ) ) ;
#391 = DIRECTION ( 'NONE',  ( -3.469446835631340056E-16, 0.0000000000000000000, 1.000000000000000000 ) ) ;
#392 = VERTEX_POINT ( 'NONE', #35 ) ;
#393 = ORIENTED_EDGE ( 'NONE', *, *, #2048, .T. ) ;
#394 = EDGE_CURVE ( 'NONE', #304, #1708, #236, .T. ) ;
#395 = CARTESIAN_POINT ( 'NONE',  ( -0.1000000000000000056, 0.0000000000000000000, 0.01999999955296519888 ) ) ;
#396 = ORIENTED_EDGE ( 'NONE', *, *, #2310, .T. ) ;
#397 =( NAMED_UNIT ( * ) SI_UNIT ( $, .STERADIAN. ) SOLID_ANGLE_UNIT ( ) );
#398 = VECTOR ( 'NONE', #1277, 100.0000000000000000 ) ;
#399 = VECTOR ( 'NONE', #1613, 100.0000000000000000 ) ;
#400 =( LENGTH_UNIT ( ) NAMED_UNIT ( * ) SI_UNIT ( .CENTI., .METRE. ) );
#401 =( BOUNDED_CURVE ( )  B_SPLINE_CURVE ( 3, ( #1265, #1092, #2473, #300 ),
 .UNSPECIFIED., .F., .T. ) 
 B_SPLINE_CURVE_WITH_KNOTS ( ( 4, 4 ),
 ( 0.7500000000000000000, 1.250000000000000000 ),
 .UNSPECIFIED. ) 
 CURVE ( )  GEOMETRIC_REPRESENTATION_ITEM ( )  RATIONAL_B_SPLINE_CURVE ( ( 1.000000000000000000, 0.3333333333333333703, 0.3333333333333333703, 1.000000000000000000 ) ) 
 REPRESENTATION_ITEM ( '' )  );
#402 =( NAMED_UNIT ( * ) PLANE_ANGLE_UNIT ( ) SI_UNIT ( $, .RADIAN. ) );
#403 = VECTOR ( 'NONE', #2324, 100.0000000000000000 ) ;
#404 = CARTESIAN_POINT ( 'NONE',  ( 0.08499999798834320663, 0.05999999999999999778, -0.06999999843537810240 ) ) ;
#405 = CARTESIAN_POINT ( 'NONE',  ( -0.1000000000000000056, 0.0000000000000000000, 0.08000000000000000167 ) ) ;
#406 = FACE_OUTER_BOUND ( 'NONE', #2344, .T. ) ;
#407 = DIRECTION ( 'NONE',  ( 0.0000000000000000000, 0.0000000000000000000, 1.000000000000000000 ) ) ;
#408 = PRESENTATION_STYLE_ASSIGNMENT (( #1037 ) ) ;
#409 = ORIENTED_EDGE ( 'NONE', *, *, #1472, .F. ) ;
#410 = PRESENTATION_LAYER_ASSIGNMENT (  '', '', ( #955 ) ) ;
#411 = DIRECTION ( 'NONE',  ( -1.000000000000000000, 0.0000000000000000000, -0.0000000000000000000 ) ) ;
#412 = VERTEX_POINT ( 'NONE', #1437 ) ;
#413 = SURFACE_STYLE_USAGE ( .BOTH. , #1178 ) ;
#414 = MECHANICAL_DESIGN_GEOMETRIC_PRESENTATION_REPRESENTATION (  '', ( #1044 ), #493 ) ;
#415 = STYLED_ITEM ( 'NONE', ( #1032 ), #1883 ) ;
#416 = ADVANCED_FACE ( 'NONE', ( #1417 ), #1628, .F. ) ;
#417 = EDGE_CURVE ( 'NONE', #1177, #1268, #595, .T. ) ;
#418 = DIRECTION ( 'NONE',  ( -0.0000000000000000000, 0.0000000000000000000, -1.000000000000000000 ) ) ;
#419 = DIRECTION ( 'NONE',  ( 1.000000000000000000, 0.0000000000000000000, 0.0000000000000000000 ) ) ;
#420 = PLANE ( 'NONE',  #1902 ) ;
#421 = DIRECTION ( 'NONE',  ( 0.0000000000000000000, 1.000000000000000000, 0.0000000000000000000 ) ) ;
#422 = DIRECTION ( 'NONE',  ( 0.0000000000000000000, -1.000000000000000000, 0.0000000000000000000 ) ) ;
#423 = DIRECTION ( 'NONE',  ( 0.0000000000000000000, 1.000000000000000000, 0.0000000000000000000 ) ) ;
#424 = UNCERTAINTY_MEASURE_WITH_UNIT (LENGTH_MEASURE( 1.000000000000000082E-05 ), #995, 'distance_accuracy_value', 'NONE');
#425 = DIRECTION ( 'NONE',  ( 0.0000000000000000000, 0.0000000000000000000, -1.000000000000000000 ) ) ;
#426 = CARTESIAN_POINT ( 'NONE',  ( -0.05999999865889549949, 0.0000000000000000000, -0.08000000000000000167 ) ) ;
#427 = ORIENTED_EDGE ( 'NONE', *, *, #365, .F. ) ;
#428 = LINE ( 'NONE', #1992, #1448 ) ;
#429 = EDGE_LOOP ( 'NONE', ( #1549, #1643, #179, #1135 ) ) ;
#430 = FILL_AREA_STYLE ('',( #30 ) ) ;
#431 = CARTESIAN_POINT ( 'NONE',  ( 0.1000000000000000056, 0.05999999999999999778, 0.0000000000000000000 ) ) ;
#432 = ADVANCED_FACE ( 'NONE', ( #1392 ), #213, .T. ) ;
#433 = CARTESIAN_POINT ( 'NONE',  ( -0.05999999865889549949, -0.0001000000000000000183, -0.02000000000000000042 ) ) ;
#434 = DIRECTION ( 'NONE',  ( -0.0000000000000000000, 1.000000000000000000, -0.0000000000000000000 ) ) ;
#435 = PLANE ( 'NONE',  #516 ) ;
#436 = ORIENTED_EDGE ( 'NONE', *, *, #1065, .F. ) ;
#437 =( LENGTH_UNIT ( ) NAMED_UNIT ( * ) SI_UNIT ( .CENTI., .METRE. ) );
#438 = VERTEX_POINT ( 'NONE', #1048 ) ;
#439 = DIRECTION ( 'NONE',  ( 1.000000000000000000, 0.0000000000000000000, -0.0000000000000000000 ) ) ;
#440 = VECTOR ( 'NONE', #1035, 100.0000000000000000 ) ;
#441 = PRESENTATION_STYLE_ASSIGNMENT (( #211 ) ) ;
#442 = DIRECTION ( 'NONE',  ( -1.000000000000000000, -0.0000000000000000000, -0.0000000000000000000 ) ) ;
#443 = EDGE_CURVE ( 'NONE', #1695, #2326, #1022, .T. ) ;
#444 = DIRECTION ( 'NONE',  ( -0.0000000000000000000, 1.000000000000000000, 0.0000000000000000000 ) ) ;
#445 = EDGE_CURVE ( 'NONE', #986, #2081, #771, .T. ) ;
#446 = EDGE_CURVE ( 'NONE', #1608, #304, #1827, .T. ) ;
#447 = VECTOR ( 'NONE', #854, 100.0000000000000000 ) ;
#448 = LINE ( 'NONE', #1634, #1249 ) ;
#449 = ORIENTED_EDGE ( 'NONE', *, *, #1338, .F. ) ;
#450 =( GEOMETRIC_REPRESENTATION_CONTEXT ( 3 ) GLOBAL_UNCERTAINTY_ASSIGNED_CONTEXT ( ( #131 ) ) GLOBAL_UNIT_ASSIGNED_CONTEXT ( ( #707, #1154, #719 ) ) REPRESENTATION_CONTEXT ( 'NONE', 'WORKASPACE' ) );
#451 = AXIS2_PLACEMENT_3D ( 'NONE', #2570, #1807, #1585 ) ;
#452 = CARTESIAN_POINT ( 'NONE',  ( -0.06499999854713679748, 0.06875000000000000555, 0.05374999899417161331 ) ) ;
#453 = VECTOR ( 'NONE', #2075, 100.0000000000000000 ) ;
#454 =( GEOMETRIC_REPRESENTATION_CONTEXT ( 3 ) GLOBAL_UNCERTAINTY_ASSIGNED_CONTEXT ( ( #269 ) ) GLOBAL_UNIT_ASSIGNED_CONTEXT ( ( #2554, #2352, #2131 ) ) REPRESENTATION_CONTEXT ( 'NONE', 'WORKASPACE' ) );
#455 =( NAMED_UNIT ( * ) PLANE_ANGLE_UNIT ( ) SI_UNIT ( $, .RADIAN. ) );
#456 = CARTESIAN_POINT ( 'NONE',  ( -0.1000000000000000056, -0.0001000000000000000183, -0.02000000000000000042 ) ) ;
#457 = PRESENTATION_LAYER_ASSIGNMENT (  '', '', ( #2257 ) ) ;
#458 = CARTESIAN_POINT ( 'NONE',  ( -0.08999999798834319720, 0.05999999999999999778, 0.06999999843537810240 ) ) ;
#459 = AXIS2_PLACEMENT_3D ( 'NONE', #2466, #509, #892 ) ;
#460 = EDGE_LOOP ( 'NONE', ( #2064, #1190, #2588, #2137, #1733, #692, #2388, #1366 ) ) ;
#461 = FACE_OUTER_BOUND ( 'NONE', #1144, .T. ) ;
#462 = EDGE_CURVE ( 'NONE', #1150, #2166, #1860, .T. ) ;
#463 = ORIENTED_EDGE ( 'NONE', *, *, #1651, .T. ) ;
#464 = SURFACE_STYLE_FILL_AREA ( #2471 ) ;
#465 = CARTESIAN_POINT ( 'NONE',  ( -0.05249999854713681413, 0.06750000000000000444, 0.05124999899417159027 ) ) ;
#466 = FILL_AREA_STYLE_COLOUR ( '', #1815 ) ;
#467 = DIRECTION ( 'NONE',  ( 0.0000000000000000000, -0.0000000000000000000, 1.000000000000000000 ) ) ;
#468 =( NAMED_UNIT ( * ) SI_UNIT ( $, .STERADIAN. ) SOLID_ANGLE_UNIT ( ) );
#469 = UNCERTAINTY_MEASURE_WITH_UNIT (LENGTH_MEASURE( 1.000000000000000082E-05 ), #861, 'distance_accuracy_value', 'NONE');
#470 = DIRECTION ( 'NONE',  ( -0.0000000000000000000, 0.0000000000000000000, -1.000000000000000000 ) ) ;
#471 = VERTEX_POINT ( 'NONE', #456 ) ;
#472 = CARTESIAN_POINT ( 'NONE',  ( 0.08499999798834320663, 0.06500000000000000222, -0.05999999843537810046 ) ) ;
#473 = VERTEX_POINT ( 'NONE', #2495 ) ;
#474 = ADVANCED_FACE ( 'NONE', ( #1887 ), #1308, .F. ) ;
#475 = CARTESIAN_POINT ( 'NONE',  ( 0.1000000000000000056, 0.0000000000000000000, 0.07000000000000000666 ) ) ;
#476 = CARTESIAN_POINT ( 'NONE',  ( -0.08499999798834320663, 0.06500000000000000222, -0.06499999843537809796 ) ) ;
#477 = FACE_OUTER_BOUND ( 'NONE', #2049, .T. ) ;
#478 = CARTESIAN_POINT ( 'NONE',  ( -0.07999999932944780456, 0.0000000000000000000, -0.05000000000000000278 ) ) ;
#479 = SURFACE_STYLE_USAGE ( .BOTH. , #930 ) ;
#480 = ORIENTED_EDGE ( 'NONE', *, *, #893, .T. ) ;
#481 = DIRECTION ( 'NONE',  ( -0.0000000000000000000, 0.0000000000000000000, 1.000000000000000000 ) ) ;
#482 = ORIENTED_EDGE ( 'NONE', *, *, #1398, .F. ) ;
#483 = AXIS2_PLACEMENT_3D ( 'NONE', #89, #1676, #674 ) ;
#484 = CARTESIAN_POINT ( 'NONE',  ( 0.1000000000000000056, 0.02999999999999999889, -0.08000000000000000167 ) ) ;
#485 = CARTESIAN_POINT ( 'NONE',  ( -0.05999999865889549949, -0.0001000000000000000183, 0.08000000000000000167 ) ) ;
#486 = EDGE_CURVE ( 'NONE', #1303, #2134, #401, .T. ) ;
#487 = DIRECTION ( 'NONE',  ( -0.0000000000000000000, -1.000000000000000000, -0.0000000000000000000 ) ) ;
#488 = MANIFOLD_SURFACE_SHAPE_REPRESENTATION ( '679FD64C-DE5A-4F5D-BB7C-A0F57AD8FF64', ( #1586, #740 ), #454 ) ;
#489 = DIRECTION ( 'NONE',  ( 0.0000000000000000000, 0.0000000000000000000, 1.000000000000000000 ) ) ;
#490 = AXIS2_PLACEMENT_3D ( 'NONE', #1944, #2337, #141 ) ;
#491 = CARTESIAN_POINT ( 'NONE',  ( -0.09000000000000001055, 0.02999999999999999889, -0.08000000000000000167 ) ) ;
#492 = CYLINDRICAL_SURFACE ( 'NONE', #942, 0.01000000000000000541 ) ;
#493 =( GEOMETRIC_REPRESENTATION_CONTEXT ( 3 ) GLOBAL_UNCERTAINTY_ASSIGNED_CONTEXT ( ( #469 ) ) GLOBAL_UNIT_ASSIGNED_CONTEXT ( ( #861, #2460, #468 ) ) REPRESENTATION_CONTEXT ( 'NONE', 'WORKASPACE' ) );
#494 = PRESENTATION_LAYER_ASSIGNMENT (  '', '', ( #415 ) ) ;
#495 = VERTEX_POINT ( 'NONE', #2307 ) ;
#496 = CARTESIAN_POINT ( 'NONE',  ( 0.08999999999999999667, 0.0000000000000000000, -0.08000000000000000167 ) ) ;
#497 = AXIS2_PLACEMENT_3D ( 'NONE', #844, #2021, #852 ) ;
#498 = ORIENTED_EDGE ( 'NONE', *, *, #908, .T. ) ;
#499 =( NAMED_UNIT ( * ) SI_UNIT ( $, .STERADIAN. ) SOLID_ANGLE_UNIT ( ) );
#500 = VERTEX_POINT ( 'NONE', #2087 ) ;
#501 = CARTESIAN_POINT ( 'NONE',  ( -0.08999999798834319720, 0.05999999999999999778, -0.06999999843537810240 ) ) ;
#502 = LINE ( 'NONE', #54, #992 ) ;
#503 = ADVANCED_FACE ( 'NONE', ( #477 ), #1685, .F. ) ;
#504 = CARTESIAN_POINT ( 'NONE',  ( 0.05999999865889549949, 0.0000000000000000000, -0.08000000000000000167 ) ) ;
#505 = DIRECTION ( 'NONE',  ( 1.000000000000000000, 0.0000000000000000000, -0.0000000000000000000 ) ) ;
#506 = CARTESIAN_POINT ( 'NONE',  ( 0.1000000000000000056, 0.0000000000000000000, -0.07000000000000000666 ) ) ;
#507 = LINE ( 'NONE', #2132, #403 ) ;
#508 = SURFACE_SIDE_STYLE ('',( #1133 ) ) ;
#509 = DIRECTION ( 'NONE',  ( 0.0000000000000000000, 1.000000000000000000, 0.0000000000000000000 ) ) ;
#510 = EDGE_LOOP ( 'NONE', ( #396, #1536, #92, #2476 ) ) ;
#511 = ORIENTED_EDGE ( 'NONE', *, *, #142, .T. ) ;
#512 = DIRECTION ( 'NONE',  ( 0.0000000000000000000, -1.000000000000000000, -0.0000000000000000000 ) ) ;
#513 = ORIENTED_EDGE ( 'NONE', *, *, #446, .T. ) ;
#514 = CARTESIAN_POINT ( 'NONE',  ( -0.08999999798834319720, 0.06500000000000000222, 0.06999999843537810240 ) ) ;
#515 = FILL_AREA_STYLE_COLOUR ( '', #1068 ) ;
#516 = AXIS2_PLACEMENT_3D ( 'NONE', #458, #1059, #862 ) ;
#517 =( LENGTH_UNIT ( ) NAMED_UNIT ( * ) SI_UNIT ( .CENTI., .METRE. ) );
#518 = EDGE_CURVE ( 'NONE', #1557, #1053, #1274, .T. ) ;
#519 = CARTESIAN_POINT ( 'NONE',  ( 0.1000000000000000056, 0.05999999999999999778, -0.07000000000000000666 ) ) ;
#520 = ORIENTED_EDGE ( 'NONE', *, *, #445, .T. ) ;
#521 = AXIS2_PLACEMENT_3D ( 'NONE', #1741, #2320, #1128 ) ;
#522 = ORIENTED_EDGE ( 'NONE', *, *, #2140, .T. ) ;
#523 = CARTESIAN_POINT ( 'NONE',  ( -0.06499999854713681136, 0.06948223304703363135, 0.05249999899417161220 ) ) ;
#524 = VECTOR ( 'NONE', #1984, 100.0000000000000000 ) ;
#525 = DIRECTION ( 'NONE',  ( -1.000000000000000000, -0.0000000000000000000, -0.0000000000000000000 ) ) ;
#526 = CARTESIAN_POINT ( 'NONE',  ( -0.06499999854713679748, 0.06875000000000000555, 0.05249999899417161220 ) ) ;
#527 = DIRECTION ( 'NONE',  ( -0.0000000000000000000, 0.0000000000000000000, -1.000000000000000000 ) ) ;
#528 = DIRECTION ( 'NONE',  ( -1.000000000000000000, 0.0000000000000000000, 0.0000000000000000000 ) ) ;
#529 =( GEOMETRIC_REPRESENTATION_CONTEXT ( 3 ) GLOBAL_UNCERTAINTY_ASSIGNED_CONTEXT ( ( #1964 ) ) GLOBAL_UNIT_ASSIGNED_CONTEXT ( ( #517, #127, #957 ) ) REPRESENTATION_CONTEXT ( 'NONE', 'WORKASPACE' ) );
#530 = DIRECTION ( 'NONE',  ( 0.0000000000000000000, 0.0000000000000000000, 1.000000000000000000 ) ) ;
#531 = AXIS2_PLACEMENT_3D ( 'NONE', #268, #1879, #1440 ) ;
#532 = ORIENTED_EDGE ( 'NONE', *, *, #1840, .T. ) ;
#533 = VERTEX_POINT ( 'NONE', #2483 ) ;
#534 = COLOUR_RGB ( '',0.9529411764705881804, 0.8980392156862745390, 0.6549019607843137303 ) ;
#535 = EDGE_CURVE ( 'NONE', #2149, #1374, #1865, .T. ) ;
#536 = SURFACE_SIDE_STYLE ('',( #743 ) ) ;
#537 = VERTEX_POINT ( 'NONE', #70 ) ;
#538 = FACE_OUTER_BOUND ( 'NONE', #1848, .T. ) ;
#539 = CARTESIAN_POINT ( 'NONE',  ( -0.1000000000000000056, 0.02999999999999999889, 0.07000000000000000666 ) ) ;
#540 = CARTESIAN_POINT ( 'NONE',  ( -0.06499999854713679748, 0.06750000000000000444, 0.03874999899417159999 ) ) ;
#541 = ORIENTED_EDGE ( 'NONE', *, *, #2573, .T. ) ;
#542 = CARTESIAN_POINT ( 'NONE',  ( -0.07749999854713679470, 0.06750000000000000444, 0.03874999899417162774 ) ) ;
#543 = PLANE ( 'NONE',  #1955 ) ;
#544 =( NAMED_UNIT ( * ) SI_UNIT ( $, .STERADIAN. ) SOLID_ANGLE_UNIT ( ) );
#545 = ORIENTED_EDGE ( 'NONE', *, *, #1261, .T. ) ;
#546 = DIRECTION ( 'NONE',  ( 0.0000000000000000000, 0.0000000000000000000, -1.000000000000000000 ) ) ;
#547 = EDGE_LOOP ( 'NONE', ( #2437, #764, #1483, #1188 ) ) ;
#548 = FACE_OUTER_BOUND ( 'NONE', #830, .T. ) ;
#549 = EDGE_CURVE ( 'NONE', #1150, #537, #2456, .T. ) ;
#550 = DIRECTION ( 'NONE',  ( 2.602085126723509849E-16, 0.0000000000000000000, 1.000000000000000000 ) ) ;
#551 = SURFACE_STYLE_USAGE ( .BOTH. , #2574 ) ;
#552 = ORIENTED_EDGE ( 'NONE', *, *, #1126, .F. ) ;
#553 = DIRECTION ( 'NONE',  ( -1.000000000000000000, -0.0000000000000000000, -0.0000000000000000000 ) ) ;
#554 = PRESENTATION_STYLE_ASSIGNMENT (( #2175 ) ) ;
#555 = MECHANICAL_DESIGN_GEOMETRIC_PRESENTATION_REPRESENTATION (  '', ( #982 ), #1642 ) ;
#556 = DIRECTION ( 'NONE',  ( -1.000000000000000000, 0.0000000000000000000, -0.0000000000000000000 ) ) ;
#557 = MECHANICAL_DESIGN_GEOMETRIC_PRESENTATION_REPRESENTATION (  '', ( #2314 ), #58 ) ;
#558 = DIRECTION ( 'NONE',  ( -0.0000000000000000000, 1.000000000000000000, 0.0000000000000000000 ) ) ;
#559 = ORIENTED_EDGE ( 'NONE', *, *, #1385, .F. ) ;
#560 = AXIS2_PLACEMENT_3D ( 'NONE', #405, #222, #1056 ) ;
#561 = ORIENTED_EDGE ( 'NONE', *, *, #744, .F. ) ;
#562 = CARTESIAN_POINT ( 'NONE',  ( 0.1000000000000000056, 0.05999999999999999778, -0.08000000000000000167 ) ) ;
#563 =( NAMED_UNIT ( * ) PLANE_ANGLE_UNIT ( ) SI_UNIT ( $, .RADIAN. ) );
#564 = CIRCLE ( 'NONE', #1235, 0.01000000000000000541 ) ;
#565 = DIRECTION ( 'NONE',  ( -1.000000000000000000, 0.0000000000000000000, -0.0000000000000000000 ) ) ;
#566 = EDGE_LOOP ( 'NONE', ( #599, #1561, #1635, #1167, #482, #1399, #50, #218 ) ) ;
#567 = EDGE_CURVE ( 'NONE', #1896, #816, #310, .T. ) ;
#568 = CARTESIAN_POINT ( 'NONE',  ( 0.0000000000000000000, 0.0000000000000000000, 0.0000000000000000000 ) ) ;
#569 = CARTESIAN_POINT ( 'NONE',  ( -0.07999999798834320219, 0.06500000000000000222, -0.05999999843537810046 ) ) ;
#570 = PLANE ( 'NONE',  #2286 ) ;
#571 = UNCERTAINTY_MEASURE_WITH_UNIT (LENGTH_MEASURE( 1.000000000000000082E-05 ), #400, 'distance_accuracy_value', 'NONE');
#572 = VERTEX_POINT ( 'NONE', #1878 ) ;
#573 =( GEOMETRIC_REPRESENTATION_CONTEXT ( 3 ) GLOBAL_UNCERTAINTY_ASSIGNED_CONTEXT ( ( #48 ) ) GLOBAL_UNIT_ASSIGNED_CONTEXT ( ( #1858, #1678, #91 ) ) REPRESENTATION_CONTEXT ( 'NONE', 'WORKASPACE' ) );
#574 = VERTEX_POINT ( 'NONE', #110 ) ;
#575 = STYLED_ITEM ( 'NONE', ( #1918 ), #488 ) ;
#576 = STYLED_ITEM ( 'NONE', ( #2238 ), #1666 ) ;
#577 = ORIENTED_EDGE ( 'NONE', *, *, #661, .T. ) ;
#578 = STYLED_ITEM ( 'NONE', ( #909 ), #1966 ) ;
#579 = AXIS2_PLACEMENT_3D ( 'NONE', #395, #2031, #411 ) ;
#580 = SURFACE_STYLE_FILL_AREA ( #1927 ) ;
#581 = FILL_AREA_STYLE_COLOUR ( '', #117 ) ;
#582 = CARTESIAN_POINT ( 'NONE',  ( -0.1000000000000000056, 0.02999999999999999889, 0.08000000000000000167 ) ) ;
#583 = EDGE_CURVE ( 'NONE', #704, #2479, #917, .T. ) ;
#584 = DIRECTION ( 'NONE',  ( 0.0000000000000000000, 1.000000000000000000, 0.0000000000000000000 ) ) ;
#585 = DIRECTION ( 'NONE',  ( 0.0000000000000000000, 0.0000000000000000000, -1.000000000000000000 ) ) ;
#586 = ORIENTED_EDGE ( 'NONE', *, *, #1908, .F. ) ;
#587 = ORIENTED_EDGE ( 'NONE', *, *, #2145, .F. ) ;
#588 = DIRECTION ( 'NONE',  ( 0.0000000000000000000, 1.000000000000000000, 0.0000000000000000000 ) ) ;
#589 = EDGE_LOOP ( 'NONE', ( #2232, #2022, #393, #2053 ) ) ;
#590 = CARTESIAN_POINT ( 'NONE',  ( 0.08999999999999999667, 0.0000000000000000000, 0.08000000000000000167 ) ) ;
#591 = EDGE_CURVE ( 'NONE', #438, #533, #84, .T. ) ;
#592 = DIRECTION ( 'NONE',  ( 0.0000000000000000000, 0.0000000000000000000, 1.000000000000000000 ) ) ;
#593 = APPLICATION_PROTOCOL_DEFINITION ( 'draft international standard', 'automotive_design', 1998, #2138 ) ;
#594 = LINE ( 'NONE', #195, #2033 ) ;
#595 = LINE ( 'NONE', #797, #1433 ) ;
#596 = CARTESIAN_POINT ( 'NONE',  ( -0.07999999854713682468, 0.06875000000000000555, 0.05249999899417161220 ) ) ;
#597 = CARTESIAN_POINT ( 'NONE',  ( -0.09999999999999997780, -0.0001000000000000000183, -0.07000000000000000666 ) ) ;
#598 = UNCERTAINTY_MEASURE_WITH_UNIT (LENGTH_MEASURE( 1.000000000000000082E-05 ), #767, 'distance_accuracy_value', 'NONE');
#599 = ORIENTED_EDGE ( 'NONE', *, *, #881, .F. ) ;
#600 = ORIENTED_EDGE ( 'NONE', *, *, #1262, .F. ) ;
#601 = EDGE_CURVE ( 'NONE', #1503, #2166, #2259, .T. ) ;
#602 = ADVANCED_FACE ( 'NONE', ( #2281 ), #1499, .T. ) ;
#603 = VERTEX_POINT ( 'NONE', #340 ) ;
#604 =( NAMED_UNIT ( * ) PLANE_ANGLE_UNIT ( ) SI_UNIT ( $, .RADIAN. ) );
#605 = VECTOR ( 'NONE', #22, 100.0000000000000000 ) ;
#606 = AXIS2_PLACEMENT_3D ( 'NONE', #582, #1381, #196 ) ;
#607 = DIRECTION ( 'NONE',  ( 0.0000000000000000000, 0.0000000000000000000, -1.000000000000000000 ) ) ;
#608 = PRESENTATION_LAYER_ASSIGNMENT (  '', '', ( #23 ) ) ;
#609 = CARTESIAN_POINT ( 'NONE',  ( -0.05999999865889549949, 0.0000000000000000000, 0.01999999955296519888 ) ) ;
#610 =( LENGTH_UNIT ( ) NAMED_UNIT ( * ) SI_UNIT ( .CENTI., .METRE. ) );
#611 = DIRECTION ( 'NONE',  ( -0.0000000000000000000, -0.0000000000000000000, -1.000000000000000000 ) ) ;
#612 = VECTOR ( 'NONE', #1339, 100.0000000000000000 ) ;
#613 = VERTEX_POINT ( 'NONE', #2171 ) ;
#614 = LINE ( 'NONE', #1233, #2593 ) ;
#615 = VERTEX_POINT ( 'NONE', #1166 ) ;
#616 =( GEOMETRIC_REPRESENTATION_CONTEXT ( 3 ) GLOBAL_UNCERTAINTY_ASSIGNED_CONTEXT ( ( #1932 ) ) GLOBAL_UNIT_ASSIGNED_CONTEXT ( ( #1355, #1920, #2161 ) ) REPRESENTATION_CONTEXT ( 'NONE', 'WORKASPACE' ) );
#617 = EDGE_CURVE ( 'NONE', #2585, #936, #1554, .T. ) ;
#618 = COLOUR_RGB ( '',0.6274509803921568540, 0.6274509803921568540, 0.6274509803921568540 ) ;
#619 = CIRCLE ( 'NONE', #2082, 0.01000000000000000541 ) ;
#620 = CIRCLE ( 'NONE', #655, 0.005000000000000002706 ) ;
#621 = CARTESIAN_POINT ( 'NONE',  ( 0.08499999798834320663, 0.06500000000000000222, 0.06499999843537809796 ) ) ;
#622 = DIRECTION ( 'NONE',  ( -1.000000000000000000, 0.0000000000000000000, -2.312964617402810242E-16 ) ) ;
#623 = CARTESIAN_POINT ( 'NONE',  ( -0.1000000000000000056, 0.0000000000000000000, 0.08000000000000000167 ) ) ;
#624 = CARTESIAN_POINT ( 'NONE',  ( 0.08999999999999999667, 0.02999999999999999889, 0.08000000000000000167 ) ) ;
#625 = FILL_AREA_STYLE_COLOUR ( '', #618 ) ;
#626 = UNCERTAINTY_MEASURE_WITH_UNIT (LENGTH_MEASURE( 1.000000000000000082E-05 ), #73, 'distance_accuracy_value', 'NONE');
#627 = VERTEX_POINT ( 'NONE', #2185 ) ;
#628 = DIRECTION ( 'NONE',  ( 0.0000000000000000000, 1.000000000000000000, 0.0000000000000000000 ) ) ;
#629 = ORIENTED_EDGE ( 'NONE', *, *, #799, .T. ) ;
#630 =( NAMED_UNIT ( * ) PLANE_ANGLE_UNIT ( ) SI_UNIT ( $, .RADIAN. ) );
#631 = EDGE_CURVE ( 'NONE', #377, #1525, #2563, .T. ) ;
#632 = SURFACE_STYLE_FILL_AREA ( #1237 ) ;
#633 = CARTESIAN_POINT ( 'NONE',  ( -0.1000000000000000056, 0.0000000000000000000, 0.07000000000000000666 ) ) ;
#634 = CARTESIAN_POINT ( 'NONE',  ( 0.1000000000000000056, -0.0001000000000000000183, 0.08000000000000000167 ) ) ;
#635 = DIRECTION ( 'NONE',  ( -0.0000000000000000000, -1.000000000000000000, -0.0000000000000000000 ) ) ;
#636 = CARTESIAN_POINT ( 'NONE',  ( 0.07999999798834320219, 0.07000000000000000666, -0.05999999843537810046 ) ) ;
#637 = ORIENTED_EDGE ( 'NONE', *, *, #2347, .T. ) ;
#638 = DIRECTION ( 'NONE',  ( 0.0000000000000000000, 0.0000000000000000000, 1.000000000000000000 ) ) ;
#639 = VERTEX_POINT ( 'NONE', #1970 ) ;
#640 = CARTESIAN_POINT ( 'NONE',  ( 0.1000000000000000056, 0.0000000000000000000, -0.08000000000000000167 ) ) ;
#641 =( NAMED_UNIT ( * ) PLANE_ANGLE_UNIT ( ) SI_UNIT ( $, .RADIAN. ) );
#642 = VERTEX_POINT ( 'NONE', #181 ) ;
#643 = DIRECTION ( 'NONE',  ( 0.0000000000000000000, 1.000000000000000000, -0.0000000000000000000 ) ) ;
#644 = VECTOR ( 'NONE', #1724, 100.0000000000000000 ) ;
#645 = ADVANCED_FACE ( 'NONE', ( #140 ), #779, .F. ) ;
#646 = CARTESIAN_POINT ( 'NONE',  ( 0.05999999865889549949, 0.0000000000000000000, 0.08000000000000000167 ) ) ;
#647 = DIRECTION ( 'NONE',  ( 0.0000000000000000000, 0.0000000000000000000, -1.000000000000000000 ) ) ;
#648 = DIRECTION ( 'NONE',  ( -0.0000000000000000000, -1.000000000000000000, -0.0000000000000000000 ) ) ;
#649 = ORIENTED_EDGE ( 'NONE', *, *, #417, .T. ) ;
#650 = STYLED_ITEM ( 'NONE', ( #2375 ), #1211 ) ;
#651 = PLANE ( 'NONE',  #2597 ) ;
#652 = VERTEX_POINT ( 'NONE', #540 ) ;
#653 = CARTESIAN_POINT ( 'NONE',  ( 0.08999999798834321107, 0.05999999999999999778, 0.06499999843537809796 ) ) ;
#654 = AXIS2_PLACEMENT_3D ( 'NONE', #1130, #2308, #697 ) ;
#655 = AXIS2_PLACEMENT_3D ( 'NONE', #2018, #635, #407 ) ;
#656 = DIRECTION ( 'NONE',  ( 0.0000000000000000000, 0.0000000000000000000, -1.000000000000000000 ) ) ;
#657 = EDGE_LOOP ( 'NONE', ( #1760, #2368, #1750, #297, #2143 ) ) ;
#658 = DIRECTION ( 'NONE',  ( 1.000000000000000000, -0.0000000000000000000, 0.0000000000000000000 ) ) ;
#659 =( GEOMETRIC_REPRESENTATION_CONTEXT ( 3 ) GLOBAL_UNCERTAINTY_ASSIGNED_CONTEXT ( ( #2042 ) ) GLOBAL_UNIT_ASSIGNED_CONTEXT ( ( #1316, #1721, #1751 ) ) REPRESENTATION_CONTEXT ( 'NONE', 'WORKASPACE' ) );
#660 = DIRECTION ( 'NONE',  ( 0.0000000000000000000, 0.0000000000000000000, 1.000000000000000000 ) ) ;
#661 = EDGE_CURVE ( 'NONE', #2356, #615, #102, .T. ) ;
#662 = CARTESIAN_POINT ( 'NONE',  ( -0.1000000000000000056, -0.0001000000000000000183, -0.08000000000000000167 ) ) ;
#663 = ORIENTED_EDGE ( 'NONE', *, *, #43, .T. ) ;
#664 =( BOUNDED_SURFACE ( )  B_SPLINE_SURFACE ( 3, 3, ( 
 ( #1877, #683, #465, #1251 ),
 ( #275, #897, #2280, #2494 ),
 ( #264, #1487, #2296, #1663 ),
 ( #1055, #2472, #1851, #670 ) ),
 .UNSPECIFIED., .F., .F., .F. ) 
 B_SPLINE_SURFACE_WITH_KNOTS ( ( 4, 4 ),
 ( 4, 4 ),
 ( 0.0000000000000000000, 1.000000000000000000 ),
 ( 0.0000000000000000000, 1.000000000000000000 ),
 .UNSPECIFIED. ) 
 GEOMETRIC_REPRESENTATION_ITEM ( )  RATIONAL_B_SPLINE_SURFACE ( (
 ( 1.000000000000000000, 0.3333333333333334259, 0.3333333333333334259, 1.000000000000000000),
 ( 0.8047378541243608296, 0.2682459513747870172, 0.2682459513747870172, 0.8047378541243608296),
 ( 0.8047378541243608296, 0.2682459513747870172, 0.2682459513747870172, 0.8047378541243608296),
 ( 1.000000000000000000, 0.3333333333333334259, 0.3333333333333334259, 1.000000000000000000) ) ) 
 REPRESENTATION_ITEM ( '' )  SURFACE ( )  );
#665 = CARTESIAN_POINT ( 'NONE',  ( -0.08999999798834319720, 0.05999999999999999778, 0.0000000000000000000 ) ) ;
#666 = ORIENTED_EDGE ( 'NONE', *, *, #2059, .F. ) ;
#667 = ADVANCED_FACE ( 'NONE', ( #950 ), #763, .T. ) ;
#668 = CARTESIAN_POINT ( 'NONE',  ( 0.0000000000000000000, 0.07000000000000000666, 0.0000000000000000000 ) ) ;
#669 = SURFACE_SIDE_STYLE ('',( #464 ) ) ;
#670 = CARTESIAN_POINT ( 'NONE',  ( -0.06499999854713679748, 0.06875000000000000555, 0.05249999899417161220 ) ) ;
#671 = FILL_AREA_STYLE ('',( #1253 ) ) ;
#672 = CARTESIAN_POINT ( 'NONE',  ( -0.1000000000000000056, 0.0000000000000000000, -0.08000000000000000167 ) ) ;
#673 = SURFACE_STYLE_FILL_AREA ( #76 ) ;
#674 = DIRECTION ( 'NONE',  ( -3.725290326217491002E-08, 0.0000000000000000000, -0.9999999999999993339 ) ) ;
#675 = ORIENTED_EDGE ( 'NONE', *, *, #53, .T. ) ;
#676 = SURFACE_STYLE_USAGE ( .BOTH. , #1282 ) ;
#677 = VERTEX_POINT ( 'NONE', #1710 ) ;
#678 = EDGE_CURVE ( 'NONE', #816, #642, #2111, .T. ) ;
#679 = CARTESIAN_POINT ( 'NONE',  ( -0.05999999865889549949, -0.0001000000000000000183, 0.01999999955296519888 ) ) ;
#680 = CARTESIAN_POINT ( 'NONE',  ( 0.08499999798834320663, 0.05999999999999999778, 0.06499999843537809796 ) ) ;
#681 = COLOUR_RGB ( '',0.9529411764705881804, 0.8980392156862745390, 0.6549019607843137303 ) ;
#682 = PRESENTATION_LAYER_ASSIGNMENT (  '', '', ( #2314 ) ) ;
#683 = CARTESIAN_POINT ( 'NONE',  ( -0.05249999854713681413, 0.06750000000000000444, 0.03874999899417160693 ) ) ;
#684 = DIRECTION ( 'NONE',  ( -3.469446926104220047E-16, 0.0000000000000000000, 1.000000000000000000 ) ) ;
#685 = VECTOR ( 'NONE', #658, 100.0000000000000000 ) ;
#686 = DIRECTION ( 'NONE',  ( 0.0000000000000000000, 0.0000000000000000000, -1.000000000000000000 ) ) ;
#687 = CARTESIAN_POINT ( 'NONE',  ( -0.06499999854713679748, 0.06875000000000000555, 0.04499999899417159860 ) ) ;
#688 = PRESENTATION_STYLE_ASSIGNMENT (( #479 ) ) ;
#689 = PLANE ( 'NONE',  #1563 ) ;
#690 = EDGE_LOOP ( 'NONE', ( #1821, #1073, #65, #1706 ) ) ;
#691 = VECTOR ( 'NONE', #151, 100.0000000000000000 ) ;
#692 = ORIENTED_EDGE ( 'NONE', *, *, #1863, .T. ) ;
#693 = CARTESIAN_POINT ( 'NONE',  ( -0.06499999854713679748, 0.06875000000000000555, 0.03624999899417159083 ) ) ;
#694 = AXIS2_PLACEMENT_3D ( 'NONE', #1210, #834, #1568 ) ;
#695 = EDGE_CURVE ( 'NONE', #2356, #500, #1550, .T. ) ;
#696 = CARTESIAN_POINT ( 'NONE',  ( -0.1000000000000000056, 0.0000000000000000000, -0.07000000000000000666 ) ) ;
#697 = DIRECTION ( 'NONE',  ( 0.0000000000000000000, 0.0000000000000000000, 1.000000000000000000 ) ) ;
#698 = CIRCLE ( 'NONE', #2549, 0.006249999999999995143 ) ;
#699 = PRESENTATION_LAYER_ASSIGNMENT (  '', '', ( #1203 ) ) ;
#700 = CARTESIAN_POINT ( 'NONE',  ( 0.08999999999999999667, 0.05999999999999999778, 0.08000000000000000167 ) ) ;
#701 = LINE ( 'NONE', #328, #1981 ) ;
#702 = CARTESIAN_POINT ( 'NONE',  ( -0.1000000000000000056, 0.0000000000000000000, -0.07000000000000000666 ) ) ;
#703 = MECHANICAL_DESIGN_GEOMETRIC_PRESENTATION_REPRESENTATION (  '', ( #2257 ), #659 ) ;
#704 = VERTEX_POINT ( 'NONE', #926 ) ;
#705 = LINE ( 'NONE', #2514, #1788 ) ;
#706 = ORIENTED_EDGE ( 'NONE', *, *, #1023, .T. ) ;
#707 =( LENGTH_UNIT ( ) NAMED_UNIT ( * ) SI_UNIT ( .CENTI., .METRE. ) );
#708 = ADVANCED_FACE ( 'NONE', ( #548 ), #1822, .F. ) ;
#709 = DIRECTION ( 'NONE',  ( 0.0000000000000000000, 0.0000000000000000000, -1.000000000000000000 ) ) ;
#710 = CARTESIAN_POINT ( 'NONE',  ( 0.05999999865889549949, -0.0001000000000000000183, 0.08000000000000000167 ) ) ;
#711 = ADVANCED_FACE ( 'NONE', ( #538 ), #1114, .T. ) ;
#712 = EDGE_CURVE ( 'NONE', #2081, #627, #2139, .T. ) ;
#713 = FACE_OUTER_BOUND ( 'NONE', #1950, .T. ) ;
#714 = DIRECTION ( 'NONE',  ( 0.0000000000000000000, 0.0000000000000000000, -1.000000000000000000 ) ) ;
#715 =( LENGTH_UNIT ( ) NAMED_UNIT ( * ) SI_UNIT ( .CENTI., .METRE. ) );
#716 = EDGE_LOOP ( 'NONE', ( #1677, #1480, #2093, #1515, #244, #409, #247, #335 ) ) ;
#717 = CARTESIAN_POINT ( 'NONE',  ( 0.08999999999999999667, 0.02999999999999999889, -0.08000000000000000167 ) ) ;
#718 = ORIENTED_EDGE ( 'NONE', *, *, #1488, .F. ) ;
#719 =( NAMED_UNIT ( * ) SI_UNIT ( $, .STERADIAN. ) SOLID_ANGLE_UNIT ( ) );
#720 = DIRECTION ( 'NONE',  ( 0.0000000000000000000, 0.0000000000000000000, 1.000000000000000000 ) ) ;
#721 = LINE ( 'NONE', #953, #2538 ) ;
#722 = CARTESIAN_POINT ( 'NONE',  ( -0.06499999854713681136, 0.06801776695296636588, 0.05249999899417160526 ) ) ;
#723 =( LENGTH_UNIT ( ) NAMED_UNIT ( * ) SI_UNIT ( .CENTI., .METRE. ) );
#724 = FILL_AREA_STYLE ('',( #1087 ) ) ;
#725 = ADVANCED_FACE ( 'NONE', ( #163 ), #278, .F. ) ;
#726 = ORIENTED_EDGE ( 'NONE', *, *, #1729, .F. ) ;
#727 = ORIENTED_EDGE ( 'NONE', *, *, #319, .T. ) ;
#728 = DIRECTION ( 'NONE',  ( -0.0000000000000000000, 0.0000000000000000000, -1.000000000000000000 ) ) ;
#729 = EDGE_LOOP ( 'NONE', ( #948, #2552, #805, #1187 ) ) ;
#730 = CARTESIAN_POINT ( 'NONE',  ( -0.06499999854713681136, 0.07000000000000000666, 0.05301776594713797364 ) ) ;
#731 = AXIS2_PLACEMENT_3D ( 'NONE', #1179, #1998, #1596 ) ;
#732 = FACE_OUTER_BOUND ( 'NONE', #1333, .T. ) ;
#733 = MECHANICAL_DESIGN_GEOMETRIC_PRESENTATION_REPRESENTATION (  '', ( #2077 ), #1953 ) ;
#734 = ORIENTED_EDGE ( 'NONE', *, *, #2100, .T. ) ;
#735 = LINE ( 'NONE', #1341, #371 ) ;
#736 = PRESENTATION_LAYER_ASSIGNMENT (  '', '', ( #2545 ) ) ;
#737 = AXIS2_PLACEMENT_3D ( 'NONE', #1195, #220, #592 ) ;
#738 = LINE ( 'NONE', #1921, #1524 ) ;
#739 = EDGE_CURVE ( 'NONE', #2468, #1743, #1989, .T. ) ;
#740 = AXIS2_PLACEMENT_3D ( 'NONE', #568, #1810, #419 ) ;
#741 = ORIENTED_EDGE ( 'NONE', *, *, #2255, .T. ) ;
#742 = ORIENTED_EDGE ( 'NONE', *, *, #462, .T. ) ;
#743 = SURFACE_STYLE_FILL_AREA ( #2329 ) ;
#744 = EDGE_CURVE ( 'NONE', #973, #392, #1231, .T. ) ;
#745 = EDGE_LOOP ( 'NONE', ( #2148, #2488, #2248, #1361 ) ) ;
#746 = DIRECTION ( 'NONE',  ( 1.000000000000000000, 0.0000000000000000000, 0.0000000000000000000 ) ) ;
#747 = CARTESIAN_POINT ( 'NONE',  ( -0.04999999854713678415, 0.06875000000000000555, 0.03749999899417158500 ) ) ;
#748 = EDGE_CURVE ( 'NONE', #639, #613, #1219, .T. ) ;
#749 = CARTESIAN_POINT ( 'NONE',  ( 0.08499999798834320663, 0.06500000000000000222, 0.06999999843537810240 ) ) ;
#750 = FILL_AREA_STYLE ('',( #515 ) ) ;
#751 = CARTESIAN_POINT ( 'NONE',  ( -0.06499999854713681136, 0.06801776695296636588, 0.03749999899417159194 ) ) ;
#752 =( NAMED_UNIT ( * ) SI_UNIT ( $, .STERADIAN. ) SOLID_ANGLE_UNIT ( ) );
#753 = LINE ( 'NONE', #2381, #230 ) ;
#754 = LINE ( 'NONE', #1730, #785 ) ;
#755 =( NAMED_UNIT ( * ) SI_UNIT ( $, .STERADIAN. ) SOLID_ANGLE_UNIT ( ) );
#756 = UNCERTAINTY_MEASURE_WITH_UNIT (LENGTH_MEASURE( 1.000000000000000082E-05 ), #2040, 'distance_accuracy_value', 'NONE');
#757 = ORIENTED_EDGE ( 'NONE', *, *, #695, .F. ) ;
#758 = LINE ( 'NONE', #2527, #2424 ) ;
#759 = ORIENTED_EDGE ( 'NONE', *, *, #1943, .T. ) ;
#760 = PRESENTATION_STYLE_ASSIGNMENT (( #413 ) ) ;
#761 = DIRECTION ( 'NONE',  ( -0.0000000000000000000, -1.000000000000000000, -0.0000000000000000000 ) ) ;
#762 = EDGE_CURVE ( 'NONE', #392, #1743, #842, .T. ) ;
#763 = CYLINDRICAL_SURFACE ( 'NONE', #2449, 0.01000000000000000541 ) ;
#764 = ORIENTED_EDGE ( 'NONE', *, *, #2542, .F. ) ;
#765 = DIRECTION ( 'NONE',  ( 0.0000000000000000000, -0.0000000000000000000, -1.000000000000000000 ) ) ;
#766 = DIRECTION ( 'NONE',  ( 0.0000000000000000000, 1.000000000000000000, -0.0000000000000000000 ) ) ;
#767 =( LENGTH_UNIT ( ) NAMED_UNIT ( * ) SI_UNIT ( .CENTI., .METRE. ) );
#768 =( GEOMETRIC_REPRESENTATION_CONTEXT ( 3 ) GLOBAL_UNCERTAINTY_ASSIGNED_CONTEXT ( ( #1691 ) ) GLOBAL_UNIT_ASSIGNED_CONTEXT ( ( #1462, #2520, #2309 ) ) REPRESENTATION_CONTEXT ( 'NONE', 'WORKASPACE' ) );
#769 = FACE_OUTER_BOUND ( 'NONE', #1467, .T. ) ;
#770 = EDGE_LOOP ( 'NONE', ( #545, #42, #727, #1624 ) ) ;
#771 = CIRCLE ( 'NONE', #985, 0.01000000000000000541 ) ;
#772 = DIRECTION ( 'NONE',  ( 1.000000000000000000, 0.0000000000000000000, -0.0000000000000000000 ) ) ;
#773 = EDGE_LOOP ( 'NONE', ( #945, #1845, #2350, #552 ) ) ;
#774 = DIRECTION ( 'NONE',  ( -0.0000000000000000000, -1.000000000000000000, -0.0000000000000000000 ) ) ;
#775 = DIRECTION ( 'NONE',  ( -0.0000000000000000000, -1.000000000000000000, -0.0000000000000000000 ) ) ;
#776 = VECTOR ( 'NONE', #775, 100.0000000000000000 ) ;
#777 = PLANE ( 'NONE',  #694 ) ;
#778 = EDGE_CURVE ( 'NONE', #1097, #1112, #2436, .T. ) ;
#779 = PLANE ( 'NONE',  #946 ) ;
#780 = ORIENTED_EDGE ( 'NONE', *, *, #223, .T. ) ;
#781 = CIRCLE ( 'NONE', #1109, 0.005000000000000002706 ) ;
#782 = DIRECTION ( 'NONE',  ( 0.0000000000000000000, 0.0000000000000000000, -1.000000000000000000 ) ) ;
#783 =( NAMED_UNIT ( * ) PLANE_ANGLE_UNIT ( ) SI_UNIT ( $, .RADIAN. ) );
#784 = CARTESIAN_POINT ( 'NONE',  ( -0.08103553245306953368, 0.06999999999999999278, 0.05301776594713796670 ) ) ;
#785 = VECTOR ( 'NONE', #1704, 100.0000000000000000 ) ;
#786 = CARTESIAN_POINT ( 'NONE',  ( 0.07999999798834321607, 0.06500000000000000222, 0.06499999843537809796 ) ) ;
#787 = UNCERTAINTY_MEASURE_WITH_UNIT (LENGTH_MEASURE( 1.000000000000000082E-05 ), #183, 'distance_accuracy_value', 'NONE');
#788 = ORIENTED_EDGE ( 'NONE', *, *, #287, .T. ) ;
#789 = VECTOR ( 'NONE', #1212, 100.0000000000000000 ) ;
#790 = ORIENTED_EDGE ( 'NONE', *, *, #601, .F. ) ;
#791 = FILL_AREA_STYLE ('',( #2559 ) ) ;
#792 = EDGE_LOOP ( 'NONE', ( #2262, #1027, #306, #2603 ) ) ;
#793 =( GEOMETRIC_REPRESENTATION_CONTEXT ( 3 ) GLOBAL_UNCERTAINTY_ASSIGNED_CONTEXT ( ( #840 ) ) GLOBAL_UNIT_ASSIGNED_CONTEXT ( ( #437, #2231, #804 ) ) REPRESENTATION_CONTEXT ( 'NONE', 'WORKASPACE' ) );
#794 = EDGE_CURVE ( 'NONE', #537, #1503, #564, .T. ) ;
#795 = CARTESIAN_POINT ( 'NONE',  ( 0.08999999999999999667, -0.0001000000000000000183, -0.08000000000000000167 ) ) ;
#796 = CARTESIAN_POINT ( 'NONE',  ( -0.06499999854713679748, 0.06750000000000000444, 0.04499999899417159860 ) ) ;
#797 = CARTESIAN_POINT ( 'NONE',  ( -0.05999999865889549949, -0.0001000000000000000183, 0.08000000000000000167 ) ) ;
#798 = EDGE_CURVE ( 'NONE', #826, #1565, #2300, .T. ) ;
#799 = EDGE_CURVE ( 'NONE', #320, #977, #507, .T. ) ;
#800 =( NAMED_UNIT ( * ) PLANE_ANGLE_UNIT ( ) SI_UNIT ( $, .RADIAN. ) );
#801 = LINE ( 'NONE', #1601, #208 ) ;
#802 = EDGE_LOOP ( 'NONE', ( #1720, #1358, #559, #2450 ) ) ;
#803 = ORIENTED_EDGE ( 'NONE', *, *, #1715, .T. ) ;
#804 =( NAMED_UNIT ( * ) SI_UNIT ( $, .STERADIAN. ) SOLID_ANGLE_UNIT ( ) );
#805 = ORIENTED_EDGE ( 'NONE', *, *, #348, .T. ) ;
#806 = FILL_AREA_STYLE_COLOUR ( '', #1783 ) ;
#807 = SURFACE_STYLE_FILL_AREA ( #2199 ) ;
#808 = CARTESIAN_POINT ( 'NONE',  ( -0.09999999999999997780, 0.0000000000000000000, 0.01999999955296519541 ) ) ;
#809 = CARTESIAN_POINT ( 'NONE',  ( 0.05999999865889549949, 0.0000000000000000000, 0.04999999977648259680 ) ) ;
#810 = FACE_OUTER_BOUND ( 'NONE', #2276, .T. ) ;
#811 = ORIENTED_EDGE ( 'NONE', *, *, #1639, .F. ) ;
#812 = ADVANCED_FACE ( 'NONE', ( #129 ), #1889, .F. ) ;
#813 = VERTEX_POINT ( 'NONE', #879 ) ;
#814 = CIRCLE ( 'NONE', #2399, 0.005000000000000002706 ) ;
#815 = DIRECTION ( 'NONE',  ( -1.000000000000000000, 0.0000000000000000000, -0.0000000000000000000 ) ) ;
#816 = VERTEX_POINT ( 'NONE', #1279 ) ;
#817 = FACE_OUTER_BOUND ( 'NONE', #1423, .T. ) ;
#818 = FILL_AREA_STYLE_COLOUR ( '', #1620 ) ;
#819 =( GEOMETRIC_REPRESENTATION_CONTEXT ( 3 ) GLOBAL_UNCERTAINTY_ASSIGNED_CONTEXT ( ( #1357 ) ) GLOBAL_UNIT_ASSIGNED_CONTEXT ( ( #2534, #1365, #376 ) ) REPRESENTATION_CONTEXT ( 'NONE', 'WORKASPACE' ) );
#820 = SURFACE_SIDE_STYLE ('',( #17 ) ) ;
#821 = CARTESIAN_POINT ( 'NONE',  ( 0.1000000000000000056, 0.05999999999999999778, 0.07000000000000000666 ) ) ;
#822 = STYLED_ITEM ( 'NONE', ( #2482 ), #990 ) ;
#823 = DIRECTION ( 'NONE',  ( 0.0000000000000000000, -1.000000000000000000, 0.0000000000000000000 ) ) ;
#824 = DIRECTION ( 'NONE',  ( 1.000000000000000000, 0.0000000000000000000, 3.469446835631340056E-16 ) ) ;
#825 = LINE ( 'NONE', #1026, #2522 ) ;
#826 = VERTEX_POINT ( 'NONE', #1881 ) ;
#827 = AXIS2_PLACEMENT_3D ( 'NONE', #1723, #1124, #1897 ) ;
#828 = EDGE_CURVE ( 'NONE', #677, #2315, #1479, .T. ) ;
#829 = LINE ( 'NONE', #2427, #2467 ) ;
#830 = EDGE_LOOP ( 'NONE', ( #1060, #1003, #1979, #1759 ) ) ;
#831 = MECHANICAL_DESIGN_GEOMETRIC_PRESENTATION_REPRESENTATION (  '', ( #71 ), #1522 ) ;
#832 = AXIS2_PLACEMENT_3D ( 'NONE', #1491, #47, #1888 ) ;
#833 = AXIS2_PLACEMENT_3D ( 'NONE', #390, #290, #2433 ) ;
#834 = DIRECTION ( 'NONE',  ( 1.000000000000000000, -0.0000000000000000000, 0.0000000000000000000 ) ) ;
#835 = VECTOR ( 'NONE', #588, 100.0000000000000000 ) ;
#836 = CARTESIAN_POINT ( 'NONE',  ( -0.05999999865889549949, 0.0000000000000000000, -0.01999999999999999695 ) ) ;
#837 = DIRECTION ( 'NONE',  ( 0.0000000000000000000, -0.0000000000000000000, -1.000000000000000000 ) ) ;
#838 = DIRECTION ( 'NONE',  ( 0.0000000000000000000, 1.000000000000000000, 0.0000000000000000000 ) ) ;
#839 = LINE ( 'NONE', #1217, #2590 ) ;
#840 = UNCERTAINTY_MEASURE_WITH_UNIT (LENGTH_MEASURE( 1.000000000000000082E-05 ), #437, 'distance_accuracy_value', 'NONE');
#841 = ORIENTED_EDGE ( 'NONE', *, *, #443, .T. ) ;
#842 = LINE ( 'NONE', #1618, #237 ) ;
#843 = ORIENTED_EDGE ( 'NONE', *, *, #1425, .F. ) ;
#844 = CARTESIAN_POINT ( 'NONE',  ( 0.07999999932944780456, -0.0001000000000000000183, -0.04999999977648259680 ) ) ;
#845 = ORIENTED_EDGE ( 'NONE', *, *, #2384, .T. ) ;
#846 = SURFACE_STYLE_USAGE ( .BOTH. , #669 ) ;
#847 = ADVANCED_FACE ( 'NONE', ( #903 ), #2101, .T. ) ;
#848 = SURFACE_STYLE_FILL_AREA ( #2247 ) ;
#849 = DIRECTION ( 'NONE',  ( -1.000000000000000000, -0.0000000000000000000, -0.0000000000000000000 ) ) ;
#850 = DIRECTION ( 'NONE',  ( -0.0000000000000000000, 0.0000000000000000000, -1.000000000000000000 ) ) ;
#851 = ORIENTED_EDGE ( 'NONE', *, *, #1629, .F. ) ;
#852 = DIRECTION ( 'NONE',  ( 0.0000000000000000000, -0.0000000000000000000, -1.000000000000000000 ) ) ;
#853 = ORIENTED_EDGE ( 'NONE', *, *, #2464, .T. ) ;
#854 = DIRECTION ( 'NONE',  ( -1.000000000000000000, -0.0000000000000000000, -0.0000000000000000000 ) ) ;
#855 = VECTOR ( 'NONE', #643, 100.0000000000000000 ) ;
#856 = ADVANCED_FACE ( 'NONE', ( #315 ), #689, .T. ) ;
#857 = DIRECTION ( 'NONE',  ( 0.0000000000000000000, 0.0000000000000000000, 1.000000000000000000 ) ) ;
#858 = ORIENTED_EDGE ( 'NONE', *, *, #762, .T. ) ;
#859 = DIRECTION ( 'NONE',  ( 0.0000000000000000000, 1.000000000000000000, 0.0000000000000000000 ) ) ;
#860 = AXIS2_PLACEMENT_3D ( 'NONE', #358, #1336, #123 ) ;
#861 =( LENGTH_UNIT ( ) NAMED_UNIT ( * ) SI_UNIT ( .CENTI., .METRE. ) );
#862 = DIRECTION ( 'NONE',  ( 1.000000000000000000, 0.0000000000000000000, -0.0000000000000000000 ) ) ;
#863 = MECHANICAL_DESIGN_GEOMETRIC_PRESENTATION_REPRESENTATION (  '', ( #2410 ), #1949 ) ;
#864 = EDGE_LOOP ( 'NONE', ( #2556, #24, #1852, #2529 ) ) ;
#865 = VECTOR ( 'NONE', #1940, 100.0000000000000000 ) ;
#866 = LINE ( 'NONE', #905, #1661 ) ;
#867 = ORIENTED_EDGE ( 'NONE', *, *, #338, .T. ) ;
#868 = MECHANICAL_DESIGN_GEOMETRIC_PRESENTATION_REPRESENTATION (  '', ( #327 ), #450 ) ;
#869 = DIRECTION ( 'NONE',  ( 0.0000000000000000000, 0.0000000000000000000, -1.000000000000000000 ) ) ;
#870 = COLOUR_RGB ( '',0.9529411764705881804, 0.8980392156862745390, 0.6549019607843137303 ) ;
#871 = CARTESIAN_POINT ( 'NONE',  ( 0.07999999932944780456, 0.0000000000000000000, -0.01999999955296519541 ) ) ;
#872 = CIRCLE ( 'NONE', #1202, 0.005000000000000002706 ) ;
#873 = COLOUR_RGB ( '',0.9529411764705881804, 0.8980392156862745390, 0.6549019607843137303 ) ;
#874 = VECTOR ( 'NONE', #2498, 100.0000000000000000 ) ;
#875 = CARTESIAN_POINT ( 'NONE',  ( 0.08999999999999999667, 0.02999999999999999889, -0.08000000000000000167 ) ) ;
#876 = SURFACE_STYLE_FILL_AREA ( #671 ) ;
#877 = FACE_OUTER_BOUND ( 'NONE', #589, .T. ) ;
#878 = CARTESIAN_POINT ( 'NONE',  ( 0.1000000000000000056, 0.02999999999999999889, -0.08000000000000000167 ) ) ;
#879 = CARTESIAN_POINT ( 'NONE',  ( 0.05999999865889549949, -0.0001000000000000000183, -0.01999999955296518847 ) ) ;
#880 = ADVANCED_FACE ( 'NONE', ( #900 ), #2224, .T. ) ;
#881 = EDGE_CURVE ( 'NONE', #1097, #377, #235, .T. ) ;
#882 = EDGE_LOOP ( 'NONE', ( #629, #922, #2354, #2547 ) ) ;
#883 = PLANE ( 'NONE',  #2001 ) ;
#884 = ORIENTED_EDGE ( 'NONE', *, *, #1765, .T. ) ;
#885 =( NAMED_UNIT ( * ) PLANE_ANGLE_UNIT ( ) SI_UNIT ( $, .RADIAN. ) );
#886 = CARTESIAN_POINT ( 'NONE',  ( -0.08499999798834320663, 0.05999999999999999778, -0.06499999843537809796 ) ) ;
#887 =( NAMED_UNIT ( * ) SI_UNIT ( $, .STERADIAN. ) SOLID_ANGLE_UNIT ( ) );
#888 = DIRECTION ( 'NONE',  ( -1.000000000000000000, 0.0000000000000000000, 0.0000000000000000000 ) ) ;
#889 =( NAMED_UNIT ( * ) SI_UNIT ( $, .STERADIAN. ) SOLID_ANGLE_UNIT ( ) );
#890 = CARTESIAN_POINT ( 'NONE',  ( 0.0000000000000000000, 0.02999999999999999889, 0.0000000000000000000 ) ) ;
#891 = VERTEX_POINT ( 'NONE', #1575 ) ;
#892 = DIRECTION ( 'NONE',  ( 0.0000000000000000000, 0.0000000000000000000, 1.000000000000000000 ) ) ;
#893 = EDGE_CURVE ( 'NONE', #471, #2585, #2580, .T. ) ;
#894 = ORIENTED_EDGE ( 'NONE', *, *, #53, .F. ) ;
#895 = CARTESIAN_POINT ( 'NONE',  ( 0.08499999798834320663, 0.06500000000000000222, 0.06499999843537809796 ) ) ;
#896 = VECTOR ( 'NONE', #1758, 100.0000000000000000 ) ;
#897 = CARTESIAN_POINT ( 'NONE',  ( -0.05103553245306954173, 0.06749999999999999056, 0.03801776594713796725 ) ) ;
#898 = DIRECTION ( 'NONE',  ( 0.0000000000000000000, 0.0000000000000000000, -1.000000000000000000 ) ) ;
#899 = AXIS2_PLACEMENT_3D ( 'NONE', #1598, #2432, #253 ) ;
#900 = FACE_OUTER_BOUND ( 'NONE', #2342, .T. ) ;
#901 = LINE ( 'NONE', #1686, #874 ) ;
#902 = CARTESIAN_POINT ( 'NONE',  ( 0.09999999776482580705, -0.0001000000000000000183, 0.01999999955296519888 ) ) ;
#903 = FACE_OUTER_BOUND ( 'NONE', #56, .T. ) ;
#904 = PRESENTATION_LAYER_ASSIGNMENT (  '', '', ( #1031 ) ) ;
#905 = CARTESIAN_POINT ( 'NONE',  ( 0.05999999865889549949, 0.0000000000000000000, -0.01999999955296518847 ) ) ;
#906 = VECTOR ( 'NONE', #2401, 100.0000000000000000 ) ;
#907 = ORIENTED_EDGE ( 'NONE', *, *, #1258, .T. ) ;
#908 = EDGE_CURVE ( 'NONE', #188, #438, #594, .T. ) ;
#909 = PRESENTATION_STYLE_ASSIGNMENT (( #1090 ) ) ;
#910 = ORIENTED_EDGE ( 'NONE', *, *, #2325, .T. ) ;
#911 = LINE ( 'NONE', #162, #1614 ) ;
#912 = ADVANCED_FACE ( 'NONE', ( #252 ), #1196, .F. ) ;
#913 = EDGE_CURVE ( 'NONE', #652, #1494, #1033, .T. ) ;
#914 = MECHANICAL_DESIGN_GEOMETRIC_PRESENTATION_REPRESENTATION (  '', ( #2120 ), #1570 ) ;
#915 = DIRECTION ( 'NONE',  ( -0.0000000000000000000, 1.000000000000000000, -0.0000000000000000000 ) ) ;
#916 = VECTOR ( 'NONE', #1159, 100.0000000000000000 ) ;
#917 = LINE ( 'NONE', #1700, #1682 ) ;
#918 = DIRECTION ( 'NONE',  ( 0.0000000000000000000, 0.0000000000000000000, -1.000000000000000000 ) ) ;
#919 = PRESENTATION_LAYER_ASSIGNMENT (  '', '', ( #1044 ) ) ;
#920 =( LENGTH_UNIT ( ) NAMED_UNIT ( * ) SI_UNIT ( .CENTI., .METRE. ) );
#921 = MECHANICAL_DESIGN_GEOMETRIC_PRESENTATION_REPRESENTATION (  '', ( #578 ), #256 ) ;
#922 = ORIENTED_EDGE ( 'NONE', *, *, #243, .F. ) ;
#923 = VERTEX_POINT ( 'NONE', #404 ) ;
#924 = SURFACE_STYLE_FILL_AREA ( #1504 ) ;
#925 = ORIENTED_EDGE ( 'NONE', *, *, #678, .T. ) ;
#926 = CARTESIAN_POINT ( 'NONE',  ( 0.07999999798834320219, 0.07000000000000000666, 0.06499999843537809796 ) ) ;
#927 = CARTESIAN_POINT ( 'NONE',  ( 0.08499999798834320663, 0.05999999999999999778, 0.06999999843537810240 ) ) ;
#928 = ADVANCED_FACE ( 'NONE', ( #2003 ), #388, .T. ) ;
#929 = CARTESIAN_POINT ( 'NONE',  ( -0.07896446464120407405, 0.06749999999999999056, 0.05198223204120522994 ) ) ;
#930 = SURFACE_SIDE_STYLE ('',( #673 ) ) ;
#931 =( LENGTH_UNIT ( ) NAMED_UNIT ( * ) SI_UNIT ( .CENTI., .METRE. ) );
#932 =( LENGTH_UNIT ( ) NAMED_UNIT ( * ) SI_UNIT ( .CENTI., .METRE. ) );
#933 = ORIENTED_EDGE ( 'NONE', *, *, #2255, .F. ) ;
#934 = VERTEX_POINT ( 'NONE', #34 ) ;
#935 = DIRECTION ( 'NONE',  ( 0.0000000000000000000, 0.0000000000000000000, 1.000000000000000000 ) ) ;
#936 = VERTEX_POINT ( 'NONE', #836 ) ;
#937 = CARTESIAN_POINT ( 'NONE',  ( 0.05999999865889549949, 0.0000000000000000000, -0.01999999955296518847 ) ) ;
#938 = DIRECTION ( 'NONE',  ( 0.0000000000000000000, 1.000000000000000000, 0.0000000000000000000 ) ) ;
#939 = ORIENTED_EDGE ( 'NONE', *, *, #125, .T. ) ;
#940 = ADVANCED_FACE ( 'NONE', ( #1627 ), #1380, .F. ) ;
#941 = SURFACE_STYLE_USAGE ( .BOTH. , #1326 ) ;
#942 = AXIS2_PLACEMENT_3D ( 'NONE', #878, #1868, #2099 ) ;
#943 = DIRECTION ( 'NONE',  ( -0.0000000000000000000, -1.000000000000000000, -0.0000000000000000000 ) ) ;
#944 = ORIENTED_EDGE ( 'NONE', *, *, #2222, .T. ) ;
#945 = ORIENTED_EDGE ( 'NONE', *, *, #778, .F. ) ;
#946 = AXIS2_PLACEMENT_3D ( 'NONE', #349, #979, #1766 ) ;
#947 = CARTESIAN_POINT ( 'NONE',  ( -0.1000000000000000056, 0.02999999999999999889, -0.08000000000000000167 ) ) ;
#948 = ORIENTED_EDGE ( 'NONE', *, *, #2210, .T. ) ;
#949 = PRESENTATION_STYLE_ASSIGNMENT (( #106 ) ) ;
#950 = FACE_OUTER_BOUND ( 'NONE', #1407, .T. ) ;
#951 = STYLED_ITEM ( 'NONE', ( #295 ), #812 ) ;
#952 = AXIS2_PLACEMENT_3D ( 'NONE', #1925, #1725, #2532 ) ;
#953 = CARTESIAN_POINT ( 'NONE',  ( -0.1000000000000000056, 0.0000000000000000000, 0.07000000000000000666 ) ) ;
#954 = SURFACE_STYLE_USAGE ( .BOTH. , #1117 ) ;
#955 = STYLED_ITEM ( 'NONE', ( #2481 ), #1299 ) ;
#956 = ORIENTED_EDGE ( 'NONE', *, *, #2237, .T. ) ;
#957 =( NAMED_UNIT ( * ) SI_UNIT ( $, .STERADIAN. ) SOLID_ANGLE_UNIT ( ) );
#958 = CIRCLE ( 'NONE', #451, 0.01000000000000000541 ) ;
#959 = SURFACE_SIDE_STYLE ('',( #184 ) ) ;
#960 = MECHANICAL_DESIGN_GEOMETRIC_PRESENTATION_REPRESENTATION (  '', ( #1332 ), #1662 ) ;
#961 = CIRCLE ( 'NONE', #2418, 0.005000000000000002706 ) ;
#962 = SURFACE_STYLE_USAGE ( .BOTH. , #508 ) ;
#963 = VERTEX_POINT ( 'NONE', #2200 ) ;
#964 = EDGE_CURVE ( 'NONE', #627, #677, #3, .T. ) ;
#965 = CARTESIAN_POINT ( 'NONE',  ( -0.06499999854713679748, 0.06875000000000000555, 0.04499999899417159860 ) ) ;
#966 = ORIENTED_EDGE ( 'NONE', *, *, #363, .F. ) ;
#967 = CARTESIAN_POINT ( 'NONE',  ( 0.07999999798834320219, 0.06500000000000000222, -0.06499999843537811184 ) ) ;
#968 = ORIENTED_EDGE ( 'NONE', *, *, #798, .T. ) ;
#969 = CARTESIAN_POINT ( 'NONE',  ( -0.1000000000000000056, 0.0000000000000000000, -0.08000000000000000167 ) ) ;
#970 = SURFACE_STYLE_USAGE ( .BOTH. , #1131 ) ;
#971 = CARTESIAN_POINT ( 'NONE',  ( 0.08999999999999999667, -0.0001000000000000000183, 0.08000000000000000167 ) ) ;
#972 =( NAMED_UNIT ( * ) SI_UNIT ( $, .STERADIAN. ) SOLID_ANGLE_UNIT ( ) );
#973 = VERTEX_POINT ( 'NONE', #1401 ) ;
#974 = ORIENTED_EDGE ( 'NONE', *, *, #1425, .T. ) ;
#975 = ADVANCED_FACE ( 'NONE', ( #2213 ), #420, .F. ) ;
#976 = PLANE ( 'NONE',  #1209 ) ;
#977 = VERTEX_POINT ( 'NONE', #1684 ) ;
#978 = FACE_OUTER_BOUND ( 'NONE', #864, .T. ) ;
#979 = DIRECTION ( 'NONE',  ( 0.0000000000000000000, -1.000000000000000000, 0.0000000000000000000 ) ) ;
#980 = EDGE_LOOP ( 'NONE', ( #2369, #637, #907, #2030 ) ) ;
#981 = DIRECTION ( 'NONE',  ( -0.0000000000000000000, -1.000000000000000000, 0.0000000000000000000 ) ) ;
#982 = STYLED_ITEM ( 'NONE', ( #408 ), #55 ) ;
#983 = PRESENTATION_STYLE_ASSIGNMENT (( #1170 ) ) ;
#984 = ORIENTED_EDGE ( 'NONE', *, *, #303, .F. ) ;
#985 = AXIS2_PLACEMENT_3D ( 'NONE', #623, #434, #1842 ) ;
#986 = VERTEX_POINT ( 'NONE', #1047 ) ;
#987 = DIRECTION ( 'NONE',  ( 0.0000000000000000000, -1.000000000000000000, 0.0000000000000000000 ) ) ;
#988 = VERTEX_POINT ( 'NONE', #83 ) ;
#989 = DIRECTION ( 'NONE',  ( 0.0000000000000000000, 0.0000000000000000000, 1.000000000000000000 ) ) ;
#990 = ADVANCED_FACE ( 'NONE', ( #1436 ), #664, .T. ) ;
#991 = SURFACE_SIDE_STYLE ('',( #2012 ) ) ;
#992 = VECTOR ( 'NONE', #857, 100.0000000000000000 ) ;
#993 = EDGE_CURVE ( 'NONE', #412, #813, #502, .T. ) ;
#994 = LINE ( 'NONE', #16, #789 ) ;
#995 =( LENGTH_UNIT ( ) NAMED_UNIT ( * ) SI_UNIT ( .CENTI., .METRE. ) );
#996 = CARTESIAN_POINT ( 'NONE',  ( -0.05999999865889549949, 0.0000000000000000000, 0.01999999955296519888 ) ) ;
#997 = AXIS2_PLACEMENT_3D ( 'NONE', #2151, #1335, #989 ) ;
#998 = CARTESIAN_POINT ( 'NONE',  ( -0.06499999854713681136, 0.07000000000000000666, 0.03698223204120522356 ) ) ;
#999 = AXIS2_PLACEMENT_3D ( 'NONE', #1986, #422, #1216 ) ;
#1000 = CARTESIAN_POINT ( 'NONE',  ( 0.08499999798834320663, 0.06500000000000000222, 0.05999999843537810046 ) ) ;
#1001 = ORIENTED_EDGE ( 'NONE', *, *, #1500, .F. ) ;
#1002 = COLOUR_RGB ( '',0.9529411764705881804, 0.8980392156862745390, 0.6549019607843137303 ) ;
#1003 = ORIENTED_EDGE ( 'NONE', *, *, #1322, .T. ) ;
#1004 = LINE ( 'NONE', #1836, #835 ) ;
#1005 =( GEOMETRIC_REPRESENTATION_CONTEXT ( 3 ) GLOBAL_UNCERTAINTY_ASSIGNED_CONTEXT ( ( #787 ) ) GLOBAL_UNIT_ASSIGNED_CONTEXT ( ( #183, #402, #2364 ) ) REPRESENTATION_CONTEXT ( 'NONE', 'WORKASPACE' ) );
#1006 = ORIENTED_EDGE ( 'NONE', *, *, #1351, .T. ) ;
#1007 = AXIS2_PLACEMENT_3D ( 'NONE', #1935, #1548, #1163 ) ;
#1008 =( NAMED_UNIT ( * ) PLANE_ANGLE_UNIT ( ) SI_UNIT ( $, .RADIAN. ) );
#1009 = DIRECTION ( 'NONE',  ( 1.000000000000000000, -0.0000000000000000000, 0.0000000000000000000 ) ) ;
#1010 = EDGE_CURVE ( 'NONE', #2292, #354, #1648, .T. ) ;
#1011 = DIRECTION ( 'NONE',  ( -2.312964617402810242E-16, 0.0000000000000000000, -1.000000000000000000 ) ) ;
#1012 = CARTESIAN_POINT ( 'NONE',  ( -0.1000000000000000056, 0.0000000000000000000, -0.07000000000000000666 ) ) ;
#1013 = FACE_OUTER_BOUND ( 'NONE', #690, .T. ) ;
#1014 = CARTESIAN_POINT ( 'NONE',  ( -0.06499999854713679748, 0.06875000000000000555, 0.03874999899417158611 ) ) ;
#1015 = ORIENTED_EDGE ( 'NONE', *, *, #1444, .F. ) ;
#1016 = DIRECTION ( 'NONE',  ( -1.000000000000000000, 0.0000000000000000000, -0.0000000000000000000 ) ) ;
#1017 = ORIENTED_EDGE ( 'NONE', *, *, #43, .F. ) ;
#1018 = FILL_AREA_STYLE ('',( #1595 ) ) ;
#1019 = CARTESIAN_POINT ( 'NONE',  ( -0.07999999798834320219, 0.07000000000000000666, -0.06499999843537809796 ) ) ;
#1020 = DIRECTION ( 'NONE',  ( -0.0000000000000000000, 1.000000000000000000, -0.0000000000000000000 ) ) ;
#1021 =( NAMED_UNIT ( * ) SI_UNIT ( $, .STERADIAN. ) SOLID_ANGLE_UNIT ( ) );
#1022 = LINE ( 'NONE', #1812, #440 ) ;
#1023 = EDGE_CURVE ( 'NONE', #1923, #2489, #1264, .T. ) ;
#1024 = CARTESIAN_POINT ( 'NONE',  ( -0.07999999854713682468, 0.06948223304703363135, 0.05249999899417161220 ) ) ;
#1025 = UNCERTAINTY_MEASURE_WITH_UNIT (LENGTH_MEASURE( 1.000000000000000082E-05 ), #920, 'distance_accuracy_value', 'NONE');
#1026 = CARTESIAN_POINT ( 'NONE',  ( -0.08999999798834321107, 0.05999999999999999778, -0.06499999843537809796 ) ) ;
#1027 = ORIENTED_EDGE ( 'NONE', *, *, #27, .F. ) ;
#1028 = AXIS2_PLACEMENT_3D ( 'NONE', #113, #2272, #2500 ) ;
#1029 = CARTESIAN_POINT ( 'NONE',  ( -0.08499999798834320663, 0.07000000000000000666, 0.05999999843537810046 ) ) ;
#1030 = ORIENTED_EDGE ( 'NONE', *, *, #567, .T. ) ;
#1031 = STYLED_ITEM ( 'NONE', ( #2156 ), #1586 ) ;
#1032 = PRESENTATION_STYLE_ASSIGNMENT (( #2389 ) ) ;
#1033 = CIRCLE ( 'NONE', #326, 0.006249999999999995143 ) ;
#1034 = CARTESIAN_POINT ( 'NONE',  ( -0.1000000000000000056, 0.0000000000000000000, -0.08000000000000000167 ) ) ;
#1035 = DIRECTION ( 'NONE',  ( 0.0000000000000000000, 1.000000000000000000, 0.0000000000000000000 ) ) ;
#1036 = CARTESIAN_POINT ( 'NONE',  ( 0.08999999999999999667, 0.0000000000000000000, 0.08000000000000000167 ) ) ;
#1037 = SURFACE_STYLE_USAGE ( .BOTH. , #1431 ) ;
#1038 = EDGE_LOOP ( 'NONE', ( #1857, #1959, #1859, #1006 ) ) ;
#1039 = VECTOR ( 'NONE', #2440, 100.0000000000000000 ) ;
#1040 = DIRECTION ( 'NONE',  ( 1.000000000000000000, 0.0000000000000000000, 0.0000000000000000000 ) ) ;
#1041 = EDGE_CURVE ( 'NONE', #1906, #677, #1350, .T. ) ;
#1042 = EDGE_LOOP ( 'NONE', ( #1295, #1819, #121, #2313 ) ) ;
#1043 = AXIS2_PLACEMENT_3D ( 'NONE', #2167, #1778, #2561 ) ;
#1044 = STYLED_ITEM ( 'NONE', ( #1254 ), #2576 ) ;
#1045 = VECTOR ( 'NONE', #418, 100.0000000000000000 ) ;
#1046 = DIRECTION ( 'NONE',  ( 0.0000000000000000000, 0.0000000000000000000, -1.000000000000000000 ) ) ;
#1047 = CARTESIAN_POINT ( 'NONE',  ( -0.08999999999999999667, 0.0000000000000000000, 0.08000000000000001554 ) ) ;
#1048 = CARTESIAN_POINT ( 'NONE',  ( 0.05999999865889552031, -0.0001000000000000000183, 0.01999999955296519541 ) ) ;
#1049 = CARTESIAN_POINT ( 'NONE',  ( -0.1000000000000000056, -0.0001000000000000000183, -0.02000000000000000042 ) ) ;
#1050 = DIRECTION ( 'NONE',  ( 0.0000000000000000000, 0.0000000000000000000, -1.000000000000000000 ) ) ;
#1051 = ORIENTED_EDGE ( 'NONE', *, *, #1367, .T. ) ;
#1052 = CARTESIAN_POINT ( 'NONE',  ( 0.1000000000000000056, 0.02999999999999999889, -0.07000000000000000666 ) ) ;
#1053 = VERTEX_POINT ( 'NONE', #1899 ) ;
#1054 = EDGE_CURVE ( 'NONE', #2020, #1518, #2155, .T. ) ;
#1055 = CARTESIAN_POINT ( 'NONE',  ( -0.06499999854713679748, 0.06875000000000000555, 0.03749999899417159194 ) ) ;
#1056 = DIRECTION ( 'NONE',  ( 0.0000000000000000000, 0.0000000000000000000, -1.000000000000000000 ) ) ;
#1057 = FILL_AREA_STYLE_COLOUR ( '', #1002 ) ;
#1058 = DIRECTION ( 'NONE',  ( 0.0000000000000000000, -0.0000000000000000000, -1.000000000000000000 ) ) ;
#1059 = DIRECTION ( 'NONE',  ( 0.0000000000000000000, 0.0000000000000000000, 1.000000000000000000 ) ) ;
#1060 = ORIENTED_EDGE ( 'NONE', *, *, #486, .T. ) ;
#1061 = LINE ( 'NONE', #1098, #205 ) ;
#1062 = ORIENTED_EDGE ( 'NONE', *, *, #2222, .F. ) ;
#1063 = AXIS2_PLACEMENT_3D ( 'NONE', #1014, #1201, #425 ) ;
#1064 = DIRECTION ( 'NONE',  ( 0.0000000000000000000, 0.0000000000000000000, -1.000000000000000000 ) ) ;
#1065 = EDGE_CURVE ( 'NONE', #372, #1923, #1478, .T. ) ;
#1066 = VECTOR ( 'NONE', #421, 100.0000000000000000 ) ;
#1067 = EDGE_CURVE ( 'NONE', #923, #816, #1364, .T. ) ;
#1068 = COLOUR_RGB ( '',0.9529411764705881804, 0.8980392156862745390, 0.6549019607843137303 ) ;
#1069 = PLANE ( 'NONE',  #2288 ) ;
#1070 = CYLINDRICAL_SURFACE ( 'NONE', #1028, 0.005000000000000002706 ) ;
#1071 = COLOUR_RGB ( '',0.8156862745098039102, 0.8156862745098039102, 0.8156862745098039102 ) ;
#1072 = DIRECTION ( 'NONE',  ( 0.0000000000000000000, 0.0000000000000000000, -1.000000000000000000 ) ) ;
#1073 = ORIENTED_EDGE ( 'NONE', *, *, #2225, .F. ) ;
#1074 = PRESENTATION_LAYER_ASSIGNMENT (  '', '', ( #327 ) ) ;
#1075 = AXIS2_PLACEMENT_3D ( 'NONE', #1530, #714, #556 ) ;
#1076 =( LENGTH_UNIT ( ) NAMED_UNIT ( * ) SI_UNIT ( .CENTI., .METRE. ) );
#1077 = COLOUR_RGB ( '',0.8156862745098039102, 0.8156862745098039102, 0.8156862745098039102 ) ;
#1078 =( GEOMETRIC_REPRESENTATION_CONTEXT ( 3 ) GLOBAL_UNCERTAINTY_ASSIGNED_CONTEXT ( ( #626 ) ) GLOBAL_UNIT_ASSIGNED_CONTEXT ( ( #73, #1451, #889 ) ) REPRESENTATION_CONTEXT ( 'NONE', 'WORKASPACE' ) );
#1079 = AXIS2_PLACEMENT_3D ( 'NONE', #1829, #2599, #6 ) ;
#1080 = CIRCLE ( 'NONE', #1410, 0.005000000000000002706 ) ;
#1081 = CARTESIAN_POINT ( 'NONE',  ( 0.08499999798834320663, 0.06500000000000000222, -0.06499999843537809796 ) ) ;
#1082 = CIRCLE ( 'NONE', #1250, 0.01000000000000000541 ) ;
#1083 = ADVANCED_FACE ( 'NONE', ( #309 ), #1739, .T. ) ;
#1084 = FACE_OUTER_BOUND ( 'NONE', #1101, .T. ) ;
#1085 = SURFACE_STYLE_FILL_AREA ( #1452 ) ;
#1086 = DIRECTION ( 'NONE',  ( 0.0000000000000000000, 0.0000000000000000000, 1.000000000000000000 ) ) ;
#1087 = FILL_AREA_STYLE_COLOUR ( '', #2533 ) ;
#1088 = DIRECTION ( 'NONE',  ( -0.0000000000000000000, 1.000000000000000000, 0.0000000000000000000 ) ) ;
#1089 = ORIENTED_EDGE ( 'NONE', *, *, #591, .F. ) ;
#1090 = SURFACE_STYLE_USAGE ( .BOTH. , #1707 ) ;
#1091 = DIRECTION ( 'NONE',  ( 0.0000000000000000000, 1.000000000000000000, 0.0000000000000000000 ) ) ;
#1092 = CARTESIAN_POINT ( 'NONE',  ( -0.04749999854713679581, 0.07000000000000000666, 0.03624999899417159777 ) ) ;
#1093 = DIRECTION ( 'NONE',  ( 0.0000000000000000000, 0.0000000000000000000, -1.000000000000000000 ) ) ;
#1094 = DIRECTION ( 'NONE',  ( 1.000000000000000000, 0.0000000000000000000, -2.602085126723509849E-16 ) ) ;
#1095 = EDGE_CURVE ( 'NONE', #613, #1923, #721, .T. ) ;
#1096 =( NAMED_UNIT ( * ) SI_UNIT ( $, .STERADIAN. ) SOLID_ANGLE_UNIT ( ) );
#1097 = VERTEX_POINT ( 'NONE', #927 ) ;
#1098 = CARTESIAN_POINT ( 'NONE',  ( 0.1000000000000000056, -0.0001000000000000000183, -0.07000000000000000666 ) ) ;
#1099 = ORIENTED_EDGE ( 'NONE', *, *, #174, .T. ) ;
#1100 = EDGE_CURVE ( 'NONE', #2134, #1303, #2011, .T. ) ;
#1101 = EDGE_LOOP ( 'NONE', ( #811, #200, #1928, #2557, #1805 ) ) ;
#1102 = CARTESIAN_POINT ( 'NONE',  ( -0.1000000000000000056, 0.0000000000000000000, 0.06999999999999999278 ) ) ;
#1103 = CARTESIAN_POINT ( 'NONE',  ( 0.1000000000000000056, 0.02999999999999999889, 0.08000000000000000167 ) ) ;
#1104 = SURFACE_STYLE_FILL_AREA ( #724 ) ;
#1105 = MECHANICAL_DESIGN_GEOMETRIC_PRESENTATION_REPRESENTATION (  '', ( #19 ), #819 ) ;
#1106 =( NAMED_UNIT ( * ) SI_UNIT ( $, .STERADIAN. ) SOLID_ANGLE_UNIT ( ) );
#1107 = DIRECTION ( 'NONE',  ( 0.0000000000000000000, -0.0000000000000000000, -1.000000000000000000 ) ) ;
#1108 = ORIENTED_EDGE ( 'NONE', *, *, #2361, .F. ) ;
#1109 = AXIS2_PLACEMENT_3D ( 'NONE', #476, #1645, #1849 ) ;
#1110 = ADVANCED_FACE ( 'NONE', ( #1307 ), #2551, .T. ) ;
#1111 = FACE_OUTER_BOUND ( 'NONE', #1893, .T. ) ;
#1112 = VERTEX_POINT ( 'NONE', #749 ) ;
#1113 = PRESENTATION_STYLE_ASSIGNMENT (( #1537 ) ) ;
#1114 = PLANE ( 'NONE',  #860 ) ;
#1115 = DIRECTION ( 'NONE',  ( 0.0000000000000000000, 0.0000000000000000000, 1.000000000000000000 ) ) ;
#1116 = STYLED_ITEM ( 'NONE', ( #1445 ), #2267 ) ;
#1117 = SURFACE_SIDE_STYLE ('',( #152 ) ) ;
#1118 = DIRECTION ( 'NONE',  ( 0.0000000000000000000, -1.000000000000000000, 0.0000000000000000000 ) ) ;
#1119 = FILL_AREA_STYLE ('',( #1527 ) ) ;
#1120 = PRESENTATION_STYLE_ASSIGNMENT (( #2565 ) ) ;
#1121 = VECTOR ( 'NONE', #305, 100.0000000000000000 ) ;
#1122 = ORIENTED_EDGE ( 'NONE', *, *, #2478, .T. ) ;
#1123 = ORIENTED_EDGE ( 'NONE', *, *, #1818, .F. ) ;
#1124 = DIRECTION ( 'NONE',  ( -0.0000000000000000000, -1.000000000000000000, -0.0000000000000000000 ) ) ;
#1125 = CARTESIAN_POINT ( 'NONE',  ( 0.08499999798834320663, 0.06500000000000000222, -0.06499999843537809796 ) ) ;
#1126 = EDGE_CURVE ( 'NONE', #1112, #1525, #2306, .T. ) ;
#1127 = PLANE ( 'NONE',  #952 ) ;
#1128 = DIRECTION ( 'NONE',  ( 0.0000000000000000000, 0.0000000000000000000, 1.000000000000000000 ) ) ;
#1129 = EDGE_CURVE ( 'NONE', #1494, #279, #1734, .T. ) ;
#1130 = CARTESIAN_POINT ( 'NONE',  ( -0.1000000000000000056, 0.0000000000000000000, -0.08000000000000000167 ) ) ;
#1131 = SURFACE_SIDE_STYLE ('',( #1728 ) ) ;
#1132 = DIRECTION ( 'NONE',  ( -0.0000000000000000000, -0.0000000000000000000, -1.000000000000000000 ) ) ;
#1133 = SURFACE_STYLE_FILL_AREA ( #1544 ) ;
#1134 = FILL_AREA_STYLE_COLOUR ( '', #1077 ) ;
#1135 = ORIENTED_EDGE ( 'NONE', *, *, #2430, .F. ) ;
#1136 = VERTEX_POINT ( 'NONE', #2360 ) ;
#1137 = FACE_OUTER_BOUND ( 'NONE', #1270, .T. ) ;
#1138 = EDGE_LOOP ( 'NONE', ( #1885, #939, #894, #2409 ) ) ;
#1139 = DIRECTION ( 'NONE',  ( 0.0000000000000000000, 1.000000000000000000, 0.0000000000000000000 ) ) ;
#1140 = SURFACE_STYLE_FILL_AREA ( #325 ) ;
#1141 = CARTESIAN_POINT ( 'NONE',  ( 0.1000000000000000056, 0.0000000000000000000, -0.01999999955296519888 ) ) ;
#1142 = DIRECTION ( 'NONE',  ( 0.0000000000000000000, -0.0000000000000000000, -1.000000000000000000 ) ) ;
#1143 = CIRCLE ( 'NONE', #1767, 0.01000000000000000541 ) ;
#1144 = EDGE_LOOP ( 'NONE', ( #79, #1260, #1421, #2009, #2586 ) ) ;
#1145 = FACE_OUTER_BOUND ( 'NONE', #1791, .T. ) ;
#1146 = EDGE_CURVE ( 'NONE', #1562, #973, #167, .T. ) ;
#1147 = SURFACE_STYLE_FILL_AREA ( #1513 ) ;
#1148 = UNCERTAINTY_MEASURE_WITH_UNIT (LENGTH_MEASURE( 1.000000000000000082E-05 ), #723, 'distance_accuracy_value', 'NONE');
#1149 = VERTEX_POINT ( 'NONE', #967 ) ;
#1150 = VERTEX_POINT ( 'NONE', #1553 ) ;
#1151 = AXIS2_PLACEMENT_3D ( 'NONE', #1125, #761, #2346 ) ;
#1152 = SURFACE_STYLE_USAGE ( .BOTH. , #2355 ) ;
#1153 = ORIENTED_EDGE ( 'NONE', *, *, #2088, .F. ) ;
#1154 =( NAMED_UNIT ( * ) PLANE_ANGLE_UNIT ( ) SI_UNIT ( $, .RADIAN. ) );
#1155 = CARTESIAN_POINT ( 'NONE',  ( -0.1000000000000000056, 0.0000000000000000000, 0.04999999977648259680 ) ) ;
#1156 =( GEOMETRIC_REPRESENTATION_CONTEXT ( 3 ) GLOBAL_UNCERTAINTY_ASSIGNED_CONTEXT ( ( #1302 ) ) GLOBAL_UNIT_ASSIGNED_CONTEXT ( ( #1864, #641, #887 ) ) REPRESENTATION_CONTEXT ( 'NONE', 'WORKASPACE' ) );
#1157 = EDGE_CURVE ( 'NONE', #1934, #2439, #2141, .T. ) ;
#1158 = SURFACE_SIDE_STYLE ('',( #2146 ) ) ;
#1159 = DIRECTION ( 'NONE',  ( 0.0000000000000000000, 1.000000000000000000, 0.0000000000000000000 ) ) ;
#1160 = VERTEX_POINT ( 'NONE', #937 ) ;
#1161 = ORIENTED_EDGE ( 'NONE', *, *, #2140, .F. ) ;
#1162 = CIRCLE ( 'NONE', #1839, 0.005000000000000002706 ) ;
#1163 = DIRECTION ( 'NONE',  ( 0.0000000000000000000, 0.0000000000000000000, 1.000000000000000000 ) ) ;
#1164 = VERTEX_POINT ( 'NONE', #2129 ) ;
#1165 = CARTESIAN_POINT ( 'NONE',  ( -0.08999999999999999667, -0.0001000000000000000183, 0.08000000000000001554 ) ) ;
#1166 = CARTESIAN_POINT ( 'NONE',  ( -0.1000000000000000056, 0.05999999999999999778, -0.07000000000000000666 ) ) ;
#1167 = ORIENTED_EDGE ( 'NONE', *, *, #1651, .F. ) ;
#1168 = SURFACE_STYLE_USAGE ( .BOTH. , #1588 ) ;
#1169 = LINE ( 'NONE', #1945, #2236 ) ;
#1170 = SURFACE_STYLE_USAGE ( .BOTH. , #1814 ) ;
#1171 = UNCERTAINTY_MEASURE_WITH_UNIT (LENGTH_MEASURE( 1.000000000000000082E-05 ), #283, 'distance_accuracy_value', 'NONE');
#1172 = ADVANCED_FACE ( 'NONE', ( #339 ), #1127, .F. ) ;
#1173 = ORIENTED_EDGE ( 'NONE', *, *, #486, .F. ) ;
#1174 = ORIENTED_EDGE ( 'NONE', *, *, #1996, .T. ) ;
#1175 = CARTESIAN_POINT ( 'NONE',  ( 0.1000000000000000056, 0.02999999999999999889, 0.0000000000000000000 ) ) ;
#1176 = ADVANCED_FACE ( 'NONE', ( #732 ), #1523, .F. ) ;
#1177 = VERTEX_POINT ( 'NONE', #1165 ) ;
#1178 = SURFACE_SIDE_STYLE ('',( #2209 ) ) ;
#1179 = CARTESIAN_POINT ( 'NONE',  ( -0.05999999865889549949, 0.0000000000000000000, 0.08000000000000000167 ) ) ;
#1180 = VERTEX_POINT ( 'NONE', #1019 ) ;
#1181 = CARTESIAN_POINT ( 'NONE',  ( 0.1000000000000000056, 0.02999999999999999889, 0.08000000000000000167 ) ) ;
#1182 = DIRECTION ( 'NONE',  ( 0.0000000000000000000, -1.000000000000000000, 0.0000000000000000000 ) ) ;
#1183 = DIRECTION ( 'NONE',  ( 0.0000000000000000000, 1.000000000000000000, 0.0000000000000000000 ) ) ;
#1184 = CIRCLE ( 'NONE', #1506, 0.005000000000000002706 ) ;
#1185 = CARTESIAN_POINT ( 'NONE',  ( -0.08249999854713679914, 0.07000000000000002054, 0.03624999899417161858 ) ) ;
#1186 = MECHANICAL_DESIGN_GEOMETRIC_PRESENTATION_REPRESENTATION (  '', ( #2026 ), #768 ) ;
#1187 = ORIENTED_EDGE ( 'NONE', *, *, #2384, .F. ) ;
#1188 = ORIENTED_EDGE ( 'NONE', *, *, #1912, .F. ) ;
#1189 = CARTESIAN_POINT ( 'NONE',  ( -0.08499999798834320663, 0.05999999999999999778, -0.06999999843537810240 ) ) ;
#1190 = ORIENTED_EDGE ( 'NONE', *, *, #27, .T. ) ;
#1191 = VECTOR ( 'NONE', #39, 100.0000000000000000 ) ;
#1192 = ADVANCED_FACE ( 'NONE', ( #1980 ), #1413, .T. ) ;
#1193 = DIRECTION ( 'NONE',  ( -0.0000000000000000000, 1.000000000000000000, -0.0000000000000000000 ) ) ;
#1194 = VECTOR ( 'NONE', #1597, 100.0000000000000000 ) ;
#1195 = CARTESIAN_POINT ( 'NONE',  ( 0.07999999798834320219, 0.06500000000000000222, -0.05999999843537810046 ) ) ;
#1196 = CYLINDRICAL_SURFACE ( 'NONE', #1732, 0.009999999999999982861 ) ;
#1197 = DIRECTION ( 'NONE',  ( 1.000000000000000000, 0.0000000000000000000, -3.469446835631340056E-16 ) ) ;
#1198 = DIRECTION ( 'NONE',  ( 0.0000000000000000000, -0.0000000000000000000, -1.000000000000000000 ) ) ;
#1199 = CIRCLE ( 'NONE', #1043, 0.01000000000000000541 ) ;
#1200 = SURFACE_STYLE_USAGE ( .BOTH. , #1229 ) ;
#1201 = DIRECTION ( 'NONE',  ( 1.000000000000000000, 0.0000000000000000000, 0.0000000000000000000 ) ) ;
#1202 = AXIS2_PLACEMENT_3D ( 'NONE', #353, #2540, #530 ) ;
#1203 = STYLED_ITEM ( 'NONE', ( #1866 ), #1625 ) ;
#1204 = VERTEX_POINT ( 'NONE', #2429 ) ;
#1205 = CARTESIAN_POINT ( 'NONE',  ( -0.1000000000000000056, 0.0000000000000000000, 0.07000000000000000666 ) ) ;
#1206 = MECHANICAL_DESIGN_GEOMETRIC_PRESENTATION_REPRESENTATION (  '', ( #575 ), #1526 ) ;
#1207 = CIRCLE ( 'NONE', #2377, 0.009999999999999982861 ) ;
#1208 = VERTEX_POINT ( 'NONE', #2398 ) ;
#1209 = AXIS2_PLACEMENT_3D ( 'NONE', #1761, #772, #728 ) ;
#1210 = CARTESIAN_POINT ( 'NONE',  ( 0.08999999798834319720, 0.05999999999999999778, 0.06999999843537810240 ) ) ;
#1211 = ADVANCED_FACE ( 'NONE', ( #978 ), #777, .F. ) ;
#1212 = DIRECTION ( 'NONE',  ( 0.0000000000000000000, -0.0000000000000000000, 1.000000000000000000 ) ) ;
#1213 = FILL_AREA_STYLE_COLOUR ( '', #1278 ) ;
#1214 = EDGE_CURVE ( 'NONE', #1752, #572, #1779, .T. ) ;
#1215 = CARTESIAN_POINT ( 'NONE',  ( 0.07999999932944780456, 0.0000000000000000000, 0.01999999955296519541 ) ) ;
#1216 = DIRECTION ( 'NONE',  ( 0.0000000000000000000, -0.0000000000000000000, -1.000000000000000000 ) ) ;
#1217 = CARTESIAN_POINT ( 'NONE',  ( 0.08999999999999999667, 0.0000000000000000000, -0.08000000000000000167 ) ) ;
#1218 = DIRECTION ( 'NONE',  ( -0.0000000000000000000, -1.000000000000000000, 0.0000000000000000000 ) ) ;
#1219 = LINE ( 'NONE', #1832, #1191 ) ;
#1220 = ORIENTED_EDGE ( 'NONE', *, *, #1607, .T. ) ;
#1221 = DIRECTION ( 'NONE',  ( -0.0000000000000000000, -1.000000000000000000, -0.0000000000000000000 ) ) ;
#1222 = VERTEX_POINT ( 'NONE', #14 ) ;
#1223 = SURFACE_SIDE_STYLE ('',( #2197 ) ) ;
#1224 =( NAMED_UNIT ( * ) PLANE_ANGLE_UNIT ( ) SI_UNIT ( $, .RADIAN. ) );
#1225 = DIRECTION ( 'NONE',  ( -1.000000000000000000, 0.0000000000000000000, -0.0000000000000000000 ) ) ;
#1226 = CARTESIAN_POINT ( 'NONE',  ( -0.08499999798834320663, 0.06500000000000000222, -0.05999999843537810046 ) ) ;
#1227 = PRODUCT_DEFINITION ( 'UNKNOWN', '', #2333, #2513 ) ;
#1228 = ADVANCED_FACE ( 'NONE', ( #2184 ), #1797, .F. ) ;
#1229 = SURFACE_SIDE_STYLE ('',( #2583 ) ) ;
#1230 = CARTESIAN_POINT ( 'NONE',  ( 0.1000000000000000056, 0.0000000000000000000, 0.08000000000000000167 ) ) ;
#1231 = LINE ( 'NONE', #426, #776 ) ;
#1232 = AXIS2_PLACEMENT_3D ( 'NONE', #569, #1183, #172 ) ;
#1233 = CARTESIAN_POINT ( 'NONE',  ( -0.05999999865889549949, 0.0000000000000000000, -0.05000000000000000278 ) ) ;
#1234 = VERTEX_POINT ( 'NONE', #2085 ) ;
#1235 = AXIS2_PLACEMENT_3D ( 'NONE', #2044, #2116, #77 ) ;
#1236 = AXIS2_PLACEMENT_3D ( 'NONE', #1391, #1182, #1416 ) ;
#1237 = FILL_AREA_STYLE ('',( #2431 ) ) ;
#1238 = CARTESIAN_POINT ( 'NONE',  ( -0.07999999798834320219, 0.07000000000000000666, 0.05999999843537810046 ) ) ;
#1239 = PRESENTATION_LAYER_ASSIGNMENT (  '', '', ( #2493 ) ) ;
#1240 = AXIS2_PLACEMENT_3D ( 'NONE', #501, #336, #2304 ) ;
#1241 = EDGE_CURVE ( 'NONE', #2602, #9, #284, .T. ) ;
#1242 = EDGE_LOOP ( 'NONE', ( #2125, #706, #1670, #2378 ) ) ;
#1243 = MECHANICAL_DESIGN_GEOMETRIC_PRESENTATION_REPRESENTATION (  '', ( #2211 ), #616 ) ;
#1244 = LINE ( 'NONE', #1605, #1914 ) ;
#1245 = VECTOR ( 'NONE', #1545, 100.0000000000000000 ) ;
#1246 = EDGE_LOOP ( 'NONE', ( #202, #1334, #2245, #1292 ) ) ;
#1247 = COLOUR_RGB ( '',0.8156862745098039102, 0.8156862745098039102, 0.8156862745098039102 ) ;
#1248 = DIRECTION ( 'NONE',  ( -1.000000000000000000, -0.0000000000000000000, 0.0000000000000000000 ) ) ;
#1249 = VECTOR ( 'NONE', #1040, 100.0000000000000000 ) ;
#1250 = AXIS2_PLACEMENT_3D ( 'NONE', #2008, #259, #638 ) ;
#1251 = CARTESIAN_POINT ( 'NONE',  ( -0.06499999854713679748, 0.06750000000000000444, 0.05124999899417158333 ) ) ;
#1252 = CARTESIAN_POINT ( 'NONE',  ( -0.08499999798834320663, 0.05999999999999999778, 0.06999999843537810240 ) ) ;
#1253 = FILL_AREA_STYLE_COLOUR ( '', #873 ) ;
#1254 = PRESENTATION_STYLE_ASSIGNMENT (( #60 ) ) ;
#1255 = UNCERTAINTY_MEASURE_WITH_UNIT (LENGTH_MEASURE( 1.000000000000000082E-05 ), #715, 'distance_accuracy_value', 'NONE');
#1256 = FILL_AREA_STYLE ('',( #2043 ) ) ;
#1257 = ORIENTED_EDGE ( 'NONE', *, *, #1338, .T. ) ;
#1258 = EDGE_CURVE ( 'NONE', #1053, #1160, #1263, .T. ) ;
#1259 = CARTESIAN_POINT ( 'NONE',  ( 0.07999999932944780456, 0.0000000000000000000, -0.04999999977648259680 ) ) ;
#1260 = ORIENTED_EDGE ( 'NONE', *, *, #1351, .F. ) ;
#1261 = EDGE_CURVE ( 'NONE', #372, #1164, #2277, .T. ) ;
#1262 = EDGE_CURVE ( 'NONE', #1518, #1896, #781, .T. ) ;
#1263 = LINE ( 'NONE', #871, #447 ) ;
#1264 = LINE ( 'NONE', #539, #197 ) ;
#1265 = CARTESIAN_POINT ( 'NONE',  ( -0.06499999854713679748, 0.07000000000000000666, 0.03624999899417159083 ) ) ;
#1266 = FACE_OUTER_BOUND ( 'NONE', #745, .T. ) ;
#1267 = DIRECTION ( 'NONE',  ( -0.0000000000000000000, -1.000000000000000000, -0.0000000000000000000 ) ) ;
#1268 = VERTEX_POINT ( 'NONE', #485 ) ;
#1269 = FACE_OUTER_BOUND ( 'NONE', #1138, .T. ) ;
#1270 = EDGE_LOOP ( 'NONE', ( #463, #321, #1838, #1982 ) ) ;
#1271 = CYLINDRICAL_SURFACE ( 'NONE', #165, 0.01000000000000000541 ) ;
#1272 = EDGE_CURVE ( 'NONE', #2265, #574, #2451, .T. ) ;
#1273 = SURFACE_STYLE_USAGE ( .BOTH. , #820 ) ;
#1274 = LINE ( 'NONE', #1297, #2402 ) ;
#1275 = PLANE ( 'NONE',  #2172 ) ;
#1276 = CARTESIAN_POINT ( 'NONE',  ( -0.06499999854713679748, 0.06750000000000000444, 0.04499999899417159860 ) ) ;
#1277 = DIRECTION ( 'NONE',  ( -3.725290326217491002E-08, 0.0000000000000000000, -0.9999999999999993339 ) ) ;
#1278 = COLOUR_RGB ( '',0.8156862745098039102, 0.8156862745098039102, 0.8156862745098039102 ) ;
#1279 = CARTESIAN_POINT ( 'NONE',  ( 0.08499999798834320663, 0.06500000000000000222, -0.06999999843537810240 ) ) ;
#1280 = ORIENTED_EDGE ( 'NONE', *, *, #2014, .T. ) ;
#1281 = AXIS2_PLACEMENT_3D ( 'NONE', #1969, #386, #607 ) ;
#1282 = SURFACE_SIDE_STYLE ('',( #1493 ) ) ;
#1283 = EDGE_LOOP ( 'NONE', ( #1846, #175, #2526, #1108, #2107, #176, #192, #1397 ) ) ;
#1284 = CARTESIAN_POINT ( 'NONE',  ( 0.07999999798834320219, 0.06500000000000000222, 0.05999999843537810046 ) ) ;
#1285 = AXIS2_PLACEMENT_3D ( 'NONE', #11, #1763, #1994 ) ;
#1286 = FILL_AREA_STYLE_COLOUR ( '', #1519 ) ;
#1287 = MECHANICAL_DESIGN_GEOMETRIC_PRESENTATION_REPRESENTATION (  '', ( #2545 ), #2374 ) ;
#1288 = EDGE_CURVE ( 'NONE', #574, #1112, #2584, .T. ) ;
#1289 =( LENGTH_UNIT ( ) NAMED_UNIT ( * ) SI_UNIT ( .CENTI., .METRE. ) );
#1290 = PLANE ( 'NONE',  #1371 ) ;
#1291 = DIRECTION ( 'NONE',  ( 0.0000000000000000000, -1.000000000000000000, 0.0000000000000000000 ) ) ;
#1292 = ORIENTED_EDGE ( 'NONE', *, *, #2194, .T. ) ;
#1293 = DIRECTION ( 'NONE',  ( 0.0000000000000000000, -1.000000000000000000, -0.0000000000000000000 ) ) ;
#1294 = ORIENTED_EDGE ( 'NONE', *, *, #262, .F. ) ;
#1295 = ORIENTED_EDGE ( 'NONE', *, *, #212, .T. ) ;
#1296 = DIRECTION ( 'NONE',  ( -0.0000000000000000000, 0.0000000000000000000, -1.000000000000000000 ) ) ;
#1297 = CARTESIAN_POINT ( 'NONE',  ( 0.1000000000000000056, 0.0000000000000000000, -0.04999999977648259680 ) ) ;
#1298 = CARTESIAN_POINT ( 'NONE',  ( -0.07999999932944780456, -0.0001000000000000000183, -0.05000000000000000278 ) ) ;
#1299 = ADVANCED_FACE ( 'NONE', ( #1471 ), #1636, .F. ) ;
#1300 =( NAMED_UNIT ( * ) PLANE_ANGLE_UNIT ( ) SI_UNIT ( $, .RADIAN. ) );
#1301 = CARTESIAN_POINT ( 'NONE',  ( -0.09000000000000001055, 0.0000000000000000000, -0.08000000000000000167 ) ) ;
#1302 = UNCERTAINTY_MEASURE_WITH_UNIT (LENGTH_MEASURE( 1.000000000000000082E-05 ), #1864, 'distance_accuracy_value', 'NONE');
#1303 = VERTEX_POINT ( 'NONE', #1683 ) ;
#1304 = CARTESIAN_POINT ( 'NONE',  ( -0.1000000000000000056, 0.0000000000000000000, 0.07000000000000000666 ) ) ;
#1305 = ORIENTED_EDGE ( 'NONE', *, *, #2430, .T. ) ;
#1306 = CARTESIAN_POINT ( 'NONE',  ( 0.1000000000000000056, 0.0000000000000000000, -0.08000000000000000167 ) ) ;
#1307 = FACE_OUTER_BOUND ( 'NONE', #40, .T. ) ;
#1308 = CYLINDRICAL_SURFACE ( 'NONE', #2201, 0.01000000000000000541 ) ;
#1309 = CARTESIAN_POINT ( 'NONE',  ( -0.06499999854713679748, 0.06750000000000000444, 0.05124999899417158333 ) ) ;
#1310 = APPLICATION_PROTOCOL_DEFINITION ( 'draft international standard', 'automotive_design', 1998, #170 ) ;
#1311 = LINE ( 'NONE', #902, #398 ) ;
#1312 = PRESENTATION_STYLE_ASSIGNMENT (( #962 ) ) ;
#1313 = CARTESIAN_POINT ( 'NONE',  ( -0.1000000000000000056, -0.0001000000000000000183, 0.07000000000000000666 ) ) ;
#1314 = VECTOR ( 'NONE', #1449, 100.0000000000000000 ) ;
#1315 = ORIENTED_EDGE ( 'NONE', *, *, #1414, .T. ) ;
#1316 =( LENGTH_UNIT ( ) NAMED_UNIT ( * ) SI_UNIT ( .CENTI., .METRE. ) );
#1317 = ORIENTED_EDGE ( 'NONE', *, *, #2575, .T. ) ;
#1318 = PLANE ( 'NONE',  #1240 ) ;
#1319 = PRESENTATION_LAYER_ASSIGNMENT (  '', '', ( #2453 ) ) ;
#1320 = CARTESIAN_POINT ( 'NONE',  ( -0.06499999854713679748, 0.06875000000000000555, 0.03749999899417159194 ) ) ;
#1321 = COLOUR_RGB ( '',0.8156862745098039102, 0.8156862745098039102, 0.8156862745098039102 ) ;
#1322 = EDGE_CURVE ( 'NONE', #2134, #279, #2168, .T. ) ;
#1323 = CARTESIAN_POINT ( 'NONE',  ( -0.1000000000000000056, -0.0001000000000000000183, 0.01999999955296519888 ) ) ;
#1324 = PRESENTATION_STYLE_ASSIGNMENT (( #954 ) ) ;
#1325 =( GEOMETRIC_REPRESENTATION_CONTEXT ( 3 ) GLOBAL_UNCERTAINTY_ASSIGNED_CONTEXT ( ( #756 ) ) GLOBAL_UNIT_ASSIGNED_CONTEXT ( ( #2040, #46, #59 ) ) REPRESENTATION_CONTEXT ( 'NONE', 'WORKASPACE' ) );
#1326 = SURFACE_SIDE_STYLE ('',( #2130 ) ) ;
#1327 = AXIS2_PLACEMENT_3D ( 'NONE', #621, #1009, #1769 ) ;
#1328 = LINE ( 'NONE', #2596, #316 ) ;
#1329 = VECTOR ( 'NONE', #1905, 100.0000000000000000 ) ;
#1330 = SURFACE_STYLE_FILL_AREA ( #1560 ) ;
#1331 = UNCERTAINTY_MEASURE_WITH_UNIT (LENGTH_MEASURE( 1.000000000000000082E-05 ), #7, 'distance_accuracy_value', 'NONE');
#1332 = STYLED_ITEM ( 'NONE', ( #1963 ), #1586 ) ;
#1333 = EDGE_LOOP ( 'NONE', ( #1775, #1582, #1795, #2535 ) ) ;
#1334 = ORIENTED_EDGE ( 'NONE', *, *, #1054, .F. ) ;
#1335 = DIRECTION ( 'NONE',  ( -0.0000000000000000000, -1.000000000000000000, -0.0000000000000000000 ) ) ;
#1336 = DIRECTION ( 'NONE',  ( 0.0000000000000000000, 0.0000000000000000000, -1.000000000000000000 ) ) ;
#1337 = ADVANCED_FACE ( 'NONE', ( #273 ), #2491, .T. ) ;
#1338 = EDGE_CURVE ( 'NONE', #891, #1149, #44, .T. ) ;
#1339 = DIRECTION ( 'NONE',  ( 1.000000000000000000, 0.0000000000000000000, 0.0000000000000000000 ) ) ;
#1340 = ORIENTED_EDGE ( 'NONE', *, *, #1607, .F. ) ;
#1341 = CARTESIAN_POINT ( 'NONE',  ( -0.07999999798834320219, 0.06500000000000000222, 0.06499999843537811184 ) ) ;
#1342 = LINE ( 'NONE', #1511, #1508 ) ;
#1343 = SURFACE_SIDE_STYLE ('',( #1330 ) ) ;
#1344 = ORIENTED_EDGE ( 'NONE', *, *, #913, .T. ) ;
#1345 = EDGE_LOOP ( 'NONE', ( #956, #561, #2303, #2328 ) ) ;
#1346 = ORIENTED_EDGE ( 'NONE', *, *, #2059, .T. ) ;
#1347 = FILL_AREA_STYLE ('',( #2316 ) ) ;
#1348 = CARTESIAN_POINT ( 'NONE',  ( -0.04896446464120406822, 0.07000000000000000666, 0.03698223204120519580 ) ) ;
#1349 = CIRCLE ( 'NONE', #2023, 0.005000000000000002706 ) ;
#1350 = LINE ( 'NONE', #1323, #25 ) ;
#1351 = EDGE_CURVE ( 'NONE', #2208, #1557, #1441, .T. ) ;
#1352 = ORIENTED_EDGE ( 'NONE', *, *, #1637, .F. ) ;
#1353 = CARTESIAN_POINT ( 'NONE',  ( -0.09000000000000001055, -0.0001000000000000000183, -0.08000000000000000167 ) ) ;
#1354 = PRESENTATION_LAYER_ASSIGNMENT (  '', '', ( #355 ) ) ;
#1355 =( LENGTH_UNIT ( ) NAMED_UNIT ( * ) SI_UNIT ( .CENTI., .METRE. ) );
#1356 =( NAMED_UNIT ( * ) PLANE_ANGLE_UNIT ( ) SI_UNIT ( $, .RADIAN. ) );
#1357 = UNCERTAINTY_MEASURE_WITH_UNIT (LENGTH_MEASURE( 1.000000000000000082E-05 ), #2534, 'distance_accuracy_value', 'NONE');
#1358 = ORIENTED_EDGE ( 'NONE', *, *, #567, .F. ) ;
#1359 = AXIS2_PLACEMENT_3D ( 'NONE', #270, #1654, #2462 ) ;
#1360 = AXIS2_PLACEMENT_3D ( 'NONE', #1826, #622, #2037 ) ;
#1361 = ORIENTED_EDGE ( 'NONE', *, *, #8, .T. ) ;
#1362 = LINE ( 'NONE', #1566, #2039 ) ;
#1363 = VECTOR ( 'NONE', #1296, 100.0000000000000000 ) ;
#1364 = LINE ( 'NONE', #2318, #360 ) ;
#1365 =( NAMED_UNIT ( * ) PLANE_ANGLE_UNIT ( ) SI_UNIT ( $, .RADIAN. ) );
#1366 = ORIENTED_EDGE ( 'NONE', *, *, #794, .T. ) ;
#1367 = EDGE_CURVE ( 'NONE', #1633, #1695, #263, .T. ) ;
#1368 = DIRECTION ( 'NONE',  ( -1.000000000000000000, 0.0000000000000000000, -0.0000000000000000000 ) ) ;
#1369 = CARTESIAN_POINT ( 'NONE',  ( -0.08999999798834321107, 0.05999999999999999778, -0.06499999843537809796 ) ) ;
#1370 = PRESENTATION_LAYER_ASSIGNMENT (  '', '', ( #575 ) ) ;
#1371 = AXIS2_PLACEMENT_3D ( 'NONE', #1298, #1118, #364 ) ;
#1372 = EDGE_CURVE ( 'NONE', #963, #381, #1952, .T. ) ;
#1373 = CARTESIAN_POINT ( 'NONE',  ( -0.08999999798834321107, 0.06500000000000000222, -0.06499999843537809796 ) ) ;
#1374 = VERTEX_POINT ( 'NONE', #1924 ) ;
#1375 = CIRCLE ( 'NONE', #254, 0.01000000000000000541 ) ;
#1376 = LINE ( 'NONE', #1520, #375 ) ;
#1377 = ORIENTED_EDGE ( 'NONE', *, *, #1639, .T. ) ;
#1378 = ORIENTED_EDGE ( 'NONE', *, *, #1100, .F. ) ;
#1379 = FILL_AREA_STYLE ('',( #581 ) ) ;
#1380 = CYLINDRICAL_SURFACE ( 'NONE', #1236, 0.009999999999999982861 ) ;
#1381 = DIRECTION ( 'NONE',  ( -0.0000000000000000000, 1.000000000000000000, -0.0000000000000000000 ) ) ;
#1382 = FILL_AREA_STYLE ('',( #625 ) ) ;
#1383 = UNCERTAINTY_MEASURE_WITH_UNIT (LENGTH_MEASURE( 1.000000000000000082E-05 ), #1671, 'distance_accuracy_value', 'NONE');
#1384 = ORIENTED_EDGE ( 'NONE', *, *, #1892, .F. ) ;
#1385 = EDGE_CURVE ( 'NONE', #2173, #1896, #911, .T. ) ;
#1386 = VERTEX_POINT ( 'NONE', #136 ) ;
#1387 = CARTESIAN_POINT ( 'NONE',  ( -0.08999999999999999667, 0.0000000000000000000, -0.08000000000000000167 ) ) ;
#1388 = ORIENTED_EDGE ( 'NONE', *, *, #1863, .F. ) ;
#1389 = DIRECTION ( 'NONE',  ( 0.0000000000000000000, 1.000000000000000000, -0.0000000000000000000 ) ) ;
#1390 = PRODUCT_DEFINITION_SHAPE ( 'NONE', 'NONE',  #1227 ) ;
#1391 = CARTESIAN_POINT ( 'NONE',  ( -0.1000000000000000056, 0.02999999999999999889, -0.08000000000000000167 ) ) ;
#1392 = FACE_OUTER_BOUND ( 'NONE', #1521, .T. ) ;
#1393 = CIRCLE ( 'NONE', #1430, 0.01000000000000000541 ) ;
#1394 = DIRECTION ( 'NONE',  ( 0.0000000000000000000, 0.0000000000000000000, 1.000000000000000000 ) ) ;
#1395 = EDGE_LOOP ( 'NONE', ( #2560, #1030, #925, #910, #2095, #2428, #1340, #2032 ) ) ;
#1396 = AXIS2_PLACEMENT_3D ( 'NONE', #696, #888, #1459 ) ;
#1397 = ORIENTED_EDGE ( 'NONE', *, *, #319, .F. ) ;
#1398 = EDGE_CURVE ( 'NONE', #2173, #923, #2548, .T. ) ;
#1399 = ORIENTED_EDGE ( 'NONE', *, *, #1996, .F. ) ;
#1400 = ADVANCED_FACE ( 'NONE', ( #1696 ), #1318, .F. ) ;
#1401 = CARTESIAN_POINT ( 'NONE',  ( -0.05999999865889549949, 0.0000000000000000000, -0.08000000000000000167 ) ) ;
#1402 = LINE ( 'NONE', #2038, #2067 ) ;
#1403 = CARTESIAN_POINT ( 'NONE',  ( -0.08103553245306954755, 0.06999999999999999278, 0.03698223204120524438 ) ) ;
#1404 = STYLED_ITEM ( 'NONE', ( #983 ), #1590 ) ;
#1405 = EDGE_LOOP ( 'NONE', ( #858, #161, #1541, #350 ) ) ;
#1406 = VECTOR ( 'NONE', #553, 100.0000000000000000 ) ;
#1407 = EDGE_LOOP ( 'NONE', ( #853, #1762, #841, #159 ) ) ;
#1408 = CARTESIAN_POINT ( 'NONE',  ( -0.06499999854713679748, 0.07000000000000000666, 0.05374999899417159249 ) ) ;
#1409 = VECTOR ( 'NONE', #1641, 100.0000000000000000 ) ;
#1410 = AXIS2_PLACEMENT_3D ( 'NONE', #1284, #2470, #2268 ) ;
#1411 = ORIENTED_EDGE ( 'NONE', *, *, #1157, .F. ) ;
#1412 = VECTOR ( 'NONE', #63, 100.0000000000000000 ) ;
#1413 = PLANE ( 'NONE',  #731 ) ;
#1414 = EDGE_CURVE ( 'NONE', #891, #1180, #2096, .T. ) ;
#1415 = LINE ( 'NONE', #431, #1045 ) ;
#1416 = DIRECTION ( 'NONE',  ( 0.0000000000000000000, 0.0000000000000000000, -1.000000000000000000 ) ) ;
#1417 = FACE_OUTER_BOUND ( 'NONE', #116, .T. ) ;
#1418 = FACE_OUTER_BOUND ( 'NONE', #2058, .T. ) ;
#1419 = CARTESIAN_POINT ( 'NONE',  ( -0.07999999798834320219, 0.06500000000000000222, 0.05999999843537810046 ) ) ;
#1420 = LINE ( 'NONE', #1831, #144 ) ;
#1421 = ORIENTED_EDGE ( 'NONE', *, *, #5, .F. ) ;
#1422 = LINE ( 'NONE', #665, #1412 ) ;
#1423 = EDGE_LOOP ( 'NONE', ( #1001, #1352, #2426 ) ) ;
#1424 = CARTESIAN_POINT ( 'NONE',  ( -0.08999999999999999667, 0.0000000000000000000, -0.08000000000000000167 ) ) ;
#1425 = EDGE_CURVE ( 'NONE', #51, #1374, #111, .T. ) ;
#1426 = DIRECTION ( 'NONE',  ( 1.000000000000000000, 0.0000000000000000000, -2.312964617402810242E-16 ) ) ;
#1427 = CARTESIAN_POINT ( 'NONE',  ( 0.08499999798834320663, 0.06500000000000000222, 0.05999999843537810046 ) ) ;
#1428 = SURFACE_STYLE_FILL_AREA ( #2089 ) ;
#1429 = CARTESIAN_POINT ( 'NONE',  ( -0.1000000000000000056, 0.02999999999999999889, 0.07000000000000000666 ) ) ;
#1430 = AXIS2_PLACEMENT_3D ( 'NONE', #1230, #241, #2205 ) ;
#1431 = SURFACE_SIDE_STYLE ('',( #2055 ) ) ;
#1432 = ORIENTED_EDGE ( 'NONE', *, *, #1637, .T. ) ;
#1433 = VECTOR ( 'NONE', #1197, 100.0000000000000000 ) ;
#1434 = DIRECTION ( 'NONE',  ( -0.0000000000000000000, -1.000000000000000000, -0.0000000000000000000 ) ) ;
#1435 = AXIS2_PLACEMENT_3D ( 'NONE', #1612, #1426, #1011 ) ;
#1436 = FACE_OUTER_BOUND ( 'NONE', #1806, .T. ) ;
#1437 = CARTESIAN_POINT ( 'NONE',  ( 0.05999999865889549949, -0.0001000000000000000183, -0.08000000000000000167 ) ) ;
#1438 = EDGE_CURVE ( 'NONE', #2602, #383, #1780, .T. ) ;
#1439 = SURFACE_STYLE_USAGE ( .BOTH. , #301 ) ;
#1440 = DIRECTION ( 'NONE',  ( 0.0000000000000000000, -0.0000000000000000000, 1.000000000000000000 ) ) ;
#1441 = CIRCLE ( 'NONE', #2415, 0.01000000000000000541 ) ;
#1442 = CARTESIAN_POINT ( 'NONE',  ( -0.1000000000000000056, 0.02999999999999999889, 0.08000000000000000167 ) ) ;
#1443 = ADVANCED_FACE ( 'NONE', ( #2397 ), #1796, .F. ) ;
#1444 = EDGE_CURVE ( 'NONE', #1177, #2315, #958, .T. ) ;
#1445 = PRESENTATION_STYLE_ASSIGNMENT (( #676 ) ) ;
#1446 = ORIENTED_EDGE ( 'NONE', *, *, #1500, .T. ) ;
#1447 = AXIS2_PLACEMENT_3D ( 'NONE', #668, #66, #1458 ) ;
#1448 = VECTOR ( 'NONE', #1221, 100.0000000000000000 ) ;
#1449 = DIRECTION ( 'NONE',  ( 0.0000000000000000000, -0.0000000000000000000, 1.000000000000000000 ) ) ;
#1450 = ORIENTED_EDGE ( 'NONE', *, *, #1572, .T. ) ;
#1451 =( NAMED_UNIT ( * ) PLANE_ANGLE_UNIT ( ) SI_UNIT ( $, .RADIAN. ) );
#1452 = FILL_AREA_STYLE ('',( #1844 ) ) ;
#1453 =( NAMED_UNIT ( * ) PLANE_ANGLE_UNIT ( ) SI_UNIT ( $, .RADIAN. ) );
#1454 = DIRECTION ( 'NONE',  ( -0.0000000000000000000, 1.000000000000000000, -0.0000000000000000000 ) ) ;
#1455 = ORIENTED_EDGE ( 'NONE', *, *, #583, .T. ) ;
#1456 = ADVANCED_FACE ( 'NONE', ( #817 ), #2183, .F. ) ;
#1457 = ORIENTED_EDGE ( 'NONE', *, *, #1765, .F. ) ;
#1458 = DIRECTION ( 'NONE',  ( 0.0000000000000000000, -0.0000000000000000000, 1.000000000000000000 ) ) ;
#1459 = DIRECTION ( 'NONE',  ( 0.0000000000000000000, 0.0000000000000000000, 1.000000000000000000 ) ) ;
#1460 = DIRECTION ( 'NONE',  ( -0.0000000000000000000, 1.000000000000000000, -0.0000000000000000000 ) ) ;
#1461 = DIRECTION ( 'NONE',  ( 0.0000000000000000000, 0.0000000000000000000, -1.000000000000000000 ) ) ;
#1462 =( LENGTH_UNIT ( ) NAMED_UNIT ( * ) SI_UNIT ( .CENTI., .METRE. ) );
#1463 = CARTESIAN_POINT ( 'NONE',  ( -0.08999999999999999667, 0.02999999999999999889, -0.08000000000000000167 ) ) ;
#1464 = ORIENTED_EDGE ( 'NONE', *, *, #1214, .T. ) ;
#1465 = VECTOR ( 'NONE', #1218, 100.0000000000000000 ) ;
#1466 = CARTESIAN_POINT ( 'NONE',  ( -0.05999999865889549949, -0.0001000000000000000183, -0.08000000000000000167 ) ) ;
#1467 = EDGE_LOOP ( 'NONE', ( #974, #1936, #2258, #1726 ) ) ;
#1468 = EDGE_CURVE ( 'NONE', #1565, #1633, #1199, .T. ) ;
#1469 = CARTESIAN_POINT ( 'NONE',  ( -0.08999999999999999667, 0.0000000000000000000, 0.08000000000000000167 ) ) ;
#1470 = AXIS2_PLACEMENT_3D ( 'NONE', #1640, #2443, #2249 ) ;
#1471 = FACE_OUTER_BOUND ( 'NONE', #1869, .T. ) ;
#1472 = EDGE_CURVE ( 'NONE', #2326, #500, #1907, .T. ) ;
#1473 = FILL_AREA_STYLE_COLOUR ( '', #1071 ) ;
#1474 = CARTESIAN_POINT ( 'NONE',  ( 0.1000000000000000056, 0.02999999999999999889, -0.07000000000000000666 ) ) ;
#1475 = MECHANICAL_DESIGN_GEOMETRIC_PRESENTATION_REPRESENTATION (  '', ( #23 ), #2408 ) ;
#1476 = DIRECTION ( 'NONE',  ( -1.000000000000000000, 0.0000000000000000000, -3.469446926104220047E-16 ) ) ;
#1477 = FILL_AREA_STYLE_COLOUR ( '', #2198 ) ;
#1478 = CIRCLE ( 'NONE', #1824, 0.01000000000000000541 ) ;
#1479 = LINE ( 'NONE', #100, #2536 ) ;
#1480 = ORIENTED_EDGE ( 'NONE', *, *, #93, .F. ) ;
#1481 = COLOUR_RGB ( '',0.9529411764705881804, 0.8980392156862745390, 0.6549019607843137303 ) ;
#1482 = DIRECTION ( 'NONE',  ( -0.0000000000000000000, -1.000000000000000000, 0.0000000000000000000 ) ) ;
#1483 = ORIENTED_EDGE ( 'NONE', *, *, #798, .F. ) ;
#1484 =( NAMED_UNIT ( * ) SI_UNIT ( $, .STERADIAN. ) SOLID_ANGLE_UNIT ( ) );
#1485 = AXIS2_PLACEMENT_3D ( 'NONE', #478, #1291, #1058 ) ;
#1486 = MECHANICAL_DESIGN_GEOMETRIC_PRESENTATION_REPRESENTATION (  '', ( #206 ), #529 ) ;
#1487 = CARTESIAN_POINT ( 'NONE',  ( -0.04999999854713679803, 0.06801776695296636588, 0.03749999899417159888 ) ) ;
#1488 = EDGE_CURVE ( 'NONE', #986, #1177, #1362, .T. ) ;
#1489 = DIRECTION ( 'NONE',  ( 0.0000000000000000000, -1.000000000000000000, 0.0000000000000000000 ) ) ;
#1490 = DIRECTION ( 'NONE',  ( 0.0000000000000000000, 1.000000000000000000, 0.0000000000000000000 ) ) ;
#1491 = CARTESIAN_POINT ( 'NONE',  ( -0.1000000000000000056, 0.02999999999999999889, 0.08000000000000000167 ) ) ;
#1492 = DIRECTION ( 'NONE',  ( 0.0000000000000000000, 1.000000000000000000, 0.0000000000000000000 ) ) ;
#1493 = SURFACE_STYLE_FILL_AREA ( #1690 ) ;
#1494 = VERTEX_POINT ( 'NONE', #2373 ) ;
#1495 = CARTESIAN_POINT ( 'NONE',  ( 0.1000000000000000056, 0.0000000000000000000, 0.08000000000000000167 ) ) ;
#1496 = ORIENTED_EDGE ( 'NONE', *, *, #8, .F. ) ;
#1497 = FILL_AREA_STYLE ('',( #122 ) ) ;
#1498 = SURFACE_STYLE_USAGE ( .BOTH. , #2572 ) ;
#1499 = PLANE ( 'NONE',  #1774 ) ;
#1500 = EDGE_CURVE ( 'NONE', #2301, #1608, #385, .T. ) ;
#1501 =( NAMED_UNIT ( * ) SI_UNIT ( $, .STERADIAN. ) SOLID_ANGLE_UNIT ( ) );
#1502 = CARTESIAN_POINT ( 'NONE',  ( 0.05999999865889549949, 0.0000000000000000000, 0.08000000000000000167 ) ) ;
#1503 = VERTEX_POINT ( 'NONE', #203 ) ;
#1504 = FILL_AREA_STYLE ('',( #120 ) ) ;
#1505 = ORIENTED_EDGE ( 'NONE', *, *, #1840, .F. ) ;
#1506 = AXIS2_PLACEMENT_3D ( 'NONE', #226, #1856, #1602 ) ;
#1507 = PRESENTATION_STYLE_ASSIGNMENT (( #1498 ) ) ;
#1508 = VECTOR ( 'NONE', #766, 100.0000000000000000 ) ;
#1509 = CARTESIAN_POINT ( 'NONE',  ( -0.07999999932944780456, 0.0000000000000000000, -0.08000000000000000167 ) ) ;
#1510 = CARTESIAN_POINT ( 'NONE',  ( -0.07999999854713682468, 0.06801776695296636588, 0.05249999899417160526 ) ) ;
#1511 = CARTESIAN_POINT ( 'NONE',  ( -0.1000000000000000056, 0.0000000000000000000, -0.02000000000000000042 ) ) ;
#1512 = ADVANCED_FACE ( 'NONE', ( #2510 ), #317, .F. ) ;
#1513 = FILL_AREA_STYLE ('',( #806 ) ) ;
#1514 = MECHANICAL_DESIGN_GEOMETRIC_PRESENTATION_REPRESENTATION (  '', ( #1991 ), #2207 ) ;
#1515 = ORIENTED_EDGE ( 'NONE', *, *, #661, .F. ) ;
#1516 = EDGE_CURVE ( 'NONE', #10, #323, #754, .T. ) ;
#1517 = ADVANCED_FACE ( 'NONE', ( #2339 ), #543, .T. ) ;
#1518 = VERTEX_POINT ( 'NONE', #1373 ) ;
#1519 = COLOUR_RGB ( '',0.9529411764705881804, 0.8980392156862745390, 0.6549019607843137303 ) ;
#1520 = CARTESIAN_POINT ( 'NONE',  ( 0.09999999776482580705, 0.0000000000000000000, 0.01999999955296519888 ) ) ;
#1521 = EDGE_LOOP ( 'NONE', ( #480, #1736, #260, #2465 ) ) ;
#1522 =( GEOMETRIC_REPRESENTATION_CONTEXT ( 3 ) GLOBAL_UNCERTAINTY_ASSIGNED_CONTEXT ( ( #2019 ) ) GLOBAL_UNIT_ASSIGNED_CONTEXT ( ( #1947, #173, #1106 ) ) REPRESENTATION_CONTEXT ( 'NONE', 'WORKASPACE' ) );
#1523 = PLANE ( 'NONE',  #1281 ) ;
#1524 = VECTOR ( 'NONE', #2117, 100.0000000000000000 ) ;
#1525 = VERTEX_POINT ( 'NONE', #224 ) ;
#1526 =( GEOMETRIC_REPRESENTATION_CONTEXT ( 3 ) GLOBAL_UNCERTAINTY_ASSIGNED_CONTEXT ( ( #2434 ) ) GLOBAL_UNIT_ASSIGNED_CONTEXT ( ( #1716, #2338, #752 ) ) REPRESENTATION_CONTEXT ( 'NONE', 'WORKASPACE' ) );
#1527 = FILL_AREA_STYLE_COLOUR ( '', #2127 ) ;
#1528 =( NAMED_UNIT ( * ) SI_UNIT ( $, .STERADIAN. ) SOLID_ANGLE_UNIT ( ) );
#1529 = PRESENTATION_LAYER_ASSIGNMENT (  '', '', ( #2334 ) ) ;
#1530 = CARTESIAN_POINT ( 'NONE',  ( 0.08999999798834319720, 0.05999999999999999778, -0.06999999843537810240 ) ) ;
#1531 = CYLINDRICAL_SURFACE ( 'NONE', #1583, 0.005000000000000002706 ) ;
#1532 = ORIENTED_EDGE ( 'NONE', *, *, #712, .T. ) ;
#1533 = ORIENTED_EDGE ( 'NONE', *, *, #72, .T. ) ;
#1534 = ADVANCED_FACE ( 'NONE', ( #406 ), #1615, .T. ) ;
#1535 = FACE_OUTER_BOUND ( 'NONE', #1345, .T. ) ;
#1536 = ORIENTED_EDGE ( 'NONE', *, *, #778, .T. ) ;
#1537 = SURFACE_STYLE_USAGE ( .BOTH. , #2293 ) ;
#1538 = CARTESIAN_POINT ( 'NONE',  ( -0.04999999854713677722, 0.06948223304703363135, 0.03749999899417157112 ) ) ;
#1539 = DIRECTION ( 'NONE',  ( 1.000000000000000000, 0.0000000000000000000, -2.602085126723509849E-16 ) ) ;
#1540 = CARTESIAN_POINT ( 'NONE',  ( 0.07999999932944780456, -0.0001000000000000000183, 0.04999999977648259680 ) ) ;
#1541 = ORIENTED_EDGE ( 'NONE', *, *, #1146, .T. ) ;
#1542 = CARTESIAN_POINT ( 'NONE',  ( -0.07999999854713682468, 0.06875000000000000555, 0.05249999899417161220 ) ) ;
#1543 =( NAMED_UNIT ( * ) PLANE_ANGLE_UNIT ( ) SI_UNIT ( $, .RADIAN. ) );
#1544 = FILL_AREA_STYLE ('',( #366 ) ) ;
#1545 = DIRECTION ( 'NONE',  ( -0.0000000000000000000, -0.0000000000000000000, 1.000000000000000000 ) ) ;
#1546 = VERTEX_POINT ( 'NONE', #1579 ) ;
#1547 = EDGE_LOOP ( 'NONE', ( #1432, #1294, #1089, #2121, #1834 ) ) ;
#1548 = DIRECTION ( 'NONE',  ( 0.0000000000000000000, 1.000000000000000000, 0.0000000000000000000 ) ) ;
#1549 = ORIENTED_EDGE ( 'NONE', *, *, #1908, .T. ) ;
#1550 = LINE ( 'NONE', #137, #644 ) ;
#1551 = ADVANCED_FACE ( 'NONE', ( #2227 ), #1828, .T. ) ;
#1552 = CLOSED_SHELL ( 'NONE', ( #2278, #1083, #880, #1798, #1748, #2416, #2071 ) ) ;
#1553 = CARTESIAN_POINT ( 'NONE',  ( 0.08999999999999999667, 0.02999999999999999889, -0.08000000000000000167 ) ) ;
#1554 = LINE ( 'NONE', #2349, #1646 ) ;
#1555 = ADVANCED_FACE ( 'NONE', ( #2385 ), #570, .F. ) ;
#1556 = VECTOR ( 'NONE', #981, 100.0000000000000000 ) ;
#1557 = VERTEX_POINT ( 'NONE', #2421 ) ;
#1558 = CARTESIAN_POINT ( 'NONE',  ( 0.05999999865889549949, 0.0000000000000000000, -0.04999999977648259680 ) ) ;
#1559 = CARTESIAN_POINT ( 'NONE',  ( -0.07999999854713683856, 0.06948223304703363135, 0.03749999899417161275 ) ) ;
#1560 = FILL_AREA_STYLE ('',( #1134 ) ) ;
#1561 = ORIENTED_EDGE ( 'NONE', *, *, #2310, .F. ) ;
#1562 = VERTEX_POINT ( 'NONE', #2404 ) ;
#1563 = AXIS2_PLACEMENT_3D ( 'NONE', #1463, #1093, #96 ) ;
#1564 = DIRECTION ( 'NONE',  ( -0.0000000000000000000, -1.000000000000000000, -0.0000000000000000000 ) ) ;
#1565 = VERTEX_POINT ( 'NONE', #624 ) ;
#1566 = CARTESIAN_POINT ( 'NONE',  ( -0.08999999999999999667, 0.0000000000000000000, 0.08000000000000001554 ) ) ;
#1567 = AXIS2_PLACEMENT_3D ( 'NONE', #680, #2269, #52 ) ;
#1568 = DIRECTION ( 'NONE',  ( 0.0000000000000000000, 0.0000000000000000000, -1.000000000000000000 ) ) ;
#1569 = DIRECTION ( 'NONE',  ( 0.0000000000000000000, -1.000000000000000000, 0.0000000000000000000 ) ) ;
#1570 =( GEOMETRIC_REPRESENTATION_CONTEXT ( 3 ) GLOBAL_UNCERTAINTY_ASSIGNED_CONTEXT ( ( #598 ) ) GLOBAL_UNIT_ASSIGNED_CONTEXT ( ( #767, #1300, #972 ) ) REPRESENTATION_CONTEXT ( 'NONE', 'WORKASPACE' ) );
#1571 = EDGE_LOOP ( 'NONE', ( #1649, #2601, #2091, #2066, #1768 ) ) ;
#1572 = EDGE_CURVE ( 'NONE', #2208, #1752, #2005, .T. ) ;
#1573 = MECHANICAL_DESIGN_GEOMETRIC_PRESENTATION_REPRESENTATION (  '', ( #1619 ), #2252 ) ;
#1574 = MECHANICAL_DESIGN_GEOMETRIC_PRESENTATION_REPRESENTATION (  '', ( #576 ), #1325 ) ;
#1575 = CARTESIAN_POINT ( 'NONE',  ( -0.07999999798834320219, 0.06500000000000000222, -0.06499999843537809796 ) ) ;
#1576 = LINE ( 'NONE', #971, #896 ) ;
#1577 = AXIS2_PLACEMENT_3D ( 'NONE', #687, #294, #1050 ) ;
#1578 = VECTOR ( 'NONE', #512, 100.0000000000000000 ) ;
#1579 = CARTESIAN_POINT ( 'NONE',  ( -0.08999999798834321107, 0.05999999999999999778, 0.06499999843537809796 ) ) ;
#1580 =( NAMED_UNIT ( * ) PLANE_ANGLE_UNIT ( ) SI_UNIT ( $, .RADIAN. ) );
#1581 = ORIENTED_EDGE ( 'NONE', *, *, #348, .F. ) ;
#1582 = ORIENTED_EDGE ( 'NONE', *, *, #443, .F. ) ;
#1583 = AXIS2_PLACEMENT_3D ( 'NONE', #1419, #423, #198 ) ;
#1584 = PLANE ( 'NONE',  #497 ) ;
#1585 = DIRECTION ( 'NONE',  ( 0.0000000000000000000, 0.0000000000000000000, -1.000000000000000000 ) ) ;
#1586 = SHELL_BASED_SURFACE_MODEL ( 'NONE', ( #1552, #311, #2484, #2196, #12, #2271 ) );
#1587 = CARTESIAN_POINT ( 'NONE',  ( 0.1000000000000000056, -0.0001000000000000000183, -0.08000000000000000167 ) ) ;
#1588 = SURFACE_SIDE_STYLE ('',( #807 ) ) ;
#1589 = CARTESIAN_POINT ( 'NONE',  ( -0.1000000000000000056, 0.02999999999999999889, 0.0000000000000000000 ) ) ;
#1590 = ADVANCED_FACE ( 'NONE', ( #1418 ), #2521, .F. ) ;
#1591 = CARTESIAN_POINT ( 'NONE',  ( -0.06499999854713681136, 0.07000000000000000666, 0.05301776594713796670 ) ) ;
#1592 = DIRECTION ( 'NONE',  ( 0.0000000000000000000, -1.000000000000000000, -0.0000000000000000000 ) ) ;
#1593 = EDGE_LOOP ( 'NONE', ( #1749, #587, #345, #1257 ) ) ;
#1594 = ORIENTED_EDGE ( 'NONE', *, *, #2393, .F. ) ;
#1595 = FILL_AREA_STYLE_COLOUR ( '', #1652 ) ;
#1596 = DIRECTION ( 'NONE',  ( 1.000000000000000000, 0.0000000000000000000, -3.469446835631340056E-16 ) ) ;
#1597 = DIRECTION ( 'NONE',  ( 1.000000000000000000, 0.0000000000000000000, -0.0000000000000000000 ) ) ;
#1598 = CARTESIAN_POINT ( 'NONE',  ( -0.05999999865889549949, 0.0000000000000000000, -0.02000000000000000042 ) ) ;
#1599 = MECHANICAL_DESIGN_GEOMETRIC_PRESENTATION_REPRESENTATION (  '', ( #2444 ), #1937 ) ;
#1600 = FILL_AREA_STYLE ('',( #2598 ) ) ;
#1601 = CARTESIAN_POINT ( 'NONE',  ( -0.08999999999999999667, 0.02999999999999999889, 0.08000000000000000167 ) ) ;
#1602 = DIRECTION ( 'NONE',  ( 0.0000000000000000000, 0.0000000000000000000, 1.000000000000000000 ) ) ;
#1603 =( GEOMETRIC_REPRESENTATION_CONTEXT ( 3 ) GLOBAL_UNCERTAINTY_ASSIGNED_CONTEXT ( ( #1987 ) ) GLOBAL_UNIT_ASSIGNED_CONTEXT ( ( #1289, #1650, #2270 ) ) REPRESENTATION_CONTEXT ( 'NONE', 'WORKASPACE' ) );
#1604 = ORIENTED_EDGE ( 'NONE', *, *, #303, .T. ) ;
#1605 = CARTESIAN_POINT ( 'NONE',  ( 0.08499999798834320663, 0.07000000000000000666, -0.06499999843537809796 ) ) ;
#1606 = VECTOR ( 'NONE', #684, 100.0000000000000000 ) ;
#1607 = EDGE_CURVE ( 'NONE', #2020, #1525, #1738, .T. ) ;
#1608 = VERTEX_POINT ( 'NONE', #85 ) ;
#1609 = VECTOR ( 'NONE', #938, 100.0000000000000000 ) ;
#1610 = SURFACE_STYLE_USAGE ( .BOTH. , #991 ) ;
#1611 = MECHANICAL_DESIGN_GEOMETRIC_PRESENTATION_REPRESENTATION (  '', ( #650 ), #68 ) ;
#1612 = CARTESIAN_POINT ( 'NONE',  ( 0.1000000000000000056, 0.0000000000000000000, -0.07000000000000000666 ) ) ;
#1613 = DIRECTION ( 'NONE',  ( 0.0000000000000000000, -0.0000000000000000000, -1.000000000000000000 ) ) ;
#1614 = VECTOR ( 'NONE', #1709, 100.0000000000000000 ) ;
#1615 = CYLINDRICAL_SURFACE ( 'NONE', #2543, 0.01000000000000000541 ) ;
#1616 = COLOUR_RGB ( '',0.09411764705882352811, 0.09411764705882352811, 0.09411764705882352811 ) ;
#1617 = DIRECTION ( 'NONE',  ( -0.0000000000000000000, 1.000000000000000000, 0.0000000000000000000 ) ) ;
#1618 = CARTESIAN_POINT ( 'NONE',  ( -0.08999999999999999667, -0.0001000000000000000183, -0.08000000000000000167 ) ) ;
#1619 = STYLED_ITEM ( 'NONE', ( #2422 ), #1586 ) ;
#1620 = COLOUR_RGB ( '',0.8156862745098039102, 0.8156862745098039102, 0.8156862745098039102 ) ;
#1621 = EDGE_LOOP ( 'NONE', ( #649, #845, #2387, #62 ) ) ;
#1622 = LINE ( 'NONE', #1820, #2128 ) ;
#1623 = VECTOR ( 'NONE', #611, 100.0000000000000000 ) ;
#1624 = ORIENTED_EDGE ( 'NONE', *, *, #2441, .T. ) ;
#1625 = ADVANCED_FACE ( 'NONE', ( #2062, #1630 ), #2458, .F. ) ;
#1626 =( LENGTH_UNIT ( ) NAMED_UNIT ( * ) SI_UNIT ( .CENTI., .METRE. ) );
#1627 = FACE_OUTER_BOUND ( 'NONE', #2186, .T. ) ;
#1628 = CYLINDRICAL_SURFACE ( 'NONE', #560, 0.01000000000000000541 ) ;
#1629 = EDGE_CURVE ( 'NONE', #813, #384, #1674, .T. ) ;
#1630 = FACE_OUTER_BOUND ( 'NONE', #1395, .T. ) ;
#1631 = DIRECTION ( 'NONE',  ( -0.0000000000000000000, -1.000000000000000000, -0.0000000000000000000 ) ) ;
#1632 = DIRECTION ( 'NONE',  ( -0.0000000000000000000, -1.000000000000000000, -0.0000000000000000000 ) ) ;
#1633 = VERTEX_POINT ( 'NONE', #2485 ) ;
#1634 = CARTESIAN_POINT ( 'NONE',  ( -0.07999999932944780456, 0.0000000000000000000, 0.01999999955296519541 ) ) ;
#1635 = ORIENTED_EDGE ( 'NONE', *, *, #2594, .F. ) ;
#1636 = CYLINDRICAL_SURFACE ( 'NONE', #2587, 0.005000000000000002706 ) ;
#1637 = EDGE_CURVE ( 'NONE', #495, #2301, #1742, .T. ) ;
#1638 = ADVANCED_FACE ( 'NONE', ( #1266 ), #1275, .T. ) ;
#1639 = EDGE_CURVE ( 'NONE', #2468, #471, #2251, .T. ) ;
#1640 = CARTESIAN_POINT ( 'NONE',  ( 0.1000000000000000056, 0.02999999999999999889, -0.08000000000000000167 ) ) ;
#1641 = DIRECTION ( 'NONE',  ( 0.0000000000000000000, 1.000000000000000000, 0.0000000000000000000 ) ) ;
#1642 =( GEOMETRIC_REPRESENTATION_CONTEXT ( 3 ) GLOBAL_UNCERTAINTY_ASSIGNED_CONTEXT ( ( #1331 ) ) GLOBAL_UNIT_ASSIGNED_CONTEXT ( ( #7, #2241, #255 ) ) REPRESENTATION_CONTEXT ( 'NONE', 'WORKASPACE' ) );
#1643 = ORIENTED_EDGE ( 'NONE', *, *, #2393, .T. ) ;
#1644 = LINE ( 'NONE', #702, #209 ) ;
#1645 = DIRECTION ( 'NONE',  ( -0.0000000000000000000, -1.000000000000000000, -0.0000000000000000000 ) ) ;
#1646 = VECTOR ( 'NONE', #1941, 100.0000000000000000 ) ;
#1647 =( GEOMETRIC_REPRESENTATION_CONTEXT ( 3 ) GLOBAL_UNCERTAINTY_ASSIGNED_CONTEXT ( ( #343 ) ) GLOBAL_UNIT_ASSIGNED_CONTEXT ( ( #931, #1667, #1096 ) ) REPRESENTATION_CONTEXT ( 'NONE', 'WORKASPACE' ) );
#1648 = LINE ( 'NONE', #2454, #1314 ) ;
#1649 = ORIENTED_EDGE ( 'NONE', *, *, #417, .F. ) ;
#1650 =( NAMED_UNIT ( * ) PLANE_ANGLE_UNIT ( ) SI_UNIT ( $, .RADIAN. ) );
#1651 = EDGE_CURVE ( 'NONE', #923, #1234, #33, .T. ) ;
#1652 = COLOUR_RGB ( '',0.9529411764705881804, 0.8980392156862745390, 0.6549019607843137303 ) ;
#1653 = CARTESIAN_POINT ( 'NONE',  ( -0.1000000000000000056, 0.05999999999999999778, 0.08000000000000000167 ) ) ;
#1654 = DIRECTION ( 'NONE',  ( 0.0000000000000000000, 0.0000000000000000000, 1.000000000000000000 ) ) ;
#1655 = ORIENTED_EDGE ( 'NONE', *, *, #2575, .F. ) ;
#1656 = DIRECTION ( 'NONE',  ( 0.0000000000000000000, -0.0000000000000000000, 1.000000000000000000 ) ) ;
#1657 = ORIENTED_EDGE ( 'NONE', *, *, #1041, .T. ) ;
#1658 = PRESENTATION_LAYER_ASSIGNMENT (  '', '', ( #206 ) ) ;
#1659 = VECTOR ( 'NONE', #2217, 100.0000000000000000 ) ;
#1660 = CARTESIAN_POINT ( 'NONE',  ( 0.08999999999999999667, 0.0000000000000000000, 0.08000000000000000167 ) ) ;
#1661 = VECTOR ( 'NONE', #1293, 100.0000000000000000 ) ;
#1662 =( GEOMETRIC_REPRESENTATION_CONTEXT ( 3 ) GLOBAL_UNCERTAINTY_ASSIGNED_CONTEXT ( ( #1255 ) ) GLOBAL_UNIT_ASSIGNED_CONTEXT ( ( #715, #1356, #544 ) ) REPRESENTATION_CONTEXT ( 'NONE', 'WORKASPACE' ) );
#1663 = CARTESIAN_POINT ( 'NONE',  ( -0.06499999854713681136, 0.06801776695296636588, 0.05249999899417160526 ) ) ;
#1664 = SURFACE_SIDE_STYLE ('',( #876 ) ) ;
#1665 = PLANE ( 'NONE',  #1485 ) ;
#1666 = ADVANCED_FACE ( 'NONE', ( #1084 ), #1290, .T. ) ;
#1667 =( NAMED_UNIT ( * ) PLANE_ANGLE_UNIT ( ) SI_UNIT ( $, .RADIAN. ) );
#1668 = ORIENTED_EDGE ( 'NONE', *, *, #1385, .T. ) ;
#1669 = CARTESIAN_POINT ( 'NONE',  ( 0.08499999798834320663, 0.07000000000000000666, -0.05999999843537810046 ) ) ;
#1670 = ORIENTED_EDGE ( 'NONE', *, *, #333, .T. ) ;
#1671 =( LENGTH_UNIT ( ) NAMED_UNIT ( * ) SI_UNIT ( .CENTI., .METRE. ) );
#1672 = DIRECTION ( 'NONE',  ( 0.0000000000000000000, 0.0000000000000000000, 1.000000000000000000 ) ) ;
#1673 = PRESENTATION_STYLE_ASSIGNMENT (( #1273 ) ) ;
#1674 = LINE ( 'NONE', #1854, #1872 ) ;
#1675 = FACE_OUTER_BOUND ( 'NONE', #357, .T. ) ;
#1676 = DIRECTION ( 'NONE',  ( 0.9999999999999993339, 0.0000000000000000000, -3.725290326217491002E-08 ) ) ;
#1677 = ORIENTED_EDGE ( 'NONE', *, *, #1241, .T. ) ;
#1678 =( NAMED_UNIT ( * ) PLANE_ANGLE_UNIT ( ) SI_UNIT ( $, .RADIAN. ) );
#1679 = ORIENTED_EDGE ( 'NONE', *, *, #712, .F. ) ;
#1680 = COLOUR_RGB ( '',0.8156862745098039102, 0.8156862745098039102, 0.8156862745098039102 ) ;
#1681 = ADVANCED_FACE ( 'NONE', ( #1702 ), #2158, .T. ) ;
#1682 = VECTOR ( 'NONE', #57, 100.0000000000000000 ) ;
#1683 = CARTESIAN_POINT ( 'NONE',  ( -0.06499999854713679748, 0.07000000000000000666, 0.03624999899417159083 ) ) ;
#1684 = CARTESIAN_POINT ( 'NONE',  ( -0.08499999798834320663, 0.07000000000000000666, -0.05999999843537810046 ) ) ;
#1685 = PLANE ( 'NONE',  #1396 ) ;
#1686 = CARTESIAN_POINT ( 'NONE',  ( 0.08999999798834319720, 0.05999999999999999778, 0.0000000000000000000 ) ) ;
#1687 = DIRECTION ( 'NONE',  ( -1.000000000000000000, -0.0000000000000000000, -0.0000000000000000000 ) ) ;
#1688 = SURFACE_SIDE_STYLE ('',( #1104 ) ) ;
#1689 = PRESENTATION_LAYER_ASSIGNMENT (  '', '', ( #2077 ) ) ;
#1690 = FILL_AREA_STYLE ('',( #2287 ) ) ;
#1691 = UNCERTAINTY_MEASURE_WITH_UNIT (LENGTH_MEASURE( 1.000000000000000082E-05 ), #1462, 'distance_accuracy_value', 'NONE');
#1692 = ORIENTED_EDGE ( 'NONE', *, *, #1946, .T. ) ;
#1693 = AXIS2_PLACEMENT_3D ( 'NONE', #562, #774, #189 ) ;
#1694 = AXIS2_PLACEMENT_3D ( 'NONE', #2260, #838, #467 ) ;
#1695 = VERTEX_POINT ( 'NONE', #1929 ) ;
#1696 = FACE_OUTER_BOUND ( 'NONE', #1246, .T. ) ;
#1697 = ADVANCED_FACE ( 'NONE', ( #1145 ), #1903, .T. ) ;
#1698 = VECTOR ( 'NONE', #2106, 100.0000000000000000 ) ;
#1699 = CARTESIAN_POINT ( 'NONE',  ( -0.08249999854713681302, 0.07000000000000000666, 0.03624999899417159777 ) ) ;
#1700 = CARTESIAN_POINT ( 'NONE',  ( -0.08499999798834320663, 0.07000000000000000666, 0.06499999843537809796 ) ) ;
#1701 = AXIS2_PLACEMENT_3D ( 'NONE', #947, #334, #1735 ) ;
#1702 = FACE_OUTER_BOUND ( 'NONE', #770, .T. ) ;
#1703 = CARTESIAN_POINT ( 'NONE',  ( 0.0000000000000000000, 0.02999999999999999889, 0.08000000000000000167 ) ) ;
#1704 = DIRECTION ( 'NONE',  ( 0.0000000000000000000, -0.0000000000000000000, -1.000000000000000000 ) ) ;
#1705 = ORIENTED_EDGE ( 'NONE', *, *, #1372, .F. ) ;
#1706 = ORIENTED_EDGE ( 'NONE', *, *, #2100, .F. ) ;
#1707 = SURFACE_SIDE_STYLE ('',( #924 ) ) ;
#1708 = VERTEX_POINT ( 'NONE', #312 ) ;
#1709 = DIRECTION ( 'NONE',  ( 0.0000000000000000000, 1.000000000000000000, 0.0000000000000000000 ) ) ;
#1710 = CARTESIAN_POINT ( 'NONE',  ( -0.09999999999999997780, -0.0001000000000000000183, 0.01999999955296519541 ) ) ;
#1711 = ADVANCED_FACE ( 'NONE', ( #154 ), #13, .T. ) ;
#1712 = DIRECTION ( 'NONE',  ( -2.312964634635739999E-16, 0.0000000000000000000, 1.000000000000000000 ) ) ;
#1713 = CARTESIAN_POINT ( 'NONE',  ( -0.08499999798834320663, 0.05999999999999999778, 0.06999999843537810240 ) ) ;
#1714 = CARTESIAN_POINT ( 'NONE',  ( -0.07896446464120408792, 0.06749999999999999056, 0.03801776594713798113 ) ) ;
#1715 = EDGE_CURVE ( 'NONE', #51, #2479, #735, .T. ) ;
#1716 =( LENGTH_UNIT ( ) NAMED_UNIT ( * ) SI_UNIT ( .CENTI., .METRE. ) );
#1717 = PRESENTATION_STYLE_ASSIGNMENT (( #302 ) ) ;
#1718 = CARTESIAN_POINT ( 'NONE',  ( -0.08499999798834320663, 0.06500000000000000222, -0.06499999843537809796 ) ) ;
#1719 = ORIENTED_EDGE ( 'NONE', *, *, #583, .F. ) ;
#1720 = ORIENTED_EDGE ( 'NONE', *, *, #1067, .T. ) ;
#1721 =( NAMED_UNIT ( * ) PLANE_ANGLE_UNIT ( ) SI_UNIT ( $, .RADIAN. ) );
#1722 = ORIENTED_EDGE ( 'NONE', *, *, #262, .T. ) ;
#1723 = CARTESIAN_POINT ( 'NONE',  ( -0.07999999798834320219, 0.06500000000000000222, 0.05999999843537810046 ) ) ;
#1724 = DIRECTION ( 'NONE',  ( 1.000000000000000000, -0.0000000000000000000, 0.0000000000000000000 ) ) ;
#1725 = DIRECTION ( 'NONE',  ( 0.0000000000000000000, 0.0000000000000000000, -1.000000000000000000 ) ) ;
#1726 = ORIENTED_EDGE ( 'NONE', *, *, #1715, .F. ) ;
#1727 = CARTESIAN_POINT ( 'NONE',  ( -0.06499999854713681136, 0.06750000000000000444, 0.03874999899417160693 ) ) ;
#1728 = SURFACE_STYLE_FILL_AREA ( #1119 ) ;
#1729 = EDGE_CURVE ( 'NONE', #1204, #986, #2098, .T. ) ;
#1730 = CARTESIAN_POINT ( 'NONE',  ( -0.1000000000000000056, 0.0000000000000000000, -0.05000000000000000278 ) ) ;
#1731 = DIRECTION ( 'NONE',  ( 0.0000000000000000000, 1.000000000000000000, -0.0000000000000000000 ) ) ;
#1732 = AXIS2_PLACEMENT_3D ( 'NONE', #1034, #2595, #2419 ) ;
#1733 = ORIENTED_EDGE ( 'NONE', *, *, #1095, .F. ) ;
#1734 = CIRCLE ( 'NONE', #2246, 0.001250000000000003279 ) ;
#1735 = DIRECTION ( 'NONE',  ( 0.0000000000000000000, 0.0000000000000000000, -1.000000000000000000 ) ) ;
#1736 = ORIENTED_EDGE ( 'NONE', *, *, #617, .T. ) ;
#1737 = COLOUR_RGB ( '',0.9529411764705881804, 0.8980392156862745390, 0.6549019607843137303 ) ;
#1738 = CIRCLE ( 'NONE', #833, 0.005000000000000002706 ) ;
#1739 = PLANE ( 'NONE',  #285 ) ;
#1740 = COLOUR_RGB ( '',0.8156862745098039102, 0.8156862745098039102, 0.8156862745098039102 ) ;
#1741 = CARTESIAN_POINT ( 'NONE',  ( -0.1000000000000000056, 0.05999999999999999778, -0.08000000000000000167 ) ) ;
#1742 = CIRCLE ( 'NONE', #329, 0.01000000000000000541 ) ;
#1743 = VERTEX_POINT ( 'NONE', #1353 ) ;
#1744 = CARTESIAN_POINT ( 'NONE',  ( -0.06499999854713681136, 0.06749999999999999056, 0.05198223204120522994 ) ) ;
#1745 = FILL_AREA_STYLE_COLOUR ( '', #1680 ) ;
#1746 = LINE ( 'NONE', #342, #916 ) ;
#1747 = UNCERTAINTY_MEASURE_WITH_UNIT (LENGTH_MEASURE( 1.000000000000000082E-05 ), #2052, 'distance_accuracy_value', 'NONE');
#1748 = ADVANCED_FACE ( 'NONE', ( #112 ), #2298, .T. ) ;
#1749 = ORIENTED_EDGE ( 'NONE', *, *, #190, .T. ) ;
#1750 = ORIENTED_EDGE ( 'NONE', *, *, #2266, .F. ) ;
#1751 =( NAMED_UNIT ( * ) SI_UNIT ( $, .STERADIAN. ) SOLID_ANGLE_UNIT ( ) );
#1752 = VERTEX_POINT ( 'NONE', #795 ) ;
#1753 =( NAMED_UNIT ( * ) PLANE_ANGLE_UNIT ( ) SI_UNIT ( $, .RADIAN. ) );
#1754 =( LENGTH_UNIT ( ) NAMED_UNIT ( * ) SI_UNIT ( .CENTI., .METRE. ) );
#1755 = CARTESIAN_POINT ( 'NONE',  ( 0.0000000000000000000, 0.02999999999999999889, -0.08000000000000000167 ) ) ;
#1756 = ORIENTED_EDGE ( 'NONE', *, *, #88, .F. ) ;
#1757 = DIRECTION ( 'NONE',  ( 0.0000000000000000000, 0.0000000000000000000, -1.000000000000000000 ) ) ;
#1758 = DIRECTION ( 'NONE',  ( 1.000000000000000000, 0.0000000000000000000, 3.469446835631340056E-16 ) ) ;
#1759 = ORIENTED_EDGE ( 'NONE', *, *, #1926, .F. ) ;
#1760 = ORIENTED_EDGE ( 'NONE', *, *, #446, .F. ) ;
#1761 = CARTESIAN_POINT ( 'NONE',  ( -0.05999999865889549949, 0.0000000000000000000, -0.08000000000000000167 ) ) ;
#1762 = ORIENTED_EDGE ( 'NONE', *, *, #1943, .F. ) ;
#1763 = DIRECTION ( 'NONE',  ( 0.0000000000000000000, -1.000000000000000000, 0.0000000000000000000 ) ) ;
#1764 = CARTESIAN_POINT ( 'NONE',  ( -0.06499999854713679748, 0.07000000000000000666, 0.05374999899417160637 ) ) ;
#1765 = EDGE_CURVE ( 'NONE', #2439, #2356, #2013, .T. ) ;
#1766 = DIRECTION ( 'NONE',  ( 0.0000000000000000000, -0.0000000000000000000, -1.000000000000000000 ) ) ;
#1767 = AXIS2_PLACEMENT_3D ( 'NONE', #1653, #2218, #660 ) ;
#1768 = ORIENTED_EDGE ( 'NONE', *, *, #2210, .F. ) ;
#1769 = DIRECTION ( 'NONE',  ( 0.0000000000000000000, 0.0000000000000000000, -1.000000000000000000 ) ) ;
#1770 = CARTESIAN_POINT ( 'NONE',  ( -0.06499999854713679748, 0.06875000000000000555, 0.05249999899417159832 ) ) ;
#1771 = CARTESIAN_POINT ( 'NONE',  ( -0.06499999854713681136, 0.07000000000000000666, 0.03624999899417160470 ) ) ;
#1772 = LINE ( 'NONE', #786, #1659 ) ;
#1773 = ORIENTED_EDGE ( 'NONE', *, *, #1157, .T. ) ;
#1774 = AXIS2_PLACEMENT_3D ( 'NONE', #1540, #1569, #1142 ) ;
#1775 = ORIENTED_EDGE ( 'NONE', *, *, #1801, .T. ) ;
#1776 = PRESENTATION_STYLE_ASSIGNMENT (( #1152 ) ) ;
#1777 = EDGE_LOOP ( 'NONE', ( #1173, #1378 ) ) ;
#1778 = DIRECTION ( 'NONE',  ( -0.0000000000000000000, -1.000000000000000000, -0.0000000000000000000 ) ) ;
#1779 = CIRCLE ( 'NONE', #2164, 0.01000000000000000541 ) ;
#1780 = CIRCLE ( 'NONE', #997, 0.01000000000000000541 ) ;
#1781 = PRESENTATION_STYLE_ASSIGNMENT (( #1610 ) ) ;
#1782 = EDGE_CURVE ( 'NONE', #1386, #963, #994, .T. ) ;
#1783 = COLOUR_RGB ( '',0.9529411764705881804, 0.8980392156862745390, 0.6549019607843137303 ) ;
#1784 = EDGE_LOOP ( 'NONE', ( #1464, #933, #851, #2192, #265 ) ) ;
#1785 = FACE_OUTER_BOUND ( 'NONE', #2541, .T. ) ;
#1786 = PRESENTATION_LAYER_ASSIGNMENT (  '', '', ( #1332 ) ) ;
#1787 = PRODUCT ( '679FD64C-DE5A-4F5D-BB7C-A0F57AD8FF64', '679FD64C-DE5A-4F5D-BB7C-A0F57AD8FF64', '', ( #210 ) ) ;
#1788 = VECTOR ( 'NONE', #233, 100.0000000000000000 ) ;
#1789 = CARTESIAN_POINT ( 'NONE',  ( -0.06499999854713681136, 0.06948223304703364522, 0.03749999899417158500 ) ) ;
#1790 = DIRECTION ( 'NONE',  ( 0.0000000000000000000, 1.000000000000000000, 0.0000000000000000000 ) ) ;
#1791 = EDGE_LOOP ( 'NONE', ( #944, #1161, #884, #577 ) ) ;
#1792 = EDGE_LOOP ( 'NONE', ( #186, #586, #2413, #1123, #449, #257, #1384, #843 ) ) ;
#1793 = PRESENTATION_LAYER_ASSIGNMENT (  '', '', ( #1116 ) ) ;
#1794 = LINE ( 'NONE', #1847, #2382 ) ;
#1795 = ORIENTED_EDGE ( 'NONE', *, *, #1367, .F. ) ;
#1796 = CYLINDRICAL_SURFACE ( 'NONE', #249, 0.005000000000000002706 ) ;
#1797 = CYLINDRICAL_SURFACE ( 'NONE', #1567, 0.005000000000000002706 ) ;
#1798 = ADVANCED_FACE ( 'NONE', ( #2400 ), #2000, .F. ) ;
#1799 = FACE_BOUND ( 'NONE', #1777, .T. ) ;
#1800 = LINE ( 'NONE', #2054, #2239 ) ;
#1801 = EDGE_CURVE ( 'NONE', #383, #2326, #1415, .T. ) ;
#1802 = DIRECTION ( 'NONE',  ( -0.0000000000000000000, -1.000000000000000000, -0.0000000000000000000 ) ) ;
#1803 = LINE ( 'NONE', #225, #291 ) ;
#1804 = LINE ( 'NONE', #2407, #605 ) ;
#1805 = ORIENTED_EDGE ( 'NONE', *, *, #893, .F. ) ;
#1806 = EDGE_LOOP ( 'NONE', ( #1971, #2564, #2502, #1280 ) ) ;
#1807 = DIRECTION ( 'NONE',  ( -0.0000000000000000000, 1.000000000000000000, -0.0000000000000000000 ) ) ;
#1808 = AXIS2_PLACEMENT_3D ( 'NONE', #1442, #1632, #61 ) ;
#1809 = DIRECTION ( 'NONE',  ( 0.0000000000000000000, 0.0000000000000000000, 1.000000000000000000 ) ) ;
#1810 = DIRECTION ( 'NONE',  ( 0.0000000000000000000, 0.0000000000000000000, 1.000000000000000000 ) ) ;
#1811 = FILL_AREA_STYLE ('',( #1213 ) ) ;
#1812 = CARTESIAN_POINT ( 'NONE',  ( 0.1000000000000000056, 0.0000000000000000000, -0.07000000000000000666 ) ) ;
#1813 = VECTOR ( 'NONE', #943, 100.0000000000000000 ) ;
#1814 = SURFACE_SIDE_STYLE ('',( #36 ) ) ;
#1815 = COLOUR_RGB ( '',0.9529411764705881804, 0.8980392156862745390, 0.6549019607843137303 ) ;
#1816 = PLANE ( 'NONE',  #2083 ) ;
#1817 = FACE_OUTER_BOUND ( 'NONE', #773, .T. ) ;
#1818 = EDGE_CURVE ( 'NONE', #1149, #2292, #292, .T. ) ;
#1819 = ORIENTED_EDGE ( 'NONE', *, *, #1468, .F. ) ;
#1820 = CARTESIAN_POINT ( 'NONE',  ( 0.1000000000000000056, 0.02999999999999999889, 0.06999999999999999278 ) ) ;
#1821 = ORIENTED_EDGE ( 'NONE', *, *, #993, .T. ) ;
#1822 =( BOUNDED_SURFACE ( )  B_SPLINE_SURFACE ( 3, 3, ( 
 ( #1938, #2305, #2317, #1764 ),
 ( #2531, #1348, #1911, #730 ),
 ( #1954, #1538, #2109, #523 ),
 ( #1320, #747, #2126, #2153 ) ),
 .UNSPECIFIED., .F., .F., .F. ) 
 B_SPLINE_SURFACE_WITH_KNOTS ( ( 4, 4 ),
 ( 4, 4 ),
 ( 0.0000000000000000000, 1.000000000000000000 ),
 ( 0.0000000000000000000, 1.000000000000000000 ),
 .UNSPECIFIED. ) 
 GEOMETRIC_REPRESENTATION_ITEM ( )  RATIONAL_B_SPLINE_SURFACE ( (
 ( 1.000000000000000000, 0.3333333333333334259, 0.3333333333333334259, 1.000000000000000000),
 ( 0.8047378541243661587, 0.2682459513747887936, 0.2682459513747887936, 0.8047378541243661587),
 ( 0.8047378541243661587, 0.2682459513747887936, 0.2682459513747887936, 0.8047378541243661587),
 ( 1.000000000000000000, 0.3333333333333334259, 0.3333333333333334259, 1.000000000000000000) ) ) 
 REPRESENTATION_ITEM ( '' )  SURFACE ( )  );
#1823 = FILL_AREA_STYLE_COLOUR ( '', #245 ) ;
#1824 = AXIS2_PLACEMENT_3D ( 'NONE', #139, #915, #709 ) ;
#1825 =( NAMED_UNIT ( * ) SI_UNIT ( $, .STERADIAN. ) SOLID_ANGLE_UNIT ( ) );
#1826 = CARTESIAN_POINT ( 'NONE',  ( -0.1000000000000000056, 0.0000000000000000000, 0.07000000000000000666 ) ) ;
#1827 = LINE ( 'NONE', #45, #2274 ) ;
#1828 = PLANE ( 'NONE',  #999 ) ;
#1829 = CARTESIAN_POINT ( 'NONE',  ( 0.05999999865889549949, 0.0000000000000000000, -0.01999999955296519888 ) ) ;
#1830 = UNCERTAINTY_MEASURE_WITH_UNIT (LENGTH_MEASURE( 1.000000000000000082E-05 ), #215, 'distance_accuracy_value', 'NONE');
#1831 = CARTESIAN_POINT ( 'NONE',  ( 0.07999999932944780456, 0.0000000000000000000, -0.08000000000000000167 ) ) ;
#1832 = CARTESIAN_POINT ( 'NONE',  ( -0.1000000000000000056, 0.02999999999999999889, -0.07000000000000002054 ) ) ;
#1833 = AXIS2_PLACEMENT_3D ( 'NONE', #672, #2041, #647 ) ;
#1834 = ORIENTED_EDGE ( 'NONE', *, *, #174, .F. ) ;
#1835 = EDGE_CURVE ( 'NONE', #2182, #146, #619, .T. ) ;
#1836 = CARTESIAN_POINT ( 'NONE',  ( 0.05999999865889549949, 0.0000000000000000000, -0.08000000000000000167 ) ) ;
#1837 = AXIS2_PLACEMENT_3D ( 'NONE', #693, #2068, #869 ) ;
#1838 = ORIENTED_EDGE ( 'NONE', *, *, #678, .F. ) ;
#1839 = AXIS2_PLACEMENT_3D ( 'NONE', #2544, #1564, #344 ) ;
#1840 = EDGE_CURVE ( 'NONE', #977, #1180, #961, .T. ) ;
#1841 = ADVANCED_FACE ( 'NONE', ( #1785 ), #2417, .F. ) ;
#1842 = DIRECTION ( 'NONE',  ( 0.0000000000000000000, 0.0000000000000000000, -1.000000000000000000 ) ) ;
#1843 = DIRECTION ( 'NONE',  ( -0.0000000000000000000, -1.000000000000000000, -0.0000000000000000000 ) ) ;
#1844 = FILL_AREA_STYLE_COLOUR ( '', #2170 ) ;
#1845 = ORIENTED_EDGE ( 'NONE', *, *, #881, .T. ) ;
#1846 = ORIENTED_EDGE ( 'NONE', *, *, #1835, .F. ) ;
#1847 = CARTESIAN_POINT ( 'NONE',  ( 0.05999999865889549949, -0.0001000000000000000183, -0.08000000000000000167 ) ) ;
#1848 = EDGE_LOOP ( 'NONE', ( #498, #1496, #2455, #666 ) ) ;
#1849 = DIRECTION ( 'NONE',  ( 0.0000000000000000000, 0.0000000000000000000, 1.000000000000000000 ) ) ;
#1850 = EDGE_CURVE ( 'NONE', #1160, #934, #1960, .T. ) ;
#1851 = CARTESIAN_POINT ( 'NONE',  ( -0.04999999854713677028, 0.06875000000000000555, 0.05249999899417161220 ) ) ;
#1852 = ORIENTED_EDGE ( 'NONE', *, *, #2191, .F. ) ;
#1853 = CARTESIAN_POINT ( 'NONE',  ( -0.08499999798834320663, 0.06500000000000000222, 0.05999999843537810046 ) ) ;
#1854 = CARTESIAN_POINT ( 'NONE',  ( 0.1000000000000000056, -0.0001000000000000000183, -0.01999999955296519888 ) ) ;
#1855 = DIRECTION ( 'NONE',  ( -0.0000000000000000000, 1.000000000000000000, -0.0000000000000000000 ) ) ;
#1856 = DIRECTION ( 'NONE',  ( -0.0000000000000000000, -1.000000000000000000, -0.0000000000000000000 ) ) ;
#1857 = ORIENTED_EDGE ( 'NONE', *, *, #1977, .F. ) ;
#1858 =( LENGTH_UNIT ( ) NAMED_UNIT ( * ) SI_UNIT ( .CENTI., .METRE. ) );
#1859 = ORIENTED_EDGE ( 'NONE', *, *, #1572, .F. ) ;
#1860 = CIRCLE ( 'NONE', #1470, 0.01000000000000000541 ) ;
#1861 = DIRECTION ( 'NONE',  ( -1.000000000000000000, 0.0000000000000000000, -0.0000000000000000000 ) ) ;
#1862 = PRESENTATION_LAYER_ASSIGNMENT (  '', '', ( #2410 ) ) ;
#1863 = EDGE_CURVE ( 'NONE', #613, #2273, #1207, .T. ) ;
#1864 =( LENGTH_UNIT ( ) NAMED_UNIT ( * ) SI_UNIT ( .CENTI., .METRE. ) );
#1865 = LINE ( 'NONE', #1853, #1942 ) ;
#1866 = PRESENTATION_STYLE_ASSIGNMENT (( #276 ) ) ;
#1867 = CARTESIAN_POINT ( 'NONE',  ( 0.1000000000000000056, 0.02999999999999999889, -0.07000000000000000666 ) ) ;
#1868 = DIRECTION ( 'NONE',  ( 0.0000000000000000000, -1.000000000000000000, 0.0000000000000000000 ) ) ;
#1869 = EDGE_LOOP ( 'NONE', ( #1174, #1668, #600, #1756 ) ) ;
#1870 = DIRECTION ( 'NONE',  ( -1.000000000000000000, 0.0000000000000000000, 0.0000000000000000000 ) ) ;
#1871 = ORIENTED_EDGE ( 'NONE', *, *, #178, .F. ) ;
#1872 = VECTOR ( 'NONE', #1094, 100.0000000000000000 ) ;
#1873 =( GEOMETRIC_REPRESENTATION_CONTEXT ( 3 ) GLOBAL_UNCERTAINTY_ASSIGNED_CONTEXT ( ( #1171 ) ) GLOBAL_UNIT_ASSIGNED_CONTEXT ( ( #283, #885, #1825 ) ) REPRESENTATION_CONTEXT ( 'NONE', 'WORKASPACE' ) );
#1874 = FACE_OUTER_BOUND ( 'NONE', #1042, .T. ) ;
#1875 =( NAMED_UNIT ( * ) SI_UNIT ( $, .STERADIAN. ) SOLID_ANGLE_UNIT ( ) );
#1876 = MECHANICAL_DESIGN_GEOMETRIC_PRESENTATION_REPRESENTATION (  '', ( #2334 ), #793 ) ;
#1877 = CARTESIAN_POINT ( 'NONE',  ( -0.06499999854713679748, 0.06750000000000000444, 0.03874999899417160693 ) ) ;
#1878 = CARTESIAN_POINT ( 'NONE',  ( 0.1000000000000000056, -0.0001000000000000000183, -0.07000000000000000666 ) ) ;
#1879 = DIRECTION ( 'NONE',  ( -0.0000000000000000000, 1.000000000000000000, 0.0000000000000000000 ) ) ;
#1880 = FACE_OUTER_BOUND ( 'NONE', #429, .T. ) ;
#1881 = CARTESIAN_POINT ( 'NONE',  ( -0.08999999999999999667, 0.02999999999999999889, 0.08000000000000000167 ) ) ;
#1882 = PRODUCT_RELATED_PRODUCT_CATEGORY ( 'part', '', ( #1787 ) ) ;
#1883 = ADVANCED_FACE ( 'NONE', ( #1799, #193 ), #2380, .F. ) ;
#1884 = LINE ( 'NONE', #1466, #1121 ) ;
#1885 = ORIENTED_EDGE ( 'NONE', *, *, #1818, .T. ) ;
#1886 = DIRECTION ( 'NONE',  ( -1.000000000000000000, 0.0000000000000000000, 1.224646799147353207E-16 ) ) ;
#1887 = FACE_OUTER_BOUND ( 'NONE', #792, .T. ) ;
#1888 = DIRECTION ( 'NONE',  ( 0.0000000000000000000, 0.0000000000000000000, -1.000000000000000000 ) ) ;
#1889 = PLANE ( 'NONE',  #2581 ) ;
#1890 = CIRCLE ( 'NONE', #1808, 0.01000000000000000541 ) ;
#1891 = FACE_BOUND ( 'NONE', #566, .T. ) ;
#1892 = EDGE_CURVE ( 'NONE', #1374, #320, #705, .T. ) ;
#1893 = EDGE_LOOP ( 'NONE', ( #1594, #1692, #803, #1719 ) ) ;
#1894 = CIRCLE ( 'NONE', #606, 0.01000000000000000541 ) ;
#1895 = CARTESIAN_POINT ( 'NONE',  ( -0.08499999798834320663, 0.06500000000000000222, -0.06999999843537810240 ) ) ;
#1896 = VERTEX_POINT ( 'NONE', #1895 ) ;
#1897 = DIRECTION ( 'NONE',  ( 0.0000000000000000000, 0.0000000000000000000, 1.000000000000000000 ) ) ;
#1898 = VECTOR ( 'NONE', #859, 100.0000000000000000 ) ;
#1899 = CARTESIAN_POINT ( 'NONE',  ( 0.1000000000000000056, 0.0000000000000000000, -0.01999999955296519541 ) ) ;
#1900 = MECHANICAL_DESIGN_GEOMETRIC_PRESENTATION_REPRESENTATION (  '', ( #1031 ), #194 ) ;
#1901 = CARTESIAN_POINT ( 'NONE',  ( 0.08999999798834319720, 0.06500000000000000222, -0.06999999843537810240 ) ) ;
#1902 = AXIS2_PLACEMENT_3D ( 'NONE', #1081, #656, #2442 ) ;
#1903 = CYLINDRICAL_SURFACE ( 'NONE', #654, 0.01000000000000000541 ) ;
#1904 = SURFACE_STYLE_USAGE ( .BOTH. , #1688 ) ;
#1905 = DIRECTION ( 'NONE',  ( -0.0000000000000000000, 0.0000000000000000000, -1.000000000000000000 ) ) ;
#1906 = VERTEX_POINT ( 'NONE', #679 ) ;
#1907 = CIRCLE ( 'NONE', #1693, 0.01000000000000000541 ) ;
#1908 = EDGE_CURVE ( 'NONE', #354, #603, #1080, .T. ) ;
#1909 = VECTOR ( 'NONE', #2174, 100.0000000000000000 ) ;
#1910 = VERTEX_POINT ( 'NONE', #475 ) ;
#1911 = CARTESIAN_POINT ( 'NONE',  ( -0.04896446464120402658, 0.07000000000000000666, 0.05301776594713795976 ) ) ;
#1912 = EDGE_CURVE ( 'NONE', #9, #826, #2480, .T. ) ;
#1913 = ADVANCED_FACE ( 'NONE', ( #1874 ), #1271, .T. ) ;
#1914 = VECTOR ( 'NONE', #2412, 100.0000000000000000 ) ;
#1915 = DIRECTION ( 'NONE',  ( 0.0000000000000000000, 1.000000000000000000, 0.0000000000000000000 ) ) ;
#1916 = FILL_AREA_STYLE_COLOUR ( '', #2159 ) ;
#1917 = VECTOR ( 'NONE', #481, 100.0000000000000000 ) ;
#1918 = PRESENTATION_STYLE_ASSIGNMENT (( #970 ) ) ;
#1919 = CARTESIAN_POINT ( 'NONE',  ( 0.09999999776482580705, -0.0001000000000000000183, 0.01999999955296519888 ) ) ;
#1920 =( NAMED_UNIT ( * ) PLANE_ANGLE_UNIT ( ) SI_UNIT ( $, .RADIAN. ) );
#1921 = CARTESIAN_POINT ( 'NONE',  ( 0.0000000000000000000, 0.02999999999999999889, -0.08000000000000000167 ) ) ;
#1922 = EDGE_LOOP ( 'NONE', ( #2503, #2512, #1951, #1317 ) ) ;
#1923 = VERTEX_POINT ( 'NONE', #1304 ) ;
#1924 = CARTESIAN_POINT ( 'NONE',  ( -0.08499999798834320663, 0.06500000000000000222, 0.05999999843537810046 ) ) ;
#1925 = CARTESIAN_POINT ( 'NONE',  ( 0.08999999999999999667, 0.0000000000000000000, -0.08000000000000000167 ) ) ;
#1926 = EDGE_CURVE ( 'NONE', #1303, #988, #2291, .T. ) ;
#1927 = FILL_AREA_STYLE ('',( #1916 ) ) ;
#1928 = ORIENTED_EDGE ( 'NONE', *, *, #762, .F. ) ;
#1929 = CARTESIAN_POINT ( 'NONE',  ( 0.1000000000000000056, 0.02999999999999999889, -0.07000000000000000666 ) ) ;
#1930 = SURFACE_SIDE_STYLE ('',( #1147 ) ) ;
#1931 = LINE ( 'NONE', #2133, #1245 ) ;
#1932 = UNCERTAINTY_MEASURE_WITH_UNIT (LENGTH_MEASURE( 1.000000000000000082E-05 ), #1355, 'distance_accuracy_value', 'NONE');
#1933 = ORIENTED_EDGE ( 'NONE', *, *, #2361, .T. ) ;
#1934 = VERTEX_POINT ( 'NONE', #717 ) ;
#1935 = CARTESIAN_POINT ( 'NONE',  ( 0.08499999798834320663, 0.05999999999999999778, -0.06499999843537809796 ) ) ;
#1936 = ORIENTED_EDGE ( 'NONE', *, *, #535, .F. ) ;
#1937 =( GEOMETRIC_REPRESENTATION_CONTEXT ( 3 ) GLOBAL_UNCERTAINTY_ASSIGNED_CONTEXT ( ( #1025 ) ) GLOBAL_UNIT_ASSIGNED_CONTEXT ( ( #920, #1453, #1501 ) ) REPRESENTATION_CONTEXT ( 'NONE', 'WORKASPACE' ) );
#1938 = CARTESIAN_POINT ( 'NONE',  ( -0.06499999854713679748, 0.07000000000000000666, 0.03624999899417159777 ) ) ;
#1939 = VECTOR ( 'NONE', #2073, 100.0000000000000000 ) ;
#1940 = DIRECTION ( 'NONE',  ( -1.000000000000000000, -0.0000000000000000000, 0.0000000000000000000 ) ) ;
#1941 = DIRECTION ( 'NONE',  ( -0.0000000000000000000, 1.000000000000000000, 0.0000000000000000000 ) ) ;
#1942 = VECTOR ( 'NONE', #487, 100.0000000000000000 ) ;
#1943 = EDGE_CURVE ( 'NONE', #1695, #1934, #1375, .T. ) ;
#1944 = CARTESIAN_POINT ( 'NONE',  ( 0.08999999999999999667, 0.02999999999999999889, 0.08000000000000000167 ) ) ;
#1945 = CARTESIAN_POINT ( 'NONE',  ( -0.08999999999999999667, 0.02999999999999999889, -0.08000000000000000167 ) ) ;
#1946 = EDGE_CURVE ( 'NONE', #603, #51, #2094, .T. ) ;
#1947 =( LENGTH_UNIT ( ) NAMED_UNIT ( * ) SI_UNIT ( .CENTI., .METRE. ) );
#1948 = LINE ( 'NONE', #331, #74 ) ;
#1949 =( GEOMETRIC_REPRESENTATION_CONTEXT ( 3 ) GLOBAL_UNCERTAINTY_ASSIGNED_CONTEXT ( ( #424 ) ) GLOBAL_UNIT_ASSIGNED_CONTEXT ( ( #995, #783, #1021 ) ) REPRESENTATION_CONTEXT ( 'NONE', 'WORKASPACE' ) );
#1950 = EDGE_LOOP ( 'NONE', ( #790, #2341, #150, #742 ) ) ;
#1951 = ORIENTED_EDGE ( 'NONE', *, *, #274, .F. ) ;
#1952 = LINE ( 'NONE', #1102, #1997 ) ;
#1953 =( GEOMETRIC_REPRESENTATION_CONTEXT ( 3 ) GLOBAL_UNCERTAINTY_ASSIGNED_CONTEXT ( ( #367 ) ) GLOBAL_UNIT_ASSIGNED_CONTEXT ( ( #2345, #1753, #1484 ) ) REPRESENTATION_CONTEXT ( 'NONE', 'WORKASPACE' ) );
#1954 = CARTESIAN_POINT ( 'NONE',  ( -0.06499999854713681136, 0.06948223304703363135, 0.03749999899417158500 ) ) ;
#1955 = AXIS2_PLACEMENT_3D ( 'NONE', #2391, #823, #1198 ) ;
#1956 = CARTESIAN_POINT ( 'NONE',  ( -0.06499999854713679748, 0.06875000000000000555, 0.05124999899417161109 ) ) ;
#1957 =( LENGTH_UNIT ( ) NAMED_UNIT ( * ) SI_UNIT ( .CENTI., .METRE. ) );
#1958 = STYLED_ITEM ( 'NONE', ( #171 ), #1841 ) ;
#1959 = ORIENTED_EDGE ( 'NONE', *, *, #1214, .F. ) ;
#1960 = LINE ( 'NONE', #1558, #2215 ) ;
#1961 = MECHANICAL_DESIGN_GEOMETRIC_PRESENTATION_REPRESENTATION (  '', ( #415 ), #1873 ) ;
#1962 = SURFACE_STYLE_USAGE ( .BOTH. , #1158 ) ;
#1963 = PRESENTATION_STYLE_ASSIGNMENT (( #2147 ) ) ;
#1964 = UNCERTAINTY_MEASURE_WITH_UNIT (LENGTH_MEASURE( 1.000000000000000082E-05 ), #517, 'distance_accuracy_value', 'NONE');
#1965 = ORIENTED_EDGE ( 'NONE', *, *, #1516, .T. ) ;
#1966 = ADVANCED_FACE ( 'NONE', ( #1111 ), #104, .F. ) ;
#1967 = ORIENTED_EDGE ( 'NONE', *, *, #1977, .T. ) ;
#1968 = ORIENTED_EDGE ( 'NONE', *, *, #964, .F. ) ;
#1969 = CARTESIAN_POINT ( 'NONE',  ( 0.1000000000000000056, 0.0000000000000000000, 0.07000000000000000666 ) ) ;
#1970 = CARTESIAN_POINT ( 'NONE',  ( -0.1000000000000000056, 0.02999999999999999889, -0.07000000000000002054 ) ) ;
#1971 = ORIENTED_EDGE ( 'NONE', *, *, #1129, .F. ) ;
#1972 = DIRECTION ( 'NONE',  ( -0.0000000000000000000, -1.000000000000000000, -0.0000000000000000000 ) ) ;
#1973 = CYLINDRICAL_SURFACE ( 'NONE', #1232, 0.005000000000000002706 ) ;
#1974 = CARTESIAN_POINT ( 'NONE',  ( -0.06499999854713679748, 0.07000000000000000666, 0.05374999899417159249 ) ) ;
#1975 = ORIENTED_EDGE ( 'NONE', *, *, #103, .F. ) ;
#1976 = ORIENTED_EDGE ( 'NONE', *, *, #125, .F. ) ;
#1977 = EDGE_CURVE ( 'NONE', #572, #1557, #758, .T. ) ;
#1978 = DIRECTION ( 'NONE',  ( 0.0000000000000000000, 1.000000000000000000, 0.0000000000000000000 ) ) ;
#1979 = ORIENTED_EDGE ( 'NONE', *, *, #2014, .F. ) ;
#1980 = FACE_OUTER_BOUND ( 'NONE', #1621, .T. ) ;
#1981 = VECTOR ( 'NONE', #1492, 100.0000000000000000 ) ;
#1982 = ORIENTED_EDGE ( 'NONE', *, *, #1067, .F. ) ;
#1983 = CARTESIAN_POINT ( 'NONE',  ( -0.08999999999999999667, 0.0000000000000000000, -0.08000000000000000167 ) ) ;
#1984 = DIRECTION ( 'NONE',  ( -1.000000000000000000, -0.0000000000000000000, -0.0000000000000000000 ) ) ;
#1985 = PLANE ( 'NONE',  #15 ) ;
#1986 = CARTESIAN_POINT ( 'NONE',  ( 0.0000000000000000000, 0.0000000000000000000, 0.0000000000000000000 ) ) ;
#1987 = UNCERTAINTY_MEASURE_WITH_UNIT (LENGTH_MEASURE( 1.000000000000000082E-05 ), #1289, 'distance_accuracy_value', 'NONE');
#1988 = ORIENTED_EDGE ( 'NONE', *, *, #2573, .F. ) ;
#1989 = CIRCLE ( 'NONE', #2319, 0.009999999999999982861 ) ;
#1990 = EDGE_LOOP ( 'NONE', ( #1533, #1315, #1505, #2446 ) ) ;
#1991 = STYLED_ITEM ( 'NONE', ( #1673 ), #975 ) ;
#1992 = CARTESIAN_POINT ( 'NONE',  ( -0.08999999798834321107, 0.05999999999999999778, 0.06499999843537809796 ) ) ;
#1993 = ORIENTED_EDGE ( 'NONE', *, *, #2331, .F. ) ;
#1994 = DIRECTION ( 'NONE',  ( 0.0000000000000000000, 0.0000000000000000000, -1.000000000000000000 ) ) ;
#1995 = VECTOR ( 'NONE', #2069, 100.0000000000000000 ) ;
#1996 = EDGE_CURVE ( 'NONE', #228, #2173, #1162, .T. ) ;
#1997 = VECTOR ( 'NONE', #1139, 100.0000000000000000 ) ;
#1998 = DIRECTION ( 'NONE',  ( 3.469446835631340056E-16, 0.0000000000000000000, 1.000000000000000000 ) ) ;
#1999 = ADVANCED_FACE ( 'NONE', ( #1137 ), #2165, .F. ) ;
#2000 = CYLINDRICAL_SURFACE ( 'NONE', #2589, 0.01000000000000000541 ) ;
#2001 = AXIS2_PLACEMENT_3D ( 'NONE', #280, #1870, #2477 ) ;
#2002 = AXIS2_PLACEMENT_3D ( 'NONE', #504, #918, #1368 ) ;
#2003 = FACE_OUTER_BOUND ( 'NONE', #49, .T. ) ;
#2004 = DIRECTION ( 'NONE',  ( -0.0000000000000000000, -0.0000000000000000000, 1.000000000000000000 ) ) ;
#2005 = LINE ( 'NONE', #2178, #2457 ) ;
#2006 = CARTESIAN_POINT ( 'NONE',  ( -0.07999999798834320219, 0.07000000000000000666, 0.06499999843537811184 ) ) ;
#2007 = VECTOR ( 'NONE', #2568, 100.0000000000000000 ) ;
#2008 = CARTESIAN_POINT ( 'NONE',  ( -0.1000000000000000056, 0.02999999999999999889, -0.08000000000000000167 ) ) ;
#2009 = ORIENTED_EDGE ( 'NONE', *, *, #1850, .F. ) ;
#2010 = CARTESIAN_POINT ( 'NONE',  ( -0.08499999798834320663, 0.05999999999999999778, 0.06499999843537809796 ) ) ;
#2011 =( BOUNDED_CURVE ( )  B_SPLINE_CURVE ( 3, ( #2348, #109, #1699, #2517 ),
 .UNSPECIFIED., .F., .T. ) 
 B_SPLINE_CURVE_WITH_KNOTS ( ( 4, 4 ),
 ( 0.2500000000000000000, 0.7500000000000000000 ),
 .UNSPECIFIED. ) 
 CURVE ( )  GEOMETRIC_REPRESENTATION_ITEM ( )  RATIONAL_B_SPLINE_CURVE ( ( 1.000000000000000000, 0.3333333333333333703, 0.3333333333333333703, 1.000000000000000000 ) ) 
 REPRESENTATION_ITEM ( '' )  );
#2012 = SURFACE_STYLE_FILL_AREA ( #2221 ) ;
#2013 = LINE ( 'NONE', #1983, #1909 ) ;
#2014 = EDGE_CURVE ( 'NONE', #988, #279, #2176, .T. ) ;
#2015 = CARTESIAN_POINT ( 'NONE',  ( 0.0000000000000000000, 0.05999999999999999778, 0.06999999843537810240 ) ) ;
#2016 = LINE ( 'NONE', #633, #855 ) ;
#2017 =( NAMED_UNIT ( * ) SI_UNIT ( $, .STERADIAN. ) SOLID_ANGLE_UNIT ( ) );
#2018 = CARTESIAN_POINT ( 'NONE',  ( -0.08499999798834320663, 0.05999999999999999778, 0.06499999843537809796 ) ) ;
#2019 = UNCERTAINTY_MEASURE_WITH_UNIT (LENGTH_MEASURE( 1.000000000000000082E-05 ), #1947, 'distance_accuracy_value', 'NONE');
#2020 = VERTEX_POINT ( 'NONE', #177 ) ;
#2021 = DIRECTION ( 'NONE',  ( 0.0000000000000000000, -1.000000000000000000, 0.0000000000000000000 ) ) ;
#2022 = ORIENTED_EDGE ( 'NONE', *, *, #601, .T. ) ;
#2023 = AXIS2_PLACEMENT_3D ( 'NONE', #636, #648, #2435 ) ;
#2024 = DIRECTION ( 'NONE',  ( 0.0000000000000000000, 0.0000000000000000000, -1.000000000000000000 ) ) ;
#2025 = DIRECTION ( 'NONE',  ( -0.0000000000000000000, 0.0000000000000000000, 1.000000000000000000 ) ) ;
#2026 = STYLED_ITEM ( 'NONE', ( #1717 ), #157 ) ;
#2027 = EDGE_CURVE ( 'NONE', #639, #2511, #119, .T. ) ;
#2028 = CARTESIAN_POINT ( 'NONE',  ( -0.08999999999999999667, 0.05999999999999999778, 0.08000000000000000167 ) ) ;
#2029 = ADVANCED_FACE ( 'NONE', ( #1535 ), #976, .T. ) ;
#2030 = ORIENTED_EDGE ( 'NONE', *, *, #2225, .T. ) ;
#2031 = DIRECTION ( 'NONE',  ( 0.0000000000000000000, 0.0000000000000000000, -1.000000000000000000 ) ) ;
#2032 = ORIENTED_EDGE ( 'NONE', *, *, #1054, .T. ) ;
#2033 = VECTOR ( 'NONE', #1225, 100.0000000000000000 ) ;
#2034 = CARTESIAN_POINT ( 'NONE',  ( -0.08999999999999999667, 0.05999999999999999778, 0.08000000000000000167 ) ) ;
#2035 =( GEOMETRIC_REPRESENTATION_CONTEXT ( 3 ) GLOBAL_UNCERTAINTY_ASSIGNED_CONTEXT ( ( #571 ) ) GLOBAL_UNIT_ASSIGNED_CONTEXT ( ( #400, #1008, #1 ) ) REPRESENTATION_CONTEXT ( 'NONE', 'WORKASPACE' ) );
#2036 = COLOUR_RGB ( '',0.6274509803921568540, 0.6274509803921568540, 0.6274509803921568540 ) ;
#2037 = DIRECTION ( 'NONE',  ( -2.312964617402810242E-16, 0.0000000000000000000, 1.000000000000000000 ) ) ;
#2038 = CARTESIAN_POINT ( 'NONE',  ( 0.0000000000000000000, 0.02999999999999999889, 0.08000000000000000167 ) ) ;
#2039 = VECTOR ( 'NONE', #373, 100.0000000000000000 ) ;
#2040 =( LENGTH_UNIT ( ) NAMED_UNIT ( * ) SI_UNIT ( .CENTI., .METRE. ) );
#2041 = DIRECTION ( 'NONE',  ( -0.0000000000000000000, 1.000000000000000000, -0.0000000000000000000 ) ) ;
#2042 = UNCERTAINTY_MEASURE_WITH_UNIT (LENGTH_MEASURE( 1.000000000000000082E-05 ), #1316, 'distance_accuracy_value', 'NONE');
#2043 = FILL_AREA_STYLE_COLOUR ( '', #681 ) ;
#2044 = CARTESIAN_POINT ( 'NONE',  ( 0.1000000000000000056, 0.0000000000000000000, -0.08000000000000000167 ) ) ;
#2045 = ORIENTED_EDGE ( 'NONE', *, *, #1372, .T. ) ;
#2046 = DIRECTION ( 'NONE',  ( -0.0000000000000000000, 0.0000000000000000000, 1.000000000000000000 ) ) ;
#2047 = PRESENTATION_LAYER_ASSIGNMENT (  '', '', ( #578 ) ) ;
#2048 = EDGE_CURVE ( 'NONE', #2166, #2182, #2123, .T. ) ;
#2049 = EDGE_LOOP ( 'NONE', ( #105, #1705, #133, #1062 ) ) ;
#2050 = VECTOR ( 'NONE', #1016, 100.0000000000000000 ) ;
#2051 = DIRECTION ( 'NONE',  ( 0.0000000000000000000, 0.0000000000000000000, 1.000000000000000000 ) ) ;
#2052 =( LENGTH_UNIT ( ) NAMED_UNIT ( * ) SI_UNIT ( .CENTI., .METRE. ) );
#2053 = ORIENTED_EDGE ( 'NONE', *, *, #2105, .T. ) ;
#2054 = CARTESIAN_POINT ( 'NONE',  ( -0.05999999865889549949, 0.0000000000000000000, 0.04999999977648259680 ) ) ;
#2055 = SURFACE_STYLE_FILL_AREA ( #1256 ) ;
#2056 = ORIENTED_EDGE ( 'NONE', *, *, #964, .T. ) ;
#2057 = CARTESIAN_POINT ( 'NONE',  ( 0.08999999798834321107, 0.05999999999999999778, 0.06499999843537809796 ) ) ;
#2058 = EDGE_LOOP ( 'NONE', ( #90, #2119, #2515, #1988 ) ) ;
#2059 = EDGE_CURVE ( 'NONE', #188, #199, #1376, .T. ) ;
#2060 = DIRECTION ( 'NONE',  ( 0.0000000000000000000, 0.0000000000000000000, 1.000000000000000000 ) ) ;
#2061 = SURFACE_STYLE_USAGE ( .BOTH. , #2086 ) ;
#2062 = FACE_BOUND ( 'NONE', #1792, .T. ) ;
#2063 = FILL_AREA_STYLE_COLOUR ( '', #98 ) ;
#2064 = ORIENTED_EDGE ( 'NONE', *, *, #207, .F. ) ;
#2065 = FACE_OUTER_BOUND ( 'NONE', #1242, .T. ) ;
#2066 = ORIENTED_EDGE ( 'NONE', *, *, #1041, .F. ) ;
#2067 = VECTOR ( 'NONE', #442, 100.0000000000000000 ) ;
#2068 = DIRECTION ( 'NONE',  ( 1.000000000000000000, 0.0000000000000000000, 0.0000000000000000000 ) ) ;
#2069 = DIRECTION ( 'NONE',  ( 0.0000000000000000000, 1.000000000000000000, 0.0000000000000000000 ) ) ;
#2070 = PRESENTATION_LAYER_ASSIGNMENT (  '', '', ( #19 ) ) ;
#2071 = ADVANCED_FACE ( 'NONE', ( #187 ), #1584, .T. ) ;
#2072 = ADVANCED_FACE ( 'NONE', ( #246 ), #2395, .T. ) ;
#2073 = DIRECTION ( 'NONE',  ( 0.0000000000000000000, -1.000000000000000000, 0.0000000000000000000 ) ) ;
#2074 = VECTOR ( 'NONE', #525, 100.0000000000000000 ) ;
#2075 = DIRECTION ( 'NONE',  ( -2.312964634635739999E-16, 0.0000000000000000000, 1.000000000000000000 ) ) ;
#2076 = DIRECTION ( 'NONE',  ( 0.0000000000000000000, -1.000000000000000000, 0.0000000000000000000 ) ) ;
#2077 = STYLED_ITEM ( 'NONE', ( #1113 ), #1400 ) ;
#2078 = DIRECTION ( 'NONE',  ( 1.000000000000000000, 0.0000000000000000000, 0.0000000000000000000 ) ) ;
#2079 = ORIENTED_EDGE ( 'NONE', *, *, #261, .T. ) ;
#2080 = CARTESIAN_POINT ( 'NONE',  ( 0.0000000000000000000, 0.05999999999999999778, 0.0000000000000000000 ) ) ;
#2081 = VERTEX_POINT ( 'NONE', #1205 ) ;
#2082 = AXIS2_PLACEMENT_3D ( 'NONE', #1181, #1020, #2 ) ;
#2083 = AXIS2_PLACEMENT_3D ( 'NONE', #1036, #391, #824 ) ;
#2084 = DIRECTION ( 'NONE',  ( 0.0000000000000000000, 0.0000000000000000000, 1.000000000000000000 ) ) ;
#2085 = CARTESIAN_POINT ( 'NONE',  ( 0.08999999798834319720, 0.05999999999999999778, -0.06499999843537809796 ) ) ;
#2086 = SURFACE_SIDE_STYLE ('',( #848 ) ) ;
#2087 = CARTESIAN_POINT ( 'NONE',  ( 0.08999999999999999667, 0.05999999999999999778, -0.08000000000000000167 ) ) ;
#2088 = EDGE_CURVE ( 'NONE', #627, #473, #448, .T. ) ;
#2089 = FILL_AREA_STYLE ('',( #1057 ) ) ;
#2090 = PLANE ( 'NONE',  #531 ) ;
#2091 = ORIENTED_EDGE ( 'NONE', *, *, #828, .F. ) ;
#2092 = CARTESIAN_POINT ( 'NONE',  ( -0.05999999865889549949, -0.0001000000000000000183, 0.01999999955296519888 ) ) ;
#2093 = ORIENTED_EDGE ( 'NONE', *, *, #2463, .T. ) ;
#2094 = LINE ( 'NONE', #298, #1698 ) ;
#2095 = ORIENTED_EDGE ( 'NONE', *, *, #1288, .T. ) ;
#2096 = LINE ( 'NONE', #308, #2370 ) ;
#2097 = PRESENTATION_STYLE_ASSIGNMENT (( #2112 ) ) ;
#2098 = LINE ( 'NONE', #2351, #1406 ) ;
#2099 = DIRECTION ( 'NONE',  ( 0.0000000000000000000, 0.0000000000000000000, -1.000000000000000000 ) ) ;
#2100 = EDGE_CURVE ( 'NONE', #412, #934, #1004, .T. ) ;
#2101 = PLANE ( 'NONE',  #483 ) ;
#2102 = DIRECTION ( 'NONE',  ( 0.0000000000000000000, -1.000000000000000000, 0.0000000000000000000 ) ) ;
#2103 = ORIENTED_EDGE ( 'NONE', *, *, #518, .T. ) ;
#2104 = EDGE_CURVE ( 'NONE', #537, #2273, #41, .T. ) ;
#2105 = EDGE_CURVE ( 'NONE', #2182, #1910, #1622, .T. ) ;
#2106 = DIRECTION ( 'NONE',  ( -1.000000000000000000, -0.0000000000000000000, 0.0000000000000000000 ) ) ;
#2107 = ORIENTED_EDGE ( 'NONE', *, *, #2027, .F. ) ;
#2108 = CARTESIAN_POINT ( 'NONE',  ( 0.0000000000000000000, 0.05999999999999999778, -0.06999999843537810240 ) ) ;
#2109 = CARTESIAN_POINT ( 'NONE',  ( -0.04999999854713675640, 0.06948223304703363135, 0.05249999899417157750 ) ) ;
#2110 = DIRECTION ( 'NONE',  ( -1.000000000000000000, 0.0000000000000000000, 1.224646799147353207E-16 ) ) ;
#2111 = CIRCLE ( 'NONE', #1151, 0.005000000000000002706 ) ;
#2112 = SURFACE_STYLE_USAGE ( .BOTH. , #95 ) ;
#2113 = MECHANICAL_DESIGN_GEOMETRIC_PRESENTATION_REPRESENTATION (  '', ( #951 ), #1647 ) ;
#2114 = PRESENTATION_STYLE_ASSIGNMENT (( #941 ) ) ;
#2115 = LINE ( 'NONE', #87, #313 ) ;
#2116 = DIRECTION ( 'NONE',  ( -0.0000000000000000000, 1.000000000000000000, -0.0000000000000000000 ) ) ;
#2117 = DIRECTION ( 'NONE',  ( 1.000000000000000000, 0.0000000000000000000, 0.0000000000000000000 ) ) ;
#2118 = UNCERTAINTY_MEASURE_WITH_UNIT (LENGTH_MEASURE( 1.000000000000000082E-05 ), #1626, 'distance_accuracy_value', 'NONE');
#2119 = ORIENTED_EDGE ( 'NONE', *, *, #1100, .T. ) ;
#2120 = STYLED_ITEM ( 'NONE', ( #1120 ), #1512 ) ;
#2121 = ORIENTED_EDGE ( 'NONE', *, *, #908, .F. ) ;
#2122 = EDGE_CURVE ( 'NONE', #1752, #412, #1794, .T. ) ;
#2123 = LINE ( 'NONE', #1175, #2007 ) ;
#2124 = MECHANICAL_DESIGN_GEOMETRIC_PRESENTATION_REPRESENTATION (  '', ( #1203 ), #1078 ) ;
#2125 = ORIENTED_EDGE ( 'NONE', *, *, #1095, .T. ) ;
#2126 = CARTESIAN_POINT ( 'NONE',  ( -0.04999999854713677028, 0.06875000000000000555, 0.05249999899417161220 ) ) ;
#2127 = COLOUR_RGB ( '',0.6274509803921568540, 0.6274509803921568540, 0.6274509803921568540 ) ;
#2128 = VECTOR ( 'NONE', #2438, 100.0000000000000000 ) ;
#2129 = CARTESIAN_POINT ( 'NONE',  ( 0.08999999999999999667, 0.0000000000000000000, 0.08000000000000000167 ) ) ;
#2130 = SURFACE_STYLE_FILL_AREA ( #2519 ) ;
#2131 =( NAMED_UNIT ( * ) SI_UNIT ( $, .STERADIAN. ) SOLID_ANGLE_UNIT ( ) );
#2132 = CARTESIAN_POINT ( 'NONE',  ( -0.08499999798834320663, 0.06500000000000000222, -0.05999999843537810046 ) ) ;
#2133 = CARTESIAN_POINT ( 'NONE',  ( 0.08999999798834319720, 0.06500000000000000222, 0.06999999843537810240 ) ) ;
#2134 = VERTEX_POINT ( 'NONE', #1408 ) ;
#2135 = ORIENTED_EDGE ( 'NONE', *, *, #2160, .F. ) ;
#2136 = DIRECTION ( 'NONE',  ( 0.0000000000000000000, 1.000000000000000000, 0.0000000000000000000 ) ) ;
#2137 = ORIENTED_EDGE ( 'NONE', *, *, #1065, .T. ) ;
#2138 = APPLICATION_CONTEXT ( 'automotive_design' ) ;
#2139 = LINE ( 'NONE', #1155, #2244 ) ;
#2140 = EDGE_CURVE ( 'NONE', #2439, #1386, #1082, .T. ) ;
#2141 = LINE ( 'NONE', #1755, #2074 ) ;
#2142 = EDGE_CURVE ( 'NONE', #1164, #146, #2243, .T. ) ;
#2143 = ORIENTED_EDGE ( 'NONE', *, *, #394, .F. ) ;
#2144 = CARTESIAN_POINT ( 'NONE',  ( 0.1000000000000000056, 0.0000000000000000000, 0.07000000000000000666 ) ) ;
#2145 = EDGE_CURVE ( 'NONE', #1180, #1208, #1244, .T. ) ;
#2146 = SURFACE_STYLE_FILL_AREA ( #330 ) ;
#2147 = SURFACE_STYLE_USAGE ( .BOTH. , #145 ) ;
#2148 = ORIENTED_EDGE ( 'NONE', *, *, #591, .T. ) ;
#2149 = VERTEX_POINT ( 'NONE', #1029 ) ;
#2150 = PRESENTATION_STYLE_ASSIGNMENT (( #2343 ) ) ;
#2151 = CARTESIAN_POINT ( 'NONE',  ( 0.1000000000000000056, 0.05999999999999999778, 0.08000000000000000167 ) ) ;
#2152 = CIRCLE ( 'NONE', #1063, 0.001249999999999997858 ) ;
#2153 = CARTESIAN_POINT ( 'NONE',  ( -0.06499999854713679748, 0.06875000000000000555, 0.05249999899417161220 ) ) ;
#2154 = CIRCLE ( 'NONE', #2528, 0.005000000000000002706 ) ;
#2155 = LINE ( 'NONE', #347, #691 ) ;
#2156 = PRESENTATION_STYLE_ASSIGNMENT (( #551 ) ) ;
#2157 = EDGE_LOOP ( 'NONE', ( #2289, #436, #2447, #788 ) ) ;
#2158 = PLANE ( 'NONE',  #490 ) ;
#2159 = COLOUR_RGB ( '',0.6274509803921568540, 0.6274509803921568540, 0.6274509803921568540 ) ;
#2160 = EDGE_CURVE ( 'NONE', #973, #936, #614, .T. ) ;
#2161 =( NAMED_UNIT ( * ) SI_UNIT ( $, .STERADIAN. ) SOLID_ANGLE_UNIT ( ) );
#2162 = MECHANICAL_DESIGN_GEOMETRIC_PRESENTATION_REPRESENTATION (  '', ( #2493 ), #2035 ) ;
#2163 = ORIENTED_EDGE ( 'NONE', *, *, #2122, .T. ) ;
#2164 = AXIS2_PLACEMENT_3D ( 'NONE', #1587, #1193, #231 ) ;
#2165 = CYLINDRICAL_SURFACE ( 'NONE', #1007, 0.005000000000000002706 ) ;
#2166 = VERTEX_POINT ( 'NONE', #1052 ) ;
#2167 = CARTESIAN_POINT ( 'NONE',  ( 0.1000000000000000056, 0.02999999999999999889, 0.08000000000000000167 ) ) ;
#2168 = CIRCLE ( 'NONE', #2499, 0.001250000000000003279 ) ;
#2169 = PRESENTATION_LAYER_ASSIGNMENT (  '', '', ( #2120 ) ) ;
#2170 = COLOUR_RGB ( '',0.9529411764705881804, 0.8980392156862745390, 0.6549019607843137303 ) ;
#2171 = CARTESIAN_POINT ( 'NONE',  ( -0.1000000000000000056, 0.0000000000000000000, -0.07000000000000000666 ) ) ;
#2172 = AXIS2_PLACEMENT_3D ( 'NONE', #646, #1476, #267 ) ;
#2173 = VERTEX_POINT ( 'NONE', #1189 ) ;
#2174 = DIRECTION ( 'NONE',  ( 0.0000000000000000000, 1.000000000000000000, 0.0000000000000000000 ) ) ;
#2175 = SURFACE_STYLE_USAGE ( .BOTH. , #959 ) ;
#2176 = CIRCLE ( 'NONE', #80, 0.007500000000000008396 ) ;
#2177 = EDGE_CURVE ( 'NONE', #2020, #1546, #428, .T. ) ;
#2178 = CARTESIAN_POINT ( 'NONE',  ( 0.08999999999999999667, 0.0000000000000000000, -0.08000000000000000167 ) ) ;
#2179 = UNCERTAINTY_MEASURE_WITH_UNIT (LENGTH_MEASURE( 1.000000000000000082E-05 ), #1076, 'distance_accuracy_value', 'NONE');
#2180 = EDGE_LOOP ( 'NONE', ( #1344, #2336, #541, #1975 ) ) ;
#2181 = DIRECTION ( 'NONE',  ( 1.000000000000000000, 0.0000000000000000000, -0.0000000000000000000 ) ) ;
#2182 = VERTEX_POINT ( 'NONE', #227 ) ;
#2183 = CYLINDRICAL_SURFACE ( 'NONE', #1285, 0.01000000000000000541 ) ;
#2184 = FACE_OUTER_BOUND ( 'NONE', #510, .T. ) ;
#2185 = CARTESIAN_POINT ( 'NONE',  ( -0.1000000000000000056, 0.0000000000000000000, 0.01999999955296519541 ) ) ;
#2186 = EDGE_LOOP ( 'NONE', ( #2394, #1388, #2567, #2372 ) ) ;
#2187 = SURFACE_SIDE_STYLE ('',( #2592 ) ) ;
#2188 = FACE_OUTER_BOUND ( 'NONE', #729, .T. ) ;
#2189 = CARTESIAN_POINT ( 'NONE',  ( -0.06499999854713679748, 0.06875000000000000555, 0.05249999899417161220 ) ) ;
#2190 = PLANE ( 'NONE',  #1079 ) ;
#2191 = EDGE_CURVE ( 'NONE', #1234, #642, #829, .T. ) ;
#2192 = ORIENTED_EDGE ( 'NONE', *, *, #993, .F. ) ;
#2193 = DIRECTION ( 'NONE',  ( -0.0000000000000000000, 1.000000000000000000, 0.0000000000000000000 ) ) ;
#2194 = EDGE_CURVE ( 'NONE', #1546, #228, #1422, .T. ) ;
#2195 = EDGE_LOOP ( 'NONE', ( #2163, #734, #2332, #1450 ) ) ;
#2196 = CLOSED_SHELL ( 'NONE', ( #645, #928, #416, #1192, #293, #2072, #1517 ) ) ;
#2197 = SURFACE_STYLE_FILL_AREA ( #430 ) ;
#2198 = COLOUR_RGB ( '',0.9529411764705881804, 0.8980392156862745390, 0.6549019607843137303 ) ;
#2199 = FILL_AREA_STYLE ('',( #818 ) ) ;
#2200 = CARTESIAN_POINT ( 'NONE',  ( -0.1000000000000000056, 0.02999999999999999889, 0.06999999999999999278 ) ) ;
#2201 = AXIS2_PLACEMENT_3D ( 'NONE', #1103, #1489, #898 ) ;
#2202 = CARTESIAN_POINT ( 'NONE',  ( -0.1000000000000000056, 0.05999999999999999778, 0.07000000000000000666 ) ) ;
#2203 = CARTESIAN_POINT ( 'NONE',  ( -0.07999999854713683856, 0.06875000000000000555, 0.03749999899417160582 ) ) ;
#2204 = CARTESIAN_POINT ( 'NONE',  ( -0.1000000000000000056, 0.05999999999999999778, -0.07000000000000000666 ) ) ;
#2205 = DIRECTION ( 'NONE',  ( 0.0000000000000000000, 0.0000000000000000000, -1.000000000000000000 ) ) ;
#2206 = ORIENTED_EDGE ( 'NONE', *, *, #2145, .T. ) ;
#2207 =( GEOMETRIC_REPRESENTATION_CONTEXT ( 3 ) GLOBAL_UNCERTAINTY_ASSIGNED_CONTEXT ( ( #1747 ) ) GLOBAL_UNIT_ASSIGNED_CONTEXT ( ( #2052, #455, #94 ) ) REPRESENTATION_CONTEXT ( 'NONE', 'WORKASPACE' ) );
#2208 = VERTEX_POINT ( 'NONE', #496 ) ;
#2209 = SURFACE_STYLE_FILL_AREA ( #1018 ) ;
#2210 = EDGE_CURVE ( 'NONE', #1268, #1906, #271, .T. ) ;
#2211 = STYLED_ITEM ( 'NONE', ( #1312 ), #1586 ) ;
#2212 = CARTESIAN_POINT ( 'NONE',  ( 0.1000000000000000056, 0.0000000000000000000, -0.08000000000000000167 ) ) ;
#2213 = FACE_OUTER_BOUND ( 'NONE', #1593, .T. ) ;
#2214 = LINE ( 'NONE', #1589, #101 ) ;
#2215 = VECTOR ( 'NONE', #765, 100.0000000000000000 ) ;
#2216 = DIRECTION ( 'NONE',  ( 0.0000000000000000000, -0.0000000000000000000, -1.000000000000000000 ) ) ;
#2217 = DIRECTION ( 'NONE',  ( -0.0000000000000000000, 1.000000000000000000, 0.0000000000000000000 ) ) ;
#2218 = DIRECTION ( 'NONE',  ( -0.0000000000000000000, -1.000000000000000000, -0.0000000000000000000 ) ) ;
#2219 = EDGE_LOOP ( 'NONE', ( #532, #2206, #675, #1604, #511, #1455, #966, #2396 ) ) ;
#2220 = ORIENTED_EDGE ( 'NONE', *, *, #1468, .T. ) ;
#2221 = FILL_AREA_STYLE ('',( #1823 ) ) ;
#2222 = EDGE_CURVE ( 'NONE', #615, #1386, #1644, .T. ) ;
#2223 = CARTESIAN_POINT ( 'NONE',  ( -0.07999999798834320219, 0.07000000000000000666, -0.05999999843537810046 ) ) ;
#2224 = PLANE ( 'NONE',  #1435 ) ;
#2225 = EDGE_CURVE ( 'NONE', #1160, #813, #866, .T. ) ;
#2226 = CARTESIAN_POINT ( 'NONE',  ( -0.08999999999999999667, 0.0000000000000000000, 0.08000000000000000167 ) ) ;
#2227 = FACE_OUTER_BOUND ( 'NONE', #460, .T. ) ;
#2228 = UNCERTAINTY_MEASURE_WITH_UNIT (LENGTH_MEASURE( 1.000000000000000082E-05 ), #610, 'distance_accuracy_value', 'NONE');
#2229 = CARTESIAN_POINT ( 'NONE',  ( 0.05999999865889552031, 0.0000000000000000000, 0.01999999955296519541 ) ) ;
#2230 = EDGE_LOOP ( 'NONE', ( #368, #726, #1581, #1153, #1679 ) ) ;
#2231 =( NAMED_UNIT ( * ) PLANE_ANGLE_UNIT ( ) SI_UNIT ( $, .RADIAN. ) );
#2232 = ORIENTED_EDGE ( 'NONE', *, *, #207, .T. ) ;
#2233 = CARTESIAN_POINT ( 'NONE',  ( 0.0000000000000000000, 0.06500000000000000222, -0.06499999843537809796 ) ) ;
#2234 = SURFACE_SIDE_STYLE ('',( #632 ) ) ;
#2235 = DIRECTION ( 'NONE',  ( 1.000000000000000000, 0.0000000000000000000, 0.0000000000000000000 ) ) ;
#2236 = VECTOR ( 'NONE', #389, 100.0000000000000000 ) ;
#2237 = EDGE_CURVE ( 'NONE', #2585, #392, #1884, .T. ) ;
#2238 = PRESENTATION_STYLE_ASSIGNMENT (( #1439 ) ) ;
#2239 = VECTOR ( 'NONE', #2025, 100.0000000000000000 ) ;
#2240 = FACE_OUTER_BOUND ( 'NONE', #1283, .T. ) ;
#2241 =( NAMED_UNIT ( * ) PLANE_ANGLE_UNIT ( ) SI_UNIT ( $, .RADIAN. ) );
#2242 = CARTESIAN_POINT ( 'NONE',  ( 0.08499999798834320663, 0.05999999999999999778, 0.06999999843537810240 ) ) ;
#2243 = LINE ( 'NONE', #26, #2550 ) ;
#2244 = VECTOR ( 'NONE', #346, 100.0000000000000000 ) ;
#2245 = ORIENTED_EDGE ( 'NONE', *, *, #2177, .T. ) ;
#2246 = AXIS2_PLACEMENT_3D ( 'NONE', #1956, #2110, #1115 ) ;
#2247 = FILL_AREA_STYLE ('',( #1473 ) ) ;
#2248 = ORIENTED_EDGE ( 'NONE', *, *, #394, .T. ) ;
#2249 = DIRECTION ( 'NONE',  ( 0.0000000000000000000, 0.0000000000000000000, -1.000000000000000000 ) ) ;
#2250 = PRESENTATION_LAYER_ASSIGNMENT (  '', '', ( #71 ) ) ;
#2251 = LINE ( 'NONE', #1049, #453 ) ;
#2252 =( GEOMETRIC_REPRESENTATION_CONTEXT ( 3 ) GLOBAL_UNCERTAINTY_ASSIGNED_CONTEXT ( ( #1830 ) ) GLOBAL_UNIT_ASSIGNED_CONTEXT ( ( #215, #1580, #21 ) ) REPRESENTATION_CONTEXT ( 'NONE', 'WORKASPACE' ) );
#2253 = FACE_OUTER_BOUND ( 'NONE', #2157, .T. ) ;
#2254 = DIRECTION ( 'NONE',  ( 1.000000000000000000, 0.0000000000000000000, 0.0000000000000000000 ) ) ;
#2255 = EDGE_CURVE ( 'NONE', #384, #572, #1061, .T. ) ;
#2256 = VERTEX_POINT ( 'NONE', #1669 ) ;
#2257 = STYLED_ITEM ( 'NONE', ( #1776 ), #1999 ) ;
#2258 = ORIENTED_EDGE ( 'NONE', *, *, #363, .T. ) ;
#2259 = LINE ( 'NONE', #1474, #1898 ) ;
#2260 = CARTESIAN_POINT ( 'NONE',  ( 0.0000000000000000000, 0.06500000000000000222, 0.0000000000000000000 ) ) ;
#2261 = CARTESIAN_POINT ( 'NONE',  ( 0.08999999999999999667, 0.02999999999999999889, 0.08000000000000000167 ) ) ;
#2262 = ORIENTED_EDGE ( 'NONE', *, *, #2142, .F. ) ;
#2263 = ADVANCED_FACE ( 'NONE', ( #1891, #2448 ), #651, .F. ) ;
#2264 = PLANE ( 'NONE',  #2459 ) ;
#2265 = VERTEX_POINT ( 'NONE', #2057 ) ;
#2266 = EDGE_CURVE ( 'NONE', #199, #495, #2275, .T. ) ;
#2267 = ADVANCED_FACE ( 'NONE', ( #1269 ), #2501, .F. ) ;
#2268 = DIRECTION ( 'NONE',  ( 0.0000000000000000000, 0.0000000000000000000, 1.000000000000000000 ) ) ;
#2269 = DIRECTION ( 'NONE',  ( 0.0000000000000000000, 1.000000000000000000, 0.0000000000000000000 ) ) ;
#2270 =( NAMED_UNIT ( * ) SI_UNIT ( $, .STERADIAN. ) SOLID_ANGLE_UNIT ( ) );
#2271 = OPEN_SHELL ( 'NONE', ( #1711, #708, #2518, #1176, #1913, #725, #1534, #503, #1697, #1172, #667, #2263, #1443, #55, #1228, #1211, #1999, #1512, #1299, #1400, #1625, #2383, #1966, #157, #1841, #2267, #975, #258, #812, #1883, #1590, #990 ) ) ;
#2272 = DIRECTION ( 'NONE',  ( 0.0000000000000000000, 1.000000000000000000, 0.0000000000000000000 ) ) ;
#2273 = VERTEX_POINT ( 'NONE', #1301 ) ;
#2274 = VECTOR ( 'NONE', #849, 100.0000000000000000 ) ;
#2275 = LINE ( 'NONE', #318, #1917 ) ;
#2276 = EDGE_LOOP ( 'NONE', ( #1722, #1446, #513, #1993 ) ) ;
#2277 = LINE ( 'NONE', #1660, #2452 ) ;
#2278 = ADVANCED_FACE ( 'NONE', ( #461 ), #2264, .F. ) ;
#2279 = MECHANICAL_DESIGN_GEOMETRIC_PRESENTATION_REPRESENTATION (  '', ( #822 ), #1156 ) ;
#2280 = CARTESIAN_POINT ( 'NONE',  ( -0.05103553245306953479, 0.06749999999999999056, 0.05198223204120522994 ) ) ;
#2281 = FACE_OUTER_BOUND ( 'NONE', #1547, .T. ) ;
#2282 = CARTESIAN_POINT ( 'NONE',  ( 0.08499999798834320663, 0.05999999999999999778, -0.06499999843537809796 ) ) ;
#2283 = DIRECTION ( 'NONE',  ( 0.0000000000000000000, -0.0000000000000000000, -1.000000000000000000 ) ) ;
#2284 = MECHANICAL_DESIGN_GEOMETRIC_PRESENTATION_REPRESENTATION (  '', ( #955 ), #2496 ) ;
#2285 = EDGE_LOOP ( 'NONE', ( #1122, #147, #1220, #182 ) ) ;
#2286 = AXIS2_PLACEMENT_3D ( 'NONE', #214, #20, #2216 ) ;
#2287 = FILL_AREA_STYLE_COLOUR ( '', #1740 ) ;
#2288 = AXIS2_PLACEMENT_3D ( 'NONE', #890, #2076, #2283 ) ;
#2289 = ORIENTED_EDGE ( 'NONE', *, *, #1023, .F. ) ;
#2290 = PRESENTATION_LAYER_ASSIGNMENT (  '', '', ( #576 ) ) ;
#2291 = CIRCLE ( 'NONE', #1837, 0.001249999999999997858 ) ;
#2292 = VERTEX_POINT ( 'NONE', #472 ) ;
#2293 = SURFACE_SIDE_STYLE ('',( #324 ) ) ;
#2294 = AXIS2_PLACEMENT_3D ( 'NONE', #148, #935, #2181 ) ;
#2295 = ADVANCED_FACE ( 'NONE', ( #2065 ), #883, .T. ) ;
#2296 = CARTESIAN_POINT ( 'NONE',  ( -0.04999999854713679803, 0.06801776695296636588, 0.05249999899417159832 ) ) ;
#2297 = FILL_AREA_STYLE ('',( #466 ) ) ;
#2298 = PLANE ( 'NONE',  #2002 ) ;
#2299 = CARTESIAN_POINT ( 'NONE',  ( 0.09999999776482580705, 0.0000000000000000000, 0.01999999955296519541 ) ) ;
#2300 = LINE ( 'NONE', #1703, #2579 ) ;
#2301 = VERTEX_POINT ( 'NONE', #2340 ) ;
#2302 = DIRECTION ( 'NONE',  ( 0.0000000000000000000, 1.000000000000000000, 0.0000000000000000000 ) ) ;
#2303 = ORIENTED_EDGE ( 'NONE', *, *, #2160, .T. ) ;
#2304 = DIRECTION ( 'NONE',  ( 0.0000000000000000000, 0.0000000000000000000, 1.000000000000000000 ) ) ;
#2305 = CARTESIAN_POINT ( 'NONE',  ( -0.04749999854713679581, 0.07000000000000002054, 0.03624999899417159777 ) ) ;
#2306 = LINE ( 'NONE', #514, #865 ) ;
#2307 = CARTESIAN_POINT ( 'NONE',  ( 0.09999999869614839554, 0.0000000000000000000, 0.07000000000000013156 ) ) ;
#2308 = DIRECTION ( 'NONE',  ( 0.0000000000000000000, 1.000000000000000000, 0.0000000000000000000 ) ) ;
#2309 =( NAMED_UNIT ( * ) SI_UNIT ( $, .STERADIAN. ) SOLID_ANGLE_UNIT ( ) );
#2310 = EDGE_CURVE ( 'NONE', #2265, #1097, #872, .T. ) ;
#2311 = FILL_AREA_STYLE_COLOUR ( '', #870 ) ;
#2312 = SURFACE_STYLE_USAGE ( .BOTH. , #1343 ) ;
#2313 = ORIENTED_EDGE ( 'NONE', *, *, #1438, .T. ) ;
#2314 = STYLED_ITEM ( 'NONE', ( #554 ), #258 ) ;
#2315 = VERTEX_POINT ( 'NONE', #1313 ) ;
#2316 = FILL_AREA_STYLE_COLOUR ( '', #1737 ) ;
#2317 = CARTESIAN_POINT ( 'NONE',  ( -0.04749999854713678887, 0.07000000000000002054, 0.05374999899417160637 ) ) ;
#2318 = CARTESIAN_POINT ( 'NONE',  ( 0.08499999798834320663, 0.05999999999999999778, -0.06999999843537810240 ) ) ;
#2319 = AXIS2_PLACEMENT_3D ( 'NONE', #662, #1454, #1072 ) ;
#2320 = DIRECTION ( 'NONE',  ( -0.0000000000000000000, -1.000000000000000000, -0.0000000000000000000 ) ) ;
#2321 = CARTESIAN_POINT ( 'NONE',  ( -0.07999999854713682468, 0.06801776695296636588, 0.03749999899417160582 ) ) ;
#2322 = DIRECTION ( 'NONE',  ( 1.000000000000000000, 0.0000000000000000000, -0.0000000000000000000 ) ) ;
#2323 = AXIS2_PLACEMENT_3D ( 'NONE', #895, #1434, #1672 ) ;
#2324 = DIRECTION ( 'NONE',  ( 0.0000000000000000000, 1.000000000000000000, 0.0000000000000000000 ) ) ;
#2325 = EDGE_CURVE ( 'NONE', #642, #574, #1931, .T. ) ;
#2326 = VERTEX_POINT ( 'NONE', #519 ) ;
#2327 = PRESENTATION_LAYER_ASSIGNMENT (  '', '', ( #2211 ) ) ;
#2328 = ORIENTED_EDGE ( 'NONE', *, *, #617, .F. ) ;
#2329 = FILL_AREA_STYLE ('',( #134 ) ) ;
#2330 = AXIS2_PLACEMENT_3D ( 'NONE', #2282, #1843, #489 ) ;
#2331 = EDGE_CURVE ( 'NONE', #533, #304, #2353, .T. ) ;
#2332 = ORIENTED_EDGE ( 'NONE', *, *, #5, .T. ) ;
#2333 = PRODUCT_DEFINITION_FORMATION_WITH_SPECIFIED_SOURCE ( 'ANY', '', #1787, .NOT_KNOWN. ) ;
#2334 = STYLED_ITEM ( 'NONE', ( #2150 ), #2071 ) ;
#2335 = DIRECTION ( 'NONE',  ( 0.0000000000000000000, 0.0000000000000000000, 1.000000000000000000 ) ) ;
#2336 = ORIENTED_EDGE ( 'NONE', *, *, #1129, .T. ) ;
#2337 = DIRECTION ( 'NONE',  ( 0.0000000000000000000, 0.0000000000000000000, 1.000000000000000000 ) ) ;
#2338 =( NAMED_UNIT ( * ) PLANE_ANGLE_UNIT ( ) SI_UNIT ( $, .RADIAN. ) );
#2339 = FACE_OUTER_BOUND ( 'NONE', #1571, .T. ) ;
#2340 = CARTESIAN_POINT ( 'NONE',  ( 0.08999999999999999667, -0.0001000000000000000183, 0.08000000000000000167 ) ) ;
#2341 = ORIENTED_EDGE ( 'NONE', *, *, #794, .F. ) ;
#2342 = EDGE_LOOP ( 'NONE', ( #741, #1967, #2103, #2569 ) ) ;
#2343 = SURFACE_STYLE_USAGE ( .BOTH. , #536 ) ;
#2344 = EDGE_LOOP ( 'NONE', ( #361, #1017, #2045, #332 ) ) ;
#2345 =( LENGTH_UNIT ( ) NAMED_UNIT ( * ) SI_UNIT ( .CENTI., .METRE. ) );
#2346 = DIRECTION ( 'NONE',  ( 0.0000000000000000000, 0.0000000000000000000, 1.000000000000000000 ) ) ;
#2347 = EDGE_CURVE ( 'NONE', #384, #1053, #1948, .T. ) ;
#2348 = CARTESIAN_POINT ( 'NONE',  ( -0.06499999854713679748, 0.07000000000000000666, 0.05374999899417159249 ) ) ;
#2349 = CARTESIAN_POINT ( 'NONE',  ( -0.05999999865889549949, 0.0000000000000000000, -0.02000000000000000042 ) ) ;
#2350 = ORIENTED_EDGE ( 'NONE', *, *, #631, .T. ) ;
#2351 = CARTESIAN_POINT ( 'NONE',  ( -0.07999999932944780456, 0.0000000000000000000, 0.08000000000000000167 ) ) ;
#2352 =( NAMED_UNIT ( * ) PLANE_ANGLE_UNIT ( ) SI_UNIT ( $, .RADIAN. ) );
#2353 = LINE ( 'NONE', #1502, #160 ) ;
#2354 = ORIENTED_EDGE ( 'NONE', *, *, #535, .T. ) ;
#2355 = SURFACE_SIDE_STYLE ('',( #2371 ) ) ;
#2356 = VERTEX_POINT ( 'NONE', #158 ) ;
#2357 =( LENGTH_UNIT ( ) NAMED_UNIT ( * ) SI_UNIT ( .CENTI., .METRE. ) );
#2358 = PRESENTATION_LAYER_ASSIGNMENT (  '', '', ( #2026 ) ) ;
#2359 = DIRECTION ( 'NONE',  ( 0.0000000000000000000, 1.000000000000000000, 0.0000000000000000000 ) ) ;
#2360 = CARTESIAN_POINT ( 'NONE',  ( -0.08999999999999999667, 0.02999999999999999889, 0.08000000000000000167 ) ) ;
#2361 = EDGE_CURVE ( 'NONE', #2511, #1150, #738, .T. ) ;
#2362 =( NAMED_UNIT ( * ) SI_UNIT ( $, .STERADIAN. ) SOLID_ANGLE_UNIT ( ) );
#2363 = ORIENTED_EDGE ( 'NONE', *, *, #2266, .T. ) ;
#2364 =( NAMED_UNIT ( * ) SI_UNIT ( $, .STERADIAN. ) SOLID_ANGLE_UNIT ( ) );
#2365 = COLOUR_RGB ( '',0.8156862745098039102, 0.8156862745098039102, 0.8156862745098039102 ) ;
#2366 = CARTESIAN_POINT ( 'NONE',  ( -0.1000000000000000056, 0.0000000000000000000, 0.08000000000000000167 ) ) ;
#2367 = PRESENTATION_STYLE_ASSIGNMENT (( #2312 ) ) ;
#2368 = ORIENTED_EDGE ( 'NONE', *, *, #2414, .F. ) ;
#2369 = ORIENTED_EDGE ( 'NONE', *, *, #1629, .T. ) ;
#2370 = VECTOR ( 'NONE', #2504, 100.0000000000000000 ) ;
#2371 = SURFACE_STYLE_FILL_AREA ( #791 ) ;
#2372 = ORIENTED_EDGE ( 'NONE', *, *, #2027, .T. ) ;
#2373 = CARTESIAN_POINT ( 'NONE',  ( -0.06499999854713679748, 0.06750000000000000444, 0.05124999899417158333 ) ) ;
#2374 =( GEOMETRIC_REPRESENTATION_CONTEXT ( 3 ) GLOBAL_UNCERTAINTY_ASSIGNED_CONTEXT ( ( #240 ) ) GLOBAL_UNIT_ASSIGNED_CONTEXT ( ( #932, #2555, #755 ) ) REPRESENTATION_CONTEXT ( 'NONE', 'WORKASPACE' ) );
#2375 = PRESENTATION_STYLE_ASSIGNMENT (( #180 ) ) ;
#2376 = VECTOR ( 'NONE', #1790, 100.0000000000000000 ) ;
#2377 = AXIS2_PLACEMENT_3D ( 'NONE', #969, #2578, #782 ) ;
#2378 = ORIENTED_EDGE ( 'NONE', *, *, #748, .T. ) ;
#2379 = EDGE_CURVE ( 'NONE', #1743, #1562, #1746, .T. ) ;
#2380 = PLANE ( 'NONE',  #1447 ) ;
#2381 = CARTESIAN_POINT ( 'NONE',  ( -0.08499999798834320663, 0.07000000000000000666, -0.06499999843537809796 ) ) ;
#2382 = VECTOR ( 'NONE', #815, 100.0000000000000000 ) ;
#2383 = ADVANCED_FACE ( 'NONE', ( #769 ), #1531, .F. ) ;
#2384 = EDGE_CURVE ( 'NONE', #1268, #1204, #1803, .T. ) ;
#2385 = FACE_OUTER_BOUND ( 'NONE', #657, .T. ) ;
#2386 = DIRECTION ( 'NONE',  ( -0.0000000000000000000, 1.000000000000000000, -0.0000000000000000000 ) ) ;
#2387 = ORIENTED_EDGE ( 'NONE', *, *, #1729, .T. ) ;
#2388 = ORIENTED_EDGE ( 'NONE', *, *, #2104, .F. ) ;
#2389 = SURFACE_STYLE_USAGE ( .BOTH. , #2187 ) ;
#2390 = CARTESIAN_POINT ( 'NONE',  ( 0.05999999865889549949, 0.0000000000000000000, 0.08000000000000000167 ) ) ;
#2391 = CARTESIAN_POINT ( 'NONE',  ( -0.07999999932944780456, -0.0001000000000000000183, 0.04999999977648259680 ) ) ;
#2392 = LINE ( 'NONE', #2204, #1623 ) ;
#2393 = EDGE_CURVE ( 'NONE', #603, #704, #1772, .T. ) ;
#2394 = ORIENTED_EDGE ( 'NONE', *, *, #223, .F. ) ;
#2395 = PLANE ( 'NONE',  #579 ) ;
#2396 = ORIENTED_EDGE ( 'NONE', *, *, #243, .T. ) ;
#2397 = FACE_OUTER_BOUND ( 'NONE', #2285, .T. ) ;
#2398 = CARTESIAN_POINT ( 'NONE',  ( 0.07999999798834320219, 0.07000000000000000666, -0.06499999843537811184 ) ) ;
#2399 = AXIS2_PLACEMENT_3D ( 'NONE', #99, #1267, #1086 ) ;
#2400 = FACE_OUTER_BOUND ( 'NONE', #1038, .T. ) ;
#2401 = DIRECTION ( 'NONE',  ( -0.0000000000000000000, -1.000000000000000000, 0.0000000000000000000 ) ) ;
#2402 = VECTOR ( 'NONE', #2507, 100.0000000000000000 ) ;
#2403 = DIRECTION ( 'NONE',  ( 0.0000000000000000000, 1.000000000000000000, 0.0000000000000000000 ) ) ;
#2404 = CARTESIAN_POINT ( 'NONE',  ( -0.09000000000000001055, 0.0000000000000000000, -0.08000000000000000167 ) ) ;
#2405 = CARTESIAN_POINT ( 'NONE',  ( -0.08999999999999999667, 0.02999999999999999889, -0.08000000000000000167 ) ) ;
#2406 = UNCERTAINTY_MEASURE_WITH_UNIT (LENGTH_MEASURE( 1.000000000000000082E-05 ), #1754, 'distance_accuracy_value', 'NONE');
#2407 = CARTESIAN_POINT ( 'NONE',  ( 0.08499999798834320663, 0.06500000000000000222, -0.05999999843537810046 ) ) ;
#2408 =( GEOMETRIC_REPRESENTATION_CONTEXT ( 3 ) GLOBAL_UNCERTAINTY_ASSIGNED_CONTEXT ( ( #2406 ) ) GLOBAL_UNIT_ASSIGNED_CONTEXT ( ( #1754, #563, #374 ) ) REPRESENTATION_CONTEXT ( 'NONE', 'WORKASPACE' ) );
#2409 = ORIENTED_EDGE ( 'NONE', *, *, #190, .F. ) ;
#2410 = STYLED_ITEM ( 'NONE', ( #441 ), #940 ) ;
#2411 = ADVANCED_FACE ( 'NONE', ( #810 ), #1816, .T. ) ;
#2412 = DIRECTION ( 'NONE',  ( 1.000000000000000000, -0.0000000000000000000, 0.0000000000000000000 ) ) ;
#2413 = ORIENTED_EDGE ( 'NONE', *, *, #1010, .F. ) ;
#2414 = EDGE_CURVE ( 'NONE', #495, #1608, #164, .T. ) ;
#2415 = AXIS2_PLACEMENT_3D ( 'NONE', #640, #250, #1046 ) ;
#2416 = ADVANCED_FACE ( 'NONE', ( #1013 ), #2190, .T. ) ;
#2417 = PLANE ( 'NONE',  #1327 ) ;
#2418 = AXIS2_PLACEMENT_3D ( 'NONE', #2223, #1972, #1809 ) ;
#2419 = DIRECTION ( 'NONE',  ( 0.0000000000000000000, 0.0000000000000000000, -1.000000000000000000 ) ) ;
#2420 = CARTESIAN_POINT ( 'NONE',  ( 0.1000000000000000056, -0.0001000000000000000183, -0.01999999955296519541 ) ) ;
#2421 = CARTESIAN_POINT ( 'NONE',  ( 0.1000000000000000056, 0.0000000000000000000, -0.07000000000000000666 ) ) ;
#2422 = PRESENTATION_STYLE_ASSIGNMENT (( #1200 ) ) ;
#2423 = DIRECTION ( 'NONE',  ( 0.0000000000000000000, 1.000000000000000000, 0.0000000000000000000 ) ) ;
#2424 = VECTOR ( 'NONE', #2136, 100.0000000000000000 ) ;
#2425 = DIRECTION ( 'NONE',  ( -1.000000000000000000, 0.0000000000000000000, -0.0000000000000000000 ) ) ;
#2426 = ORIENTED_EDGE ( 'NONE', *, *, #2414, .T. ) ;
#2427 = CARTESIAN_POINT ( 'NONE',  ( 0.08999999798834319720, 0.05999999999999999778, -0.06499999843537809796 ) ) ;
#2428 = ORIENTED_EDGE ( 'NONE', *, *, #1126, .T. ) ;
#2429 = CARTESIAN_POINT ( 'NONE',  ( -0.05999999865889549949, 0.0000000000000000000, 0.08000000000000000167 ) ) ;
#2430 = EDGE_CURVE ( 'NONE', #354, #1222, #37, .T. ) ;
#2431 = FILL_AREA_STYLE_COLOUR ( '', #242 ) ;
#2432 = DIRECTION ( 'NONE',  ( 0.0000000000000000000, 0.0000000000000000000, 1.000000000000000000 ) ) ;
#2433 = DIRECTION ( 'NONE',  ( 0.0000000000000000000, 0.0000000000000000000, 1.000000000000000000 ) ) ;
#2434 = UNCERTAINTY_MEASURE_WITH_UNIT (LENGTH_MEASURE( 1.000000000000000082E-05 ), #1716, 'distance_accuracy_value', 'NONE');
#2435 = DIRECTION ( 'NONE',  ( 0.0000000000000000000, 0.0000000000000000000, 1.000000000000000000 ) ) ;
#2436 = LINE ( 'NONE', #2242, #64 ) ;
#2437 = ORIENTED_EDGE ( 'NONE', *, *, #1241, .F. ) ;
#2438 = DIRECTION ( 'NONE',  ( 0.0000000000000000000, -1.000000000000000000, 0.0000000000000000000 ) ) ;
#2439 = VERTEX_POINT ( 'NONE', #2405 ) ;
#2440 = DIRECTION ( 'NONE',  ( 1.000000000000000000, 0.0000000000000000000, -0.0000000000000000000 ) ) ;
#2441 = EDGE_CURVE ( 'NONE', #1136, #372, #801, .T. ) ;
#2442 = DIRECTION ( 'NONE',  ( -1.000000000000000000, 0.0000000000000000000, -0.0000000000000000000 ) ) ;
#2443 = DIRECTION ( 'NONE',  ( -0.0000000000000000000, 1.000000000000000000, -0.0000000000000000000 ) ) ;
#2444 = STYLED_ITEM ( 'NONE', ( #688 ), #138 ) ;
#2445 = PLANE ( 'NONE',  #32 ) ;
#2446 = ORIENTED_EDGE ( 'NONE', *, *, #799, .F. ) ;
#2447 = ORIENTED_EDGE ( 'NONE', *, *, #2441, .F. ) ;
#2448 = FACE_OUTER_BOUND ( 'NONE', #716, .T. ) ;
#2449 = AXIS2_PLACEMENT_3D ( 'NONE', #1306, #2359, #720 ) ;
#2450 = ORIENTED_EDGE ( 'NONE', *, *, #1398, .T. ) ;
#2451 = LINE ( 'NONE', #653, #1995 ) ;
#2452 = VECTOR ( 'NONE', #439, 100.0000000000000000 ) ;
#2453 = STYLED_ITEM ( 'NONE', ( #760 ), #1443 ) ;
#2454 = CARTESIAN_POINT ( 'NONE',  ( 0.08499999798834320663, 0.06500000000000000222, 0.0000000000000000000 ) ) ;
#2455 = ORIENTED_EDGE ( 'NONE', *, *, #382, .T. ) ;
#2456 = LINE ( 'NONE', #875, #1939 ) ;
#2457 = VECTOR ( 'NONE', #1802, 100.0000000000000000 ) ;
#2458 = PLANE ( 'NONE',  #1694 ) ;
#2459 = AXIS2_PLACEMENT_3D ( 'NONE', #1259, #2102, #1107 ) ;
#2460 =( NAMED_UNIT ( * ) PLANE_ANGLE_UNIT ( ) SI_UNIT ( $, .RADIAN. ) );
#2461 = CARTESIAN_POINT ( 'NONE',  ( -0.1000000000000000056, 0.0000000000000000000, -0.01999999999999999695 ) ) ;
#2462 = DIRECTION ( 'NONE',  ( 1.000000000000000000, 0.0000000000000000000, -0.0000000000000000000 ) ) ;
#2463 = EDGE_CURVE ( 'NONE', #381, #615, #2392, .T. ) ;
#2464 = EDGE_CURVE ( 'NONE', #500, #1934, #839, .T. ) ;
#2465 = ORIENTED_EDGE ( 'NONE', *, *, #261, .F. ) ;
#2466 = CARTESIAN_POINT ( 'NONE',  ( 0.07999999798834320219, 0.06500000000000000222, -0.05999999843537810046 ) ) ;
#2467 = VECTOR ( 'NONE', #628, 100.0000000000000000 ) ;
#2468 = VERTEX_POINT ( 'NONE', #597 ) ;
#2469 = COLOUR_RGB ( '',0.6274509803921568540, 0.6274509803921568540, 0.6274509803921568540 ) ;
#2470 = DIRECTION ( 'NONE',  ( -0.0000000000000000000, -1.000000000000000000, -0.0000000000000000000 ) ) ;
#2471 = FILL_AREA_STYLE ('',( #1286 ) ) ;
#2472 = CARTESIAN_POINT ( 'NONE',  ( -0.04999999854713678415, 0.06875000000000000555, 0.03749999899417158500 ) ) ;
#2473 = CARTESIAN_POINT ( 'NONE',  ( -0.04749999854713679581, 0.07000000000000000666, 0.05374999899417159943 ) ) ;
#2474 = FACE_OUTER_BOUND ( 'NONE', #356, .T. ) ;
#2475 = DIRECTION ( 'NONE',  ( -2.312964617402810242E-16, 0.0000000000000000000, 1.000000000000000000 ) ) ;
#2476 = ORIENTED_EDGE ( 'NONE', *, *, #1272, .F. ) ;
#2477 = DIRECTION ( 'NONE',  ( 0.0000000000000000000, 0.0000000000000000000, 1.000000000000000000 ) ) ;
#2478 = EDGE_CURVE ( 'NONE', #377, #1546, #620, .T. ) ;
#2479 = VERTEX_POINT ( 'NONE', #2006 ) ;
#2480 = LINE ( 'NONE', #1469, #1578 ) ;
#2481 = PRESENTATION_STYLE_ASSIGNMENT (( #846 ) ) ;
#2482 = PRESENTATION_STYLE_ASSIGNMENT (( #2061 ) ) ;
#2483 = CARTESIAN_POINT ( 'NONE',  ( 0.05999999865889549949, -0.0001000000000000000183, 0.07999999999999998779 ) ) ;
#2484 = CLOSED_SHELL ( 'NONE', ( #2490, #1681, #474, #2492, #138, #856, #940, #2295, #2576, #1551 ) ) ;
#2485 = CARTESIAN_POINT ( 'NONE',  ( 0.1000000000000000056, 0.02999999999999999889, 0.07000000000000000666 ) ) ;
#2486 = CARTESIAN_POINT ( 'NONE',  ( 0.08999999999999999667, 0.0000000000000000000, 0.08000000000000000167 ) ) ;
#2487 = SURFACE_STYLE_FILL_AREA ( #2509 ) ;
#2488 = ORIENTED_EDGE ( 'NONE', *, *, #2331, .T. ) ;
#2489 = VERTEX_POINT ( 'NONE', #1429 ) ;
#2490 = ADVANCED_FACE ( 'NONE', ( #2240 ), #1069, .F. ) ;
#2491 = PLANE ( 'NONE',  #286 ) ;
#2492 = ADVANCED_FACE ( 'NONE', ( #877 ), #2445, .T. ) ;
#2493 = STYLED_ITEM ( 'NONE', ( #1781 ), #1228 ) ;
#2494 = CARTESIAN_POINT ( 'NONE',  ( -0.06499999854713681136, 0.06749999999999999056, 0.05198223204120522994 ) ) ;
#2495 = CARTESIAN_POINT ( 'NONE',  ( -0.05999999865889549949, 0.0000000000000000000, 0.01999999955296519541 ) ) ;
#2496 =( GEOMETRIC_REPRESENTATION_CONTEXT ( 3 ) GLOBAL_UNCERTAINTY_ASSIGNED_CONTEXT ( ( #2179 ) ) GLOBAL_UNIT_ASSIGNED_CONTEXT ( ( #1076, #299, #1875 ) ) REPRESENTATION_CONTEXT ( 'NONE', 'WORKASPACE' ) );
#2497 = CARTESIAN_POINT ( 'NONE',  ( -0.06499999854713681136, 0.06875000000000000555, 0.03749999899417158500 ) ) ;
#2498 = DIRECTION ( 'NONE',  ( 0.0000000000000000000, -0.0000000000000000000, 1.000000000000000000 ) ) ;
#2499 = AXIS2_PLACEMENT_3D ( 'NONE', #452, #1886, #2051 ) ;
#2500 = DIRECTION ( 'NONE',  ( 0.0000000000000000000, 0.0000000000000000000, 1.000000000000000000 ) ) ;
#2501 = CYLINDRICAL_SURFACE ( 'NONE', #459, 0.005000000000000002706 ) ;
#2502 = ORIENTED_EDGE ( 'NONE', *, *, #103, .T. ) ;
#2503 = ORIENTED_EDGE ( 'NONE', *, *, #2379, .F. ) ;
#2504 = DIRECTION ( 'NONE',  ( 0.0000000000000000000, 1.000000000000000000, 0.0000000000000000000 ) ) ;
#2505 = DIRECTION ( 'NONE',  ( -1.000000000000000000, 0.0000000000000000000, -2.312964634635739999E-16 ) ) ;
#2506 = ADVANCED_FACE ( 'NONE', ( #1675 ), #1665, .F. ) ;
#2507 = DIRECTION ( 'NONE',  ( -0.0000000000000000000, 0.0000000000000000000, 1.000000000000000000 ) ) ;
#2508 = FILL_AREA_STYLE_COLOUR ( '', #2546 ) ;
#2509 = FILL_AREA_STYLE ('',( #2063 ) ) ;
#2510 = FACE_OUTER_BOUND ( 'NONE', #802, .T. ) ;
#2511 = VERTEX_POINT ( 'NONE', #491 ) ;
#2512 = ORIENTED_EDGE ( 'NONE', *, *, #739, .F. ) ;
#2513 = PRODUCT_DEFINITION_CONTEXT ( 'detailed design', #2138, 'design' ) ;
#2514 = CARTESIAN_POINT ( 'NONE',  ( -0.08499999798834320663, 0.06500000000000000222, 0.0000000000000000000 ) ) ;
#2515 = ORIENTED_EDGE ( 'NONE', *, *, #1926, .T. ) ;
#2516 = SURFACE_STYLE_FILL_AREA ( #1497 ) ;
#2517 = CARTESIAN_POINT ( 'NONE',  ( -0.06499999854713679748, 0.07000000000000000666, 0.03624999899417159083 ) ) ;
#2518 = ADVANCED_FACE ( 'NONE', ( #2474 ), #2090, .T. ) ;
#2519 = FILL_AREA_STYLE ('',( #2508 ) ) ;
#2520 =( NAMED_UNIT ( * ) PLANE_ANGLE_UNIT ( ) SI_UNIT ( $, .RADIAN. ) );
#2521 =( BOUNDED_SURFACE ( )  B_SPLINE_SURFACE ( 3, 3, ( 
 ( #1974, #185, #1185, #1771 ),
 ( #1591, #784, #1403, #998 ),
 ( #238, #1024, #1559, #1789 ),
 ( #2189, #596, #2203, #2582 ) ),
 .UNSPECIFIED., .F., .F., .F. ) 
 B_SPLINE_SURFACE_WITH_KNOTS ( ( 4, 4 ),
 ( 4, 4 ),
 ( 0.0000000000000000000, 1.000000000000000000 ),
 ( 0.0000000000000000000, 1.000000000000000000 ),
 .UNSPECIFIED. ) 
 GEOMETRIC_REPRESENTATION_ITEM ( )  RATIONAL_B_SPLINE_SURFACE ( (
 ( 1.000000000000000000, 0.3333333333333334259, 0.3333333333333334259, 1.000000000000000000),
 ( 0.8047378541243690453, 0.2682459513747897373, 0.2682459513747897373, 0.8047378541243690453),
 ( 0.8047378541243690453, 0.2682459513747897373, 0.2682459513747897373, 0.8047378541243690453),
 ( 1.000000000000000000, 0.3333333333333334259, 0.3333333333333334259, 1.000000000000000000) ) ) 
 REPRESENTATION_ITEM ( '' )  SURFACE ( )  );
#2522 = VECTOR ( 'NONE', #2423, 100.0000000000000000 ) ;
#2523 = SURFACE_STYLE_FILL_AREA ( #380 ) ;
#2524 = ORIENTED_EDGE ( 'NONE', *, *, #338, .F. ) ;
#2525 = PRESENTATION_LAYER_ASSIGNMENT (  '', '', ( #2444 ) ) ;
#2526 = ORIENTED_EDGE ( 'NONE', *, *, #462, .F. ) ;
#2527 = CARTESIAN_POINT ( 'NONE',  ( 0.1000000000000000056, 0.0000000000000000000, -0.07000000000000000666 ) ) ;
#2528 = AXIS2_PLACEMENT_3D ( 'NONE', #1238, #2403, #18 ) ;
#2529 = ORIENTED_EDGE ( 'NONE', *, *, #2594, .T. ) ;
#2530 = SURFACE_SIDE_STYLE ('',( #2516 ) ) ;
#2531 = CARTESIAN_POINT ( 'NONE',  ( -0.06499999854713681136, 0.07000000000000000666, 0.03698223204120523050 ) ) ;
#2532 = DIRECTION ( 'NONE',  ( -1.000000000000000000, 0.0000000000000000000, -0.0000000000000000000 ) ) ;
#2533 = COLOUR_RGB ( '',0.8156862745098039102, 0.8156862745098039102, 0.8156862745098039102 ) ;
#2534 =( LENGTH_UNIT ( ) NAMED_UNIT ( * ) SI_UNIT ( .CENTI., .METRE. ) );
#2535 = ORIENTED_EDGE ( 'NONE', *, *, #212, .F. ) ;
#2536 = VECTOR ( 'NONE', #2475, 100.0000000000000000 ) ;
#2537 = CARTESIAN_POINT ( 'NONE',  ( -0.07999999854713683856, 0.06875000000000000555, 0.03749999899417160582 ) ) ;
#2538 = VECTOR ( 'NONE', #2335, 100.0000000000000000 ) ;
#2539 = PRESENTATION_STYLE_ASSIGNMENT (( #1962 ) ) ;
#2540 = DIRECTION ( 'NONE',  ( -0.0000000000000000000, -1.000000000000000000, -0.0000000000000000000 ) ) ;
#2541 = EDGE_LOOP ( 'NONE', ( #1305, #984, #1976, #118 ) ) ;
#2542 = EDGE_CURVE ( 'NONE', #1565, #2602, #75, .T. ) ;
#2543 = AXIS2_PLACEMENT_3D ( 'NONE', #2366, #584, #1394 ) ;
#2544 = CARTESIAN_POINT ( 'NONE',  ( -0.08499999798834320663, 0.05999999999999999778, -0.06499999843537809796 ) ) ;
#2545 = STYLED_ITEM ( 'NONE', ( #2367 ), #2383 ) ;
#2546 = COLOUR_RGB ( '',0.8156862745098039102, 0.8156862745098039102, 0.8156862745098039102 ) ;
#2547 = ORIENTED_EDGE ( 'NONE', *, *, #1892, .T. ) ;
#2548 = LINE ( 'NONE', #2108, #248 ) ;
#2549 = AXIS2_PLACEMENT_3D ( 'NONE', #1276, #1855, #1461 ) ;
#2550 = VECTOR ( 'NONE', #2193, 100.0000000000000000 ) ;
#2551 = PLANE ( 'NONE',  #29 ) ;
#2552 = ORIENTED_EDGE ( 'NONE', *, *, #365, .T. ) ;
#2553 = CARTESIAN_POINT ( 'NONE',  ( -0.06499999854713681136, 0.06749999999999999056, 0.03801776594713796031 ) ) ;
#2554 =( LENGTH_UNIT ( ) NAMED_UNIT ( * ) SI_UNIT ( .CENTI., .METRE. ) );
#2555 =( NAMED_UNIT ( * ) PLANE_ANGLE_UNIT ( ) SI_UNIT ( $, .RADIAN. ) );
#2556 = ORIENTED_EDGE ( 'NONE', *, *, #1272, .T. ) ;
#2557 = ORIENTED_EDGE ( 'NONE', *, *, #2237, .F. ) ;
#2558 = EDGE_CURVE ( 'NONE', #1494, #652, #698, .T. ) ;
#2559 = FILL_AREA_STYLE_COLOUR ( '', #534 ) ;
#2560 = ORIENTED_EDGE ( 'NONE', *, *, #1262, .T. ) ;
#2561 = DIRECTION ( 'NONE',  ( 0.0000000000000000000, 0.0000000000000000000, 1.000000000000000000 ) ) ;
#2562 = FILL_AREA_STYLE_COLOUR ( '', #2365 ) ;
#2563 = LINE ( 'NONE', #1713, #1609 ) ;
#2564 = ORIENTED_EDGE ( 'NONE', *, *, #2558, .T. ) ;
#2565 = SURFACE_STYLE_USAGE ( .BOTH. , #1930 ) ;
#2566 = UNCERTAINTY_MEASURE_WITH_UNIT (LENGTH_MEASURE( 1.000000000000000082E-05 ), #2357, 'distance_accuracy_value', 'NONE');
#2567 = ORIENTED_EDGE ( 'NONE', *, *, #748, .F. ) ;
#2568 = DIRECTION ( 'NONE',  ( -0.0000000000000000000, 0.0000000000000000000, 1.000000000000000000 ) ) ;
#2569 = ORIENTED_EDGE ( 'NONE', *, *, #2347, .F. ) ;
#2570 = CARTESIAN_POINT ( 'NONE',  ( -0.1000000000000000056, -0.0001000000000000000183, 0.08000000000000000167 ) ) ;
#2571 = VECTOR ( 'NONE', #470, 100.0000000000000000 ) ;
#2572 = SURFACE_SIDE_STYLE ('',( #1140 ) ) ;
#2573 = EDGE_CURVE ( 'NONE', #279, #988, #296, .T. ) ;
#2574 = SURFACE_SIDE_STYLE ('',( #580 ) ) ;
#2575 = EDGE_CURVE ( 'NONE', #323, #1562, #370, .T. ) ;
#2576 = ADVANCED_FACE ( 'NONE', ( #2253 ), #277, .F. ) ;
#2577 = ORIENTED_EDGE ( 'NONE', *, *, #274, .T. ) ;
#2578 = DIRECTION ( 'NONE',  ( -0.0000000000000000000, 1.000000000000000000, -0.0000000000000000000 ) ) ;
#2579 = VECTOR ( 'NONE', #2078, 100.0000000000000000 ) ;
#2580 = LINE ( 'NONE', #433, #1194 ) ;
#2581 = AXIS2_PLACEMENT_3D ( 'NONE', #1718, #528, #114 ) ;
#2582 = CARTESIAN_POINT ( 'NONE',  ( -0.06499999854713681136, 0.06875000000000000555, 0.03749999899417158500 ) ) ;
#2583 = SURFACE_STYLE_FILL_AREA ( #1382 ) ;
#2584 = CIRCLE ( 'NONE', #2323, 0.005000000000000002706 ) ;
#2585 = VERTEX_POINT ( 'NONE', #97 ) ;
#2586 = ORIENTED_EDGE ( 'NONE', *, *, #1258, .F. ) ;
#2587 = AXIS2_PLACEMENT_3D ( 'NONE', #886, #1091, #2060 ) ;
#2588 = ORIENTED_EDGE ( 'NONE', *, *, #1261, .F. ) ;
#2589 = AXIS2_PLACEMENT_3D ( 'NONE', #2212, #378, #1757 ) ;
#2590 = VECTOR ( 'NONE', #1631, 100.0000000000000000 ) ;
#2591 = MECHANICAL_DESIGN_GEOMETRIC_PRESENTATION_REPRESENTATION (  '', ( #1958 ), #1005 ) ;
#2592 = SURFACE_STYLE_FILL_AREA ( #1379 ) ;
#2593 = VECTOR ( 'NONE', #2046, 100.0000000000000000 ) ;
#2594 = EDGE_CURVE ( 'NONE', #1234, #2265, #901, .T. ) ;
#2595 = DIRECTION ( 'NONE',  ( 0.0000000000000000000, -1.000000000000000000, 0.0000000000000000000 ) ) ;
#2596 = CARTESIAN_POINT ( 'NONE',  ( 0.08499999798834320663, 0.07000000000000000666, 0.06499999843537809796 ) ) ;
#2597 = AXIS2_PLACEMENT_3D ( 'NONE', #2080, #1088, #1656 ) ;
#2598 = FILL_AREA_STYLE_COLOUR ( '', #1321 ) ;
#2599 = DIRECTION ( 'NONE',  ( -1.000000000000000000, 0.0000000000000000000, 0.0000000000000000000 ) ) ;
#2600 = UNCERTAINTY_MEASURE_WITH_UNIT (LENGTH_MEASURE( 1.000000000000000082E-05 ), #1957, 'distance_accuracy_value', 'NONE');
#2601 = ORIENTED_EDGE ( 'NONE', *, *, #1444, .T. ) ;
#2602 = VERTEX_POINT ( 'NONE', #700 ) ;
#2603 = ORIENTED_EDGE ( 'NONE', *, *, #1835, .T. ) ;
#2604 = DIRECTION ( 'NONE',  ( 0.0000000000000000000, 1.000000000000000000, 0.0000000000000000000 ) ) ;
ENDSEC;
END-ISO-10303-21;
